module_id,trait_in,trait_out,in_name,out_name,subpathway_cn,subpathway_en,pathway_class,rule_confidence,ratio_trait,direction_sign,suggested_forward_ratio_expr,suggested_reverse_ratio_expr,suggested_forward_ratio_name,suggested_reverse_ratio_name,fill_rule,note,norm_fwd,norm_rev
M_1,GCST90199648,GCST90200440,"1,5-anhydroglucitol (1,5-ag)",Glucose,己糖/二糖支路,Hexose/Disaccharide Branch,中心碳水化合物代谢（糖酵解/糖异生/磷酸戊糖途径）,低,,,GCST90200440 / GCST90199648,GCST90199648 / GCST90200440,"Glucose / 1,5-anhydroglucitol (1,5-ag)","1,5-anhydroglucitol (1,5-ag) / Glucose",若 ratio_trait 表示 out/in，则 direction_sign=+1；若表示 in/out，则 direction_sign=-1；若该模块无合适 ratio，则留空。,"Fill +1 for out/in-like forward support, -1 for in/out-like reverse support",gcst90200440/gcst90199648,gcst90199648/gcst90200440
M_2,GCST90199623,GCST90200440,Maltotriose,Glucose,己糖/二糖支路,Hexose/Disaccharide Branch,中心碳水化合物代谢（糖酵解/糖异生/磷酸戊糖途径）,高,,,GCST90200440 / GCST90199623,GCST90199623 / GCST90200440,Glucose / Maltotriose,Maltotriose / Glucose,若 ratio_trait 表示 out/in，则 direction_sign=+1；若表示 in/out，则 direction_sign=-1；若该模块无合适 ratio，则留空。,"Fill +1 for out/in-like forward support, -1 for in/out-like reverse support",gcst90200440/gcst90199623,gcst90199623/gcst90200440
M_3,GCST90199623,GCST90200447,Maltotriose,Maltose,己糖/二糖支路,Hexose/Disaccharide Branch,中心碳水化合物代谢（糖酵解/糖异生/磷酸戊糖途径）,高,,,GCST90200447 / GCST90199623,GCST90199623 / GCST90200447,Maltose / Maltotriose,Maltotriose / Maltose,若 ratio_trait 表示 out/in，则 direction_sign=+1；若表示 in/out，则 direction_sign=-1；若该模块无合适 ratio，则留空。,"Fill +1 for out/in-like forward support, -1 for in/out-like reverse support",gcst90200447/gcst90199623,gcst90199623/gcst90200447
M_4,GCST90199973,GCST90200440,Methyl glucopyranoside (alpha + beta),Glucose,己糖/二糖支路,Hexose/Disaccharide Branch,中心碳水化合物代谢（糖酵解/糖异生/磷酸戊糖途径）,中,,,GCST90200440 / GCST90199973,GCST90199973 / GCST90200440,Glucose / Methyl glucopyranoside (alpha + beta),Methyl glucopyranoside (alpha + beta) / Glucose,若 ratio_trait 表示 out/in，则 direction_sign=+1；若表示 in/out，则 direction_sign=-1；若该模块无合适 ratio，则留空。,"Fill +1 for out/in-like forward support, -1 for in/out-like reverse support",gcst90200440/gcst90199973,gcst90199973/gcst90200440
M_5,GCST90200435,GCST90200437,Mannose,Fructose,己糖/二糖支路,Hexose/Disaccharide Branch,中心碳水化合物代谢（糖酵解/糖异生/磷酸戊糖途径）,高,GCST90200951,-1.0,GCST90200437 / GCST90200435,GCST90200435 / GCST90200437,Fructose / Mannose,Mannose / Fructose,若 ratio_trait 表示 out/in，则 direction_sign=+1；若表示 in/out，则 direction_sign=-1；若该模块无合适 ratio，则留空。,"Fill +1 for out/in-like forward support, -1 for in/out-like reverse support",gcst90200437/gcst90200435,gcst90200435/gcst90200437
M_6,GCST90200435,GCST90199818,Mannose,Mannitol/sorbitol,己糖/二糖支路,Hexose/Disaccharide Branch,中心碳水化合物代谢（糖酵解/糖异生/磷酸戊糖途径）,中,,,GCST90199818 / GCST90200435,GCST90200435 / GCST90199818,Mannitol/sorbitol / Mannose,Mannose / Mannitol/sorbitol,若 ratio_trait 表示 out/in，则 direction_sign=+1；若表示 in/out，则 direction_sign=-1；若该模块无合适 ratio，则留空。,"Fill +1 for out/in-like forward support, -1 for in/out-like reverse support",gcst90199818/gcst90200435,gcst90200435/gcst90199818
M_7,GCST90200435,GCST90199932,Mannose,Mannonate,己糖/二糖支路,Hexose/Disaccharide Branch,中心碳水化合物代谢（糖酵解/糖异生/磷酸戊糖途径）,中,,,GCST90199932 / GCST90200435,GCST90200435 / GCST90199932,Mannonate / Mannose,Mannose / Mannonate,若 ratio_trait 表示 out/in，则 direction_sign=+1；若表示 in/out，则 direction_sign=-1；若该模块无合适 ratio，则留空。,"Fill +1 for out/in-like forward support, -1 for in/out-like reverse support",gcst90199932/gcst90200435,gcst90200435/gcst90199932
M_8,GCST90200437,GCST90200440,Fructose,Glucose,己糖/二糖支路,Hexose/Disaccharide Branch,中心碳水化合物代谢（糖酵解/糖异生/磷酸戊糖途径）,中,GCST90200915,1.0,GCST90200440 / GCST90200437,GCST90200437 / GCST90200440,Glucose / Fructose,Fructose / Glucose,若 ratio_trait 表示 out/in，则 direction_sign=+1；若表示 in/out，则 direction_sign=-1；若该模块无合适 ratio，则留空。,"Fill +1 for out/in-like forward support, -1 for in/out-like reverse support",gcst90200440/gcst90200437,gcst90200437/gcst90200440
M_9,GCST90200437,GCST90200430,Fructose,Pyruvate,己糖/二糖支路,Hexose/Disaccharide Branch,中心碳水化合物代谢（糖酵解/糖异生/磷酸戊糖途径）,高,,,GCST90200430 / GCST90200437,GCST90200437 / GCST90200430,Pyruvate / Fructose,Fructose / Pyruvate,若 ratio_trait 表示 out/in，则 direction_sign=+1；若表示 in/out，则 direction_sign=-1；若该模块无合适 ratio，则留空。,"Fill +1 for out/in-like forward support, -1 for in/out-like reverse support",gcst90200430/gcst90200437,gcst90200437/gcst90200430
M_10,GCST90200440,GCST90200437,Glucose,Fructose,己糖/二糖支路,Hexose/Disaccharide Branch,中心碳水化合物代谢（糖酵解/糖异生/磷酸戊糖途径）,中,GCST90200915,-1.0,GCST90200437 / GCST90200440,GCST90200440 / GCST90200437,Fructose / Glucose,Glucose / Fructose,若 ratio_trait 表示 out/in，则 direction_sign=+1；若表示 in/out，则 direction_sign=-1；若该模块无合适 ratio，则留空。,"Fill +1 for out/in-like forward support, -1 for in/out-like reverse support",gcst90200437/gcst90200440,gcst90200440/gcst90200437
M_11,GCST90200440,GCST90199818,Glucose,Mannitol/sorbitol,己糖/二糖支路,Hexose/Disaccharide Branch,中心碳水化合物代谢（糖酵解/糖异生/磷酸戊糖途径）,高,,,GCST90199818 / GCST90200440,GCST90200440 / GCST90199818,Mannitol/sorbitol / Glucose,Glucose / Mannitol/sorbitol,若 ratio_trait 表示 out/in，则 direction_sign=+1；若表示 in/out，则 direction_sign=-1；若该模块无合适 ratio，则留空。,"Fill +1 for out/in-like forward support, -1 for in/out-like reverse support",gcst90199818/gcst90200440,gcst90200440/gcst90199818
M_12,GCST90200440,GCST90200430,Glucose,Pyruvate,己糖/二糖支路,Hexose/Disaccharide Branch,中心碳水化合物代谢（糖酵解/糖异生/磷酸戊糖途径）,高,,,GCST90200430 / GCST90200440,GCST90200440 / GCST90200430,Pyruvate / Glucose,Glucose / Pyruvate,若 ratio_trait 表示 out/in，则 direction_sign=+1；若表示 in/out，则 direction_sign=-1；若该模块无合适 ratio，则留空。,"Fill +1 for out/in-like forward support, -1 for in/out-like reverse support",gcst90200430/gcst90200440,gcst90200440/gcst90200430
M_13,GCST90200447,GCST90200440,Maltose,Glucose,己糖/二糖支路,Hexose/Disaccharide Branch,中心碳水化合物代谢（糖酵解/糖异生/磷酸戊糖途径）,高,GCST90200781,1.0,GCST90200440 / GCST90200447,GCST90200447 / GCST90200440,Glucose / Maltose,Maltose / Glucose,若 ratio_trait 表示 out/in，则 direction_sign=+1；若表示 in/out，则 direction_sign=-1；若该模块无合适 ratio，则留空。,"Fill +1 for out/in-like forward support, -1 for in/out-like reverse support",gcst90200440/gcst90200447,gcst90200447/gcst90200440
M_14,GCST90200449,GCST90200437,Sucrose,Fructose,己糖/二糖支路,Hexose/Disaccharide Branch,中心碳水化合物代谢（糖酵解/糖异生/磷酸戊糖途径）,高,GCST90200916,1.0,GCST90200437 / GCST90200449,GCST90200449 / GCST90200437,Fructose / Sucrose,Sucrose / Fructose,若 ratio_trait 表示 out/in，则 direction_sign=+1；若表示 in/out，则 direction_sign=-1；若该模块无合适 ratio，则留空。,"Fill +1 for out/in-like forward support, -1 for in/out-like reverse support",gcst90200437/gcst90200449,gcst90200449/gcst90200437
M_15,GCST90200449,GCST90200440,Sucrose,Glucose,己糖/二糖支路,Hexose/Disaccharide Branch,中心碳水化合物代谢（糖酵解/糖异生/磷酸戊糖途径）,高,GCST90200913,1.0,GCST90200440 / GCST90200449,GCST90200449 / GCST90200440,Glucose / Sucrose,Sucrose / Glucose,若 ratio_trait 表示 out/in，则 direction_sign=+1；若表示 in/out，则 direction_sign=-1；若该模块无合适 ratio，则留空。,"Fill +1 for out/in-like forward support, -1 for in/out-like reverse support",gcst90200440/gcst90200449,gcst90200449/gcst90200440
M_16,GCST90199678,GCST90200440,Tartronate (hydroxymalonate),Glucose,多元醇/糖醛酸支路,Polyol/Uronic Acid Branch,中心碳水化合物代谢（糖酵解/糖异生/磷酸戊糖途径）,低,,,GCST90200440 / GCST90199678,GCST90199678 / GCST90200440,Glucose / Tartronate (hydroxymalonate),Tartronate (hydroxymalonate) / Glucose,若 ratio_trait 表示 out/in，则 direction_sign=+1；若表示 in/out，则 direction_sign=-1；若该模块无合适 ratio，则留空。,"Fill +1 for out/in-like forward support, -1 for in/out-like reverse support",gcst90200440/gcst90199678,gcst90199678/gcst90200440
M_17,GCST90199687,GCST90200440,Threonate,Glucose,多元醇/糖醛酸支路,Polyol/Uronic Acid Branch,中心碳水化合物代谢（糖酵解/糖异生/磷酸戊糖途径）,低,,,GCST90200440 / GCST90199687,GCST90199687 / GCST90200440,Glucose / Threonate,Threonate / Glucose,若 ratio_trait 表示 out/in，则 direction_sign=+1；若表示 in/out，则 direction_sign=-1；若该模块无合适 ratio，则留空。,"Fill +1 for out/in-like forward support, -1 for in/out-like reverse support",gcst90200440/gcst90199687,gcst90199687/gcst90200440
M_18,GCST90199667,GCST90200440,Erythritol,Glucose,多元醇/糖醛酸支路,Polyol/Uronic Acid Branch,中心碳水化合物代谢（糖酵解/糖异生/磷酸戊糖途径）,低,,,GCST90200440 / GCST90199667,GCST90199667 / GCST90200440,Glucose / Erythritol,Erythritol / Glucose,若 ratio_trait 表示 out/in，则 direction_sign=+1；若表示 in/out，则 direction_sign=-1；若该模块无合适 ratio，则留空。,"Fill +1 for out/in-like forward support, -1 for in/out-like reverse support",gcst90200440/gcst90199667,gcst90199667/gcst90200440
M_19,GCST90199642,GCST90200011,Ribitol,Arabitol/xylitol,多元醇/糖醛酸支路,Polyol/Uronic Acid Branch,中心碳水化合物代谢（糖酵解/糖异生/磷酸戊糖途径）,低,,,GCST90200011 / GCST90199642,GCST90199642 / GCST90200011,Arabitol/xylitol / Ribitol,Ribitol / Arabitol/xylitol,若 ratio_trait 表示 out/in，则 direction_sign=+1；若表示 in/out，则 direction_sign=-1；若该模块无合适 ratio，则留空。,"Fill +1 for out/in-like forward support, -1 for in/out-like reverse support",gcst90200011/gcst90199642,gcst90199642/gcst90200011
M_20,GCST90199797,GCST90200440,Gulonate,Glucose,多元醇/糖醛酸支路,Polyol/Uronic Acid Branch,中心碳水化合物代谢（糖酵解/糖异生/磷酸戊糖途径）,低,,,GCST90200440 / GCST90199797,GCST90199797 / GCST90200440,Glucose / Gulonate,Gulonate / Glucose,若 ratio_trait 表示 out/in，则 direction_sign=+1；若表示 in/out，则 direction_sign=-1；若该模块无合适 ratio，则留空。,"Fill +1 for out/in-like forward support, -1 for in/out-like reverse support",gcst90200440/gcst90199797,gcst90199797/gcst90200440
M_21,GCST90199818,GCST90200435,Mannitol/sorbitol,Mannose,多元醇/糖醛酸支路,Polyol/Uronic Acid Branch,中心碳水化合物代谢（糖酵解/糖异生/磷酸戊糖途径）,中,,,GCST90200435 / GCST90199818,GCST90199818 / GCST90200435,Mannose / Mannitol/sorbitol,Mannitol/sorbitol / Mannose,若 ratio_trait 表示 out/in，则 direction_sign=+1；若表示 in/out，则 direction_sign=-1；若该模块无合适 ratio，则留空。,"Fill +1 for out/in-like forward support, -1 for in/out-like reverse support",gcst90200435/gcst90199818,gcst90199818/gcst90200435
M_22,GCST90199818,GCST90200437,Mannitol/sorbitol,Fructose,多元醇/糖醛酸支路,Polyol/Uronic Acid Branch,中心碳水化合物代谢（糖酵解/糖异生/磷酸戊糖途径）,高,,,GCST90200437 / GCST90199818,GCST90199818 / GCST90200437,Fructose / Mannitol/sorbitol,Mannitol/sorbitol / Fructose,若 ratio_trait 表示 out/in，则 direction_sign=+1；若表示 in/out，则 direction_sign=-1；若该模块无合适 ratio，则留空。,"Fill +1 for out/in-like forward support, -1 for in/out-like reverse support",gcst90200437/gcst90199818,gcst90199818/gcst90200437
M_23,GCST90199695,GCST90200440,Galactonate,Glucose,多元醇/糖醛酸支路,Polyol/Uronic Acid Branch,中心碳水化合物代谢（糖酵解/糖异生/磷酸戊糖途径）,低,,,GCST90200440 / GCST90199695,GCST90199695 / GCST90200440,Glucose / Galactonate,Galactonate / Glucose,若 ratio_trait 表示 out/in，则 direction_sign=+1；若表示 in/out，则 direction_sign=-1；若该模块无合适 ratio，则留空。,"Fill +1 for out/in-like forward support, -1 for in/out-like reverse support",gcst90200440/gcst90199695,gcst90199695/gcst90200440
M_24,GCST90199746,GCST90200440,Erythronate,Glucose,多元醇/糖醛酸支路,Polyol/Uronic Acid Branch,中心碳水化合物代谢（糖酵解/糖异生/磷酸戊糖途径）,低,,,GCST90200440 / GCST90199746,GCST90199746 / GCST90200440,Glucose / Erythronate,Erythronate / Glucose,若 ratio_trait 表示 out/in，则 direction_sign=+1；若表示 in/out，则 direction_sign=-1；若该模块无合适 ratio，则留空。,"Fill +1 for out/in-like forward support, -1 for in/out-like reverse support",gcst90200440/gcst90199746,gcst90199746/gcst90200440
M_25,GCST90200011,GCST90199991,Arabitol/xylitol,Arabonate/xylonate,多元醇/糖醛酸支路,Polyol/Uronic Acid Branch,中心碳水化合物代谢（糖酵解/糖异生/磷酸戊糖途径）,中,,,GCST90199991 / GCST90200011,GCST90200011 / GCST90199991,Arabonate/xylonate / Arabitol/xylitol,Arabitol/xylitol / Arabonate/xylonate,若 ratio_trait 表示 out/in，则 direction_sign=+1；若表示 in/out，则 direction_sign=-1；若该模块无合适 ratio，则留空。,"Fill +1 for out/in-like forward support, -1 for in/out-like reverse support",gcst90199991/gcst90200011,gcst90200011/gcst90199991
M_26,GCST90199991,GCST90200011,Arabonate/xylonate,Arabitol/xylitol,多元醇/糖醛酸支路,Polyol/Uronic Acid Branch,中心碳水化合物代谢（糖酵解/糖异生/磷酸戊糖途径）,中,,,GCST90200011 / GCST90199991,GCST90199991 / GCST90200011,Arabitol/xylitol / Arabonate/xylonate,Arabonate/xylonate / Arabitol/xylitol,若 ratio_trait 表示 out/in，则 direction_sign=+1；若表示 in/out，则 direction_sign=-1；若该模块无合适 ratio，则留空。,"Fill +1 for out/in-like forward support, -1 for in/out-like reverse support",gcst90200011/gcst90199991,gcst90199991/gcst90200011
M_27,GCST90199932,GCST90200435,Mannonate,Mannose,多元醇/糖醛酸支路,Polyol/Uronic Acid Branch,中心碳水化合物代谢（糖酵解/糖异生/磷酸戊糖途径）,高,,,GCST90200435 / GCST90199932,GCST90199932 / GCST90200435,Mannose / Mannonate,Mannonate / Mannose,若 ratio_trait 表示 out/in，则 direction_sign=+1；若表示 in/out，则 direction_sign=-1；若该模块无合适 ratio，则留空。,"Fill +1 for out/in-like forward support, -1 for in/out-like reverse support",gcst90200435/gcst90199932,gcst90199932/gcst90200435
M_28,GCST90199638,GCST90200325,Glycerol 3-phosphate,Glycerol,甘油酸/三碳糖支路,Glycerate/Triose Branch,中心碳水化合物代谢（糖酵解/糖异生/磷酸戊糖途径）,中,GCST90200836,1.0,GCST90200325 / GCST90199638,GCST90199638 / GCST90200325,Glycerol / Glycerol 3-phosphate,Glycerol 3-phosphate / Glycerol,若 ratio_trait 表示 out/in，则 direction_sign=+1；若表示 in/out，则 direction_sign=-1；若该模块无合适 ratio，则留空。,"Fill +1 for out/in-like forward support, -1 for in/out-like reverse support",gcst90200325/gcst90199638,gcst90199638/gcst90200325
M_29,GCST90199638,GCST90200329,Glycerol 3-phosphate,3-phosphoglycerate,甘油酸/三碳糖支路,Glycerate/Triose Branch,中心碳水化合物代谢（糖酵解/糖异生/磷酸戊糖途径）,高,,,GCST90200329 / GCST90199638,GCST90199638 / GCST90200329,3-phosphoglycerate / Glycerol 3-phosphate,Glycerol 3-phosphate / 3-phosphoglycerate,若 ratio_trait 表示 out/in，则 direction_sign=+1；若表示 in/out，则 direction_sign=-1；若该模块无合适 ratio，则留空。,"Fill +1 for out/in-like forward support, -1 for in/out-like reverse support",gcst90200329/gcst90199638,gcst90199638/gcst90200329
M_30,GCST90200325,GCST90199638,Glycerol,Glycerol 3-phosphate,甘油酸/三碳糖支路,Glycerate/Triose Branch,中心碳水化合物代谢（糖酵解/糖异生/磷酸戊糖途径）,高,GCST90200836,-1.0,GCST90199638 / GCST90200325,GCST90200325 / GCST90199638,Glycerol 3-phosphate / Glycerol,Glycerol / Glycerol 3-phosphate,若 ratio_trait 表示 out/in，则 direction_sign=+1；若表示 in/out，则 direction_sign=-1；若该模块无合适 ratio，则留空。,"Fill +1 for out/in-like forward support, -1 for in/out-like reverse support",gcst90199638/gcst90200325,gcst90200325/gcst90199638
M_31,GCST90200329,GCST90200290,3-phosphoglycerate,Glycerate,甘油酸/三碳糖支路,Glycerate/Triose Branch,中心碳水化合物代谢（糖酵解/糖异生/磷酸戊糖途径）,高,GCST90200819,-1.0,GCST90200290 / GCST90200329,GCST90200329 / GCST90200290,Glycerate / 3-phosphoglycerate,3-phosphoglycerate / Glycerate,若 ratio_trait 表示 out/in，则 direction_sign=+1；若表示 in/out，则 direction_sign=-1；若该模块无合适 ratio，则留空。,"Fill +1 for out/in-like forward support, -1 for in/out-like reverse support",gcst90200290/gcst90200329,gcst90200329/gcst90200290
M_32,GCST90200329,GCST90200430,3-phosphoglycerate,Pyruvate,甘油酸/三碳糖支路,Glycerate/Triose Branch,中心碳水化合物代谢（糖酵解/糖异生/磷酸戊糖途径）,高,,,GCST90200430 / GCST90200329,GCST90200329 / GCST90200430,Pyruvate / 3-phosphoglycerate,3-phosphoglycerate / Pyruvate,若 ratio_trait 表示 out/in，则 direction_sign=+1；若表示 in/out，则 direction_sign=-1；若该模块无合适 ratio，则留空。,"Fill +1 for out/in-like forward support, -1 for in/out-like reverse support",gcst90200430/gcst90200329,gcst90200329/gcst90200430
M_33,GCST90200290,GCST90200329,Glycerate,3-phosphoglycerate,甘油酸/三碳糖支路,Glycerate/Triose Branch,中心碳水化合物代谢（糖酵解/糖异生/磷酸戊糖途径）,高,GCST90200819,1.0,GCST90200329 / GCST90200290,GCST90200290 / GCST90200329,3-phosphoglycerate / Glycerate,Glycerate / 3-phosphoglycerate,若 ratio_trait 表示 out/in，则 direction_sign=+1；若表示 in/out，则 direction_sign=-1；若该模块无合适 ratio，则留空。,"Fill +1 for out/in-like forward support, -1 for in/out-like reverse support",gcst90200329/gcst90200290,gcst90200290/gcst90200329
M_34,GCST90199978,GCST90200408,Vanillactate,Lactate,乳酸/丙酮酸相关,Lactate/Pyruvate Related,中心碳水化合物代谢（糖酵解/糖异生/磷酸戊糖途径）,中,,,GCST90200408 / GCST90199978,GCST90199978 / GCST90200408,Lactate / Vanillactate,Vanillactate / Lactate,若 ratio_trait 表示 out/in，则 direction_sign=+1；若表示 in/out，则 direction_sign=-1；若该模块无合适 ratio，则留空。,"Fill +1 for out/in-like forward support, -1 for in/out-like reverse support",gcst90200408/gcst90199978,gcst90199978/gcst90200408
M_35,GCST90200371,GCST90200300,3-(4-hydroxyphenyl)lactate,4-hydroxyphenylpyruvate,乳酸/丙酮酸相关,Lactate/Pyruvate Related,中心碳水化合物代谢（糖酵解/糖异生/磷酸戊糖途径）,中,,,GCST90200300 / GCST90200371,GCST90200371 / GCST90200300,4-hydroxyphenylpyruvate / 3-(4-hydroxyphenyl)lactate,3-(4-hydroxyphenyl)lactate / 4-hydroxyphenylpyruvate,若 ratio_trait 表示 out/in，则 direction_sign=+1；若表示 in/out，则 direction_sign=-1；若该模块无合适 ratio，则留空。,"Fill +1 for out/in-like forward support, -1 for in/out-like reverse support",gcst90200300/gcst90200371,gcst90200371/gcst90200300
M_36,GCST90200408,GCST90200430,Lactate,Pyruvate,乳酸/丙酮酸相关,Lactate/Pyruvate Related,中心碳水化合物代谢（糖酵解/糖异生/磷酸戊糖途径）,高,,,GCST90200430 / GCST90200408,GCST90200408 / GCST90200430,Pyruvate / Lactate,Lactate / Pyruvate,若 ratio_trait 表示 out/in，则 direction_sign=+1；若表示 in/out，则 direction_sign=-1；若该模块无合适 ratio，则留空。,"Fill +1 for out/in-like forward support, -1 for in/out-like reverse support",gcst90200430/gcst90200408,gcst90200408/gcst90200430
M_37,GCST90200408,GCST90199978,Lactate,Vanillactate,乳酸/丙酮酸相关,Lactate/Pyruvate Related,中心碳水化合物代谢（糖酵解/糖异生/磷酸戊糖途径）,中,,,GCST90199978 / GCST90200408,GCST90200408 / GCST90199978,Vanillactate / Lactate,Lactate / Vanillactate,若 ratio_trait 表示 out/in，则 direction_sign=+1；若表示 in/out，则 direction_sign=-1；若该模块无合适 ratio，则留空。,"Fill +1 for out/in-like forward support, -1 for in/out-like reverse support",gcst90199978/gcst90200408,gcst90200408/gcst90199978
M_38,GCST90200259,GCST90199641,Pentose acid,Glucuronate,其他/待定,Other/Undetermined,中心碳水化合物代谢（糖酵解/糖异生/磷酸戊糖途径）,低,,,GCST90199641 / GCST90200259,GCST90200259 / GCST90199641,Glucuronate / Pentose acid,Pentose acid / Glucuronate,若 ratio_trait 表示 out/in，则 direction_sign=+1；若表示 in/out，则 direction_sign=-1；若该模块无合适 ratio，则留空。,"Fill +1 for out/in-like forward support, -1 for in/out-like reverse support",gcst90199641/gcst90200259,gcst90200259/gcst90199641
M_39,GCST90200373,GCST90199641,Gluconate,Glucuronate,其他/待定,Other/Undetermined,中心碳水化合物代谢（糖酵解/糖异生/磷酸戊糖途径）,低,,,GCST90199641 / GCST90200373,GCST90200373 / GCST90199641,Glucuronate / Gluconate,Gluconate / Glucuronate,若 ratio_trait 表示 out/in，则 direction_sign=+1；若表示 in/out，则 direction_sign=-1；若该模块无合适 ratio，则留空。,"Fill +1 for out/in-like forward support, -1 for in/out-like reverse support",gcst90199641/gcst90200373,gcst90200373/gcst90199641
M_40,GCST90199676,GCST90200325,1-oleoylglycerol (18:1),Glycerol,甘油酸/三碳糖支路,Glycerate/Triose Branch,脂肪酸二羧酸/羟基脂肪酸与酮体代谢,高,,,GCST90200325 / GCST90199676,GCST90199676 / GCST90200325,Glycerol / 1-oleoylglycerol (18:1),1-oleoylglycerol (18:1) / Glycerol,若 ratio_trait 表示 out/in，则 direction_sign=+1；若表示 in/out，则 direction_sign=-1；若该模块无合适 ratio，则留空。,"Fill +1 for out/in-like forward support, -1 for in/out-like reverse support",gcst90200325/gcst90199676,gcst90199676/gcst90200325
M_41,GCST90199684,GCST90200325,1-linoleoylglycerol (18:2),Glycerol,甘油酸/三碳糖支路,Glycerate/Triose Branch,脂肪酸二羧酸/羟基脂肪酸与酮体代谢,高,,,GCST90200325 / GCST90199684,GCST90199684 / GCST90200325,Glycerol / 1-linoleoylglycerol (18:2),1-linoleoylglycerol (18:2) / Glycerol,若 ratio_trait 表示 out/in，则 direction_sign=+1；若表示 in/out，则 direction_sign=-1；若该模块无合适 ratio，则留空。,"Fill +1 for out/in-like forward support, -1 for in/out-like reverse support",gcst90200325/gcst90199684,gcst90199684/gcst90200325
M_42,GCST90199685,GCST90200325,2-linoleoylglycerol (18:2),Glycerol,甘油酸/三碳糖支路,Glycerate/Triose Branch,脂肪酸二羧酸/羟基脂肪酸与酮体代谢,高,,,GCST90200325 / GCST90199685,GCST90199685 / GCST90200325,Glycerol / 2-linoleoylglycerol (18:2),2-linoleoylglycerol (18:2) / Glycerol,若 ratio_trait 表示 out/in，则 direction_sign=+1；若表示 in/out，则 direction_sign=-1；若该模块无合适 ratio，则留空。,"Fill +1 for out/in-like forward support, -1 for in/out-like reverse support",gcst90200325/gcst90199685,gcst90199685/gcst90200325
M_43,GCST90199770,GCST90200325,1-arachidonylglycerol (20:4),Glycerol,甘油酸/三碳糖支路,Glycerate/Triose Branch,脂肪酸二羧酸/羟基脂肪酸与酮体代谢,高,,,GCST90200325 / GCST90199770,GCST90199770 / GCST90200325,Glycerol / 1-arachidonylglycerol (20:4),1-arachidonylglycerol (20:4) / Glycerol,若 ratio_trait 表示 out/in，则 direction_sign=+1；若表示 in/out，则 direction_sign=-1；若该模块无合适 ratio，则留空。,"Fill +1 for out/in-like forward support, -1 for in/out-like reverse support",gcst90200325/gcst90199770,gcst90199770/gcst90200325
M_44,GCST90199914,GCST90200325,Oleoyl-linoleoyl-glycerol (18:1/18:2) [2],Glycerol,甘油酸/三碳糖支路,Glycerate/Triose Branch,脂肪酸二羧酸/羟基脂肪酸与酮体代谢,高,,,GCST90200325 / GCST90199914,GCST90199914 / GCST90200325,Glycerol / Oleoyl-linoleoyl-glycerol (18:1/18:2) [2],Oleoyl-linoleoyl-glycerol (18:1/18:2) [2] / Glycerol,若 ratio_trait 表示 out/in，则 direction_sign=+1；若表示 in/out，则 direction_sign=-1；若该模块无合适 ratio，则留空。,"Fill +1 for out/in-like forward support, -1 for in/out-like reverse support",gcst90200325/gcst90199914,gcst90199914/gcst90200325
M_45,GCST90200103,GCST90200325,Linoleoyl-arachidonoyl-glycerol (18:2/20:4) [1],Glycerol,甘油酸/三碳糖支路,Glycerate/Triose Branch,脂肪酸二羧酸/羟基脂肪酸与酮体代谢,高,,,GCST90200325 / GCST90200103,GCST90200103 / GCST90200325,Glycerol / Linoleoyl-arachidonoyl-glycerol (18:2/20:4) [1],Linoleoyl-arachidonoyl-glycerol (18:2/20:4) [1] / Glycerol,若 ratio_trait 表示 out/in，则 direction_sign=+1；若表示 in/out，则 direction_sign=-1；若该模块无合适 ratio，则留空。,"Fill +1 for out/in-like forward support, -1 for in/out-like reverse support",gcst90200325/gcst90200103,gcst90200103/gcst90200325
M_46,GCST90200109,GCST90200325,Linoleoyl-arachidonoyl-glycerol (18:2/20:4) [2],Glycerol,甘油酸/三碳糖支路,Glycerate/Triose Branch,脂肪酸二羧酸/羟基脂肪酸与酮体代谢,高,,,GCST90200325 / GCST90200109,GCST90200109 / GCST90200325,Glycerol / Linoleoyl-arachidonoyl-glycerol (18:2/20:4) [2],Linoleoyl-arachidonoyl-glycerol (18:2/20:4) [2] / Glycerol,若 ratio_trait 表示 out/in，则 direction_sign=+1；若表示 in/out，则 direction_sign=-1；若该模块无合适 ratio，则留空。,"Fill +1 for out/in-like forward support, -1 for in/out-like reverse support",gcst90200325/gcst90200109,gcst90200109/gcst90200325
M_47,GCST90200036,GCST90200325,1-palmitoleoylglycerol (16:1),Glycerol,甘油酸/三碳糖支路,Glycerate/Triose Branch,脂肪酸二羧酸/羟基脂肪酸与酮体代谢,高,,,GCST90200325 / GCST90200036,GCST90200036 / GCST90200325,Glycerol / 1-palmitoleoylglycerol (16:1),1-palmitoleoylglycerol (16:1) / Glycerol,若 ratio_trait 表示 out/in，则 direction_sign=+1；若表示 in/out，则 direction_sign=-1；若该模块无合适 ratio，则留空。,"Fill +1 for out/in-like forward support, -1 for in/out-like reverse support",gcst90200325/gcst90200036,gcst90200036/gcst90200325
M_48,GCST90199976,GCST90200325,1-dihomo-linolenylglycerol (20:3),Glycerol,甘油酸/三碳糖支路,Glycerate/Triose Branch,脂肪酸二羧酸/羟基脂肪酸与酮体代谢,高,,,GCST90200325 / GCST90199976,GCST90199976 / GCST90200325,Glycerol / 1-dihomo-linolenylglycerol (20:3),1-dihomo-linolenylglycerol (20:3) / Glycerol,若 ratio_trait 表示 out/in，则 direction_sign=+1；若表示 in/out，则 direction_sign=-1；若该模块无合适 ratio，则留空。,"Fill +1 for out/in-like forward support, -1 for in/out-like reverse support",gcst90200325/gcst90199976,gcst90199976/gcst90200325
M_49,GCST90199816,GCST90200430,"3,4-dihydroxybutyrate",Pyruvate,乳酸/丙酮酸相关,Lactate/Pyruvate Related,脂肪酸二羧酸/羟基脂肪酸与酮体代谢,低,,,GCST90200430 / GCST90199816,GCST90199816 / GCST90200430,"Pyruvate / 3,4-dihydroxybutyrate","3,4-dihydroxybutyrate / Pyruvate",若 ratio_trait 表示 out/in，则 direction_sign=+1；若表示 in/out，则 direction_sign=-1；若该模块无合适 ratio，则留空。,"Fill +1 for out/in-like forward support, -1 for in/out-like reverse support",gcst90200430/gcst90199816,gcst90199816/gcst90200430
M_50,GCST90199816,GCST90200318,"3,4-dihydroxybutyrate",Acetoacetate,乳酸/丙酮酸相关,Lactate/Pyruvate Related,脂肪酸二羧酸/羟基脂肪酸与酮体代谢,中,,,GCST90200318 / GCST90199816,GCST90199816 / GCST90200318,"Acetoacetate / 3,4-dihydroxybutyrate","3,4-dihydroxybutyrate / Acetoacetate",若 ratio_trait 表示 out/in，则 direction_sign=+1；若表示 in/out，则 direction_sign=-1；若该模块无合适 ratio，则留空。,"Fill +1 for out/in-like forward support, -1 for in/out-like reverse support",gcst90200318/gcst90199816,gcst90199816/gcst90200318
M_51,GCST90199882,GCST90200430,"2s,3R-dihydroxybutyrate",Pyruvate,乳酸/丙酮酸相关,Lactate/Pyruvate Related,脂肪酸二羧酸/羟基脂肪酸与酮体代谢,低,,,GCST90200430 / GCST90199882,GCST90199882 / GCST90200430,"Pyruvate / 2s,3R-dihydroxybutyrate","2s,3R-dihydroxybutyrate / Pyruvate",若 ratio_trait 表示 out/in，则 direction_sign=+1；若表示 in/out，则 direction_sign=-1；若该模块无合适 ratio，则留空。,"Fill +1 for out/in-like forward support, -1 for in/out-like reverse support",gcst90200430/gcst90199882,gcst90199882/gcst90200430
M_52,GCST90199882,GCST90200318,"2s,3R-dihydroxybutyrate",Acetoacetate,乳酸/丙酮酸相关,Lactate/Pyruvate Related,脂肪酸二羧酸/羟基脂肪酸与酮体代谢,中,,,GCST90200318 / GCST90199882,GCST90199882 / GCST90200318,"Acetoacetate / 2s,3R-dihydroxybutyrate","2s,3R-dihydroxybutyrate / Acetoacetate",若 ratio_trait 表示 out/in，则 direction_sign=+1；若表示 in/out，则 direction_sign=-1；若该模块无合适 ratio，则留空。,"Fill +1 for out/in-like forward support, -1 for in/out-like reverse support",gcst90200318/gcst90199882,gcst90199882/gcst90200318
M_53,GCST90199889,GCST90200430,"2R,3R-dihydroxybutyrate",Pyruvate,乳酸/丙酮酸相关,Lactate/Pyruvate Related,脂肪酸二羧酸/羟基脂肪酸与酮体代谢,低,,,GCST90200430 / GCST90199889,GCST90199889 / GCST90200430,"Pyruvate / 2R,3R-dihydroxybutyrate","2R,3R-dihydroxybutyrate / Pyruvate",若 ratio_trait 表示 out/in，则 direction_sign=+1；若表示 in/out，则 direction_sign=-1；若该模块无合适 ratio，则留空。,"Fill +1 for out/in-like forward support, -1 for in/out-like reverse support",gcst90200430/gcst90199889,gcst90199889/gcst90200430
M_54,GCST90199889,GCST90200318,"2R,3R-dihydroxybutyrate",Acetoacetate,乳酸/丙酮酸相关,Lactate/Pyruvate Related,脂肪酸二羧酸/羟基脂肪酸与酮体代谢,中,,,GCST90200318 / GCST90199889,GCST90199889 / GCST90200318,"Acetoacetate / 2R,3R-dihydroxybutyrate","2R,3R-dihydroxybutyrate / Acetoacetate",若 ratio_trait 表示 out/in，则 direction_sign=+1；若表示 in/out，则 direction_sign=-1；若该模块无合适 ratio，则留空。,"Fill +1 for out/in-like forward support, -1 for in/out-like reverse support",gcst90200318/gcst90199889,gcst90199889/gcst90200318
M_55,GCST90200032,GCST90200430,2-hydroxybutyrate/2-hydroxyisobutyrate,Pyruvate,乳酸/丙酮酸相关,Lactate/Pyruvate Related,脂肪酸二羧酸/羟基脂肪酸与酮体代谢,低,,,GCST90200430 / GCST90200032,GCST90200032 / GCST90200430,Pyruvate / 2-hydroxybutyrate/2-hydroxyisobutyrate,2-hydroxybutyrate/2-hydroxyisobutyrate / Pyruvate,若 ratio_trait 表示 out/in，则 direction_sign=+1；若表示 in/out，则 direction_sign=-1；若该模块无合适 ratio，则留空。,"Fill +1 for out/in-like forward support, -1 for in/out-like reverse support",gcst90200430/gcst90200032,gcst90200032/gcst90200430
M_56,GCST90200032,GCST90200318,2-hydroxybutyrate/2-hydroxyisobutyrate,Acetoacetate,乳酸/丙酮酸相关,Lactate/Pyruvate Related,脂肪酸二羧酸/羟基脂肪酸与酮体代谢,中,,,GCST90200318 / GCST90200032,GCST90200032 / GCST90200318,Acetoacetate / 2-hydroxybutyrate/2-hydroxyisobutyrate,2-hydroxybutyrate/2-hydroxyisobutyrate / Acetoacetate,若 ratio_trait 表示 out/in，则 direction_sign=+1；若表示 in/out，则 direction_sign=-1；若该模块无合适 ratio，则留空。,"Fill +1 for out/in-like forward support, -1 for in/out-like reverse support",gcst90200318/gcst90200032,gcst90200032/gcst90200318
M_57,GCST90199674,GCST90200318,3-hydroxymyristate,Acetoacetate,游离脂肪酸,Free Fatty Acids,脂肪酸二羧酸/羟基脂肪酸与酮体代谢,中,,,GCST90200318 / GCST90199674,GCST90199674 / GCST90200318,Acetoacetate / 3-hydroxymyristate,3-hydroxymyristate / Acetoacetate,若 ratio_trait 表示 out/in，则 direction_sign=+1；若表示 in/out，则 direction_sign=-1；若该模块无合适 ratio，则留空。,"Fill +1 for out/in-like forward support, -1 for in/out-like reverse support",gcst90200318/gcst90199674,gcst90199674/gcst90200318
M_58,GCST90199651,GCST90200318,Docosahexaenoate DHA; 22:6n3,Acetoacetate,游离脂肪酸,Free Fatty Acids,脂肪酸二羧酸/羟基脂肪酸与酮体代谢,中,,,GCST90200318 / GCST90199651,GCST90199651 / GCST90200318,Acetoacetate / Docosahexaenoate DHA; 22:6n3,Docosahexaenoate DHA; 22:6n3 / Acetoacetate,若 ratio_trait 表示 out/in，则 direction_sign=+1；若表示 in/out，则 direction_sign=-1；若该模块无合适 ratio，则留空。,"Fill +1 for out/in-like forward support, -1 for in/out-like reverse support",gcst90200318/gcst90199651,gcst90199651/gcst90200318
M_59,GCST90199795,GCST90200318,2-hydroxypalmitate,Acetoacetate,游离脂肪酸,Free Fatty Acids,脂肪酸二羧酸/羟基脂肪酸与酮体代谢,中,,,GCST90200318 / GCST90199795,GCST90199795 / GCST90200318,Acetoacetate / 2-hydroxypalmitate,2-hydroxypalmitate / Acetoacetate,若 ratio_trait 表示 out/in，则 direction_sign=+1；若表示 in/out，则 direction_sign=-1；若该模块无合适 ratio，则留空。,"Fill +1 for out/in-like forward support, -1 for in/out-like reverse support",gcst90200318/gcst90199795,gcst90199795/gcst90200318
M_60,GCST90199796,GCST90200318,Docosapentaenoate (n6 DPA; 22:5n6),Acetoacetate,游离脂肪酸,Free Fatty Acids,脂肪酸二羧酸/羟基脂肪酸与酮体代谢,中,,,GCST90200318 / GCST90199796,GCST90199796 / GCST90200318,Acetoacetate / Docosapentaenoate (n6 DPA; 22:5n6),Docosapentaenoate (n6 DPA; 22:5n6) / Acetoacetate,若 ratio_trait 表示 out/in，则 direction_sign=+1；若表示 in/out，则 direction_sign=-1；若该模块无合适 ratio，则留空。,"Fill +1 for out/in-like forward support, -1 for in/out-like reverse support",gcst90200318/gcst90199796,gcst90199796/gcst90200318
M_61,GCST90199820,GCST90200318,Dihomo-linolenate (20:3n3 or n6),Acetoacetate,游离脂肪酸,Free Fatty Acids,脂肪酸二羧酸/羟基脂肪酸与酮体代谢,中,,,GCST90200318 / GCST90199820,GCST90199820 / GCST90200318,Acetoacetate / Dihomo-linolenate (20:3n3 or n6),Dihomo-linolenate (20:3n3 or n6) / Acetoacetate,若 ratio_trait 表示 out/in，则 direction_sign=+1；若表示 in/out，则 direction_sign=-1；若该模块无合适 ratio，则留空。,"Fill +1 for out/in-like forward support, -1 for in/out-like reverse support",gcst90200318/gcst90199820,gcst90199820/gcst90200318
M_62,GCST90199887,GCST90200318,(16 or 17)-methylstearate (a19:0 or i19:0),Acetoacetate,游离脂肪酸,Free Fatty Acids,脂肪酸二羧酸/羟基脂肪酸与酮体代谢,中,,,GCST90200318 / GCST90199887,GCST90199887 / GCST90200318,Acetoacetate / (16 or 17)-methylstearate (a19:0 or i19:0),(16 or 17)-methylstearate (a19:0 or i19:0) / Acetoacetate,若 ratio_trait 表示 out/in，则 direction_sign=+1；若表示 in/out，则 direction_sign=-1；若该模块无合适 ratio，则留空。,"Fill +1 for out/in-like forward support, -1 for in/out-like reverse support",gcst90200318/gcst90199887,gcst90199887/gcst90200318
M_63,GCST90199893,GCST90200318,Cis-4-decenoate (10:1n6),Acetoacetate,游离脂肪酸,Free Fatty Acids,脂肪酸二羧酸/羟基脂肪酸与酮体代谢,中,,,GCST90200318 / GCST90199893,GCST90199893 / GCST90200318,Acetoacetate / Cis-4-decenoate (10:1n6),Cis-4-decenoate (10:1n6) / Acetoacetate,若 ratio_trait 表示 out/in，则 direction_sign=+1；若表示 in/out，则 direction_sign=-1；若该模块无合适 ratio，则留空。,"Fill +1 for out/in-like forward support, -1 for in/out-like reverse support",gcst90200318/gcst90199893,gcst90199893/gcst90200318
M_64,GCST90199700,GCST90200318,3-hydroxylaurate,Acetoacetate,游离脂肪酸,Free Fatty Acids,脂肪酸二羧酸/羟基脂肪酸与酮体代谢,中,,,GCST90200318 / GCST90199700,GCST90199700 / GCST90200318,Acetoacetate / 3-hydroxylaurate,3-hydroxylaurate / Acetoacetate,若 ratio_trait 表示 out/in，则 direction_sign=+1；若表示 in/out，则 direction_sign=-1；若该模块无合适 ratio，则留空。,"Fill +1 for out/in-like forward support, -1 for in/out-like reverse support",gcst90200318/gcst90199700,gcst90199700/gcst90200318
M_65,GCST90199709,GCST90200318,Adrenate (22:4n6),Acetoacetate,游离脂肪酸,Free Fatty Acids,脂肪酸二羧酸/羟基脂肪酸与酮体代谢,中,,,GCST90200318 / GCST90199709,GCST90199709 / GCST90200318,Acetoacetate / Adrenate (22:4n6),Adrenate (22:4n6) / Acetoacetate,若 ratio_trait 表示 out/in，则 direction_sign=+1；若表示 in/out，则 direction_sign=-1；若该模块无合适 ratio，则留空。,"Fill +1 for out/in-like forward support, -1 for in/out-like reverse support",gcst90200318/gcst90199709,gcst90199709/gcst90200318
M_66,GCST90199710,GCST90200318,Docosatrienoate (22:3n3),Acetoacetate,游离脂肪酸,Free Fatty Acids,脂肪酸二羧酸/羟基脂肪酸与酮体代谢,中,,,GCST90200318 / GCST90199710,GCST90199710 / GCST90200318,Acetoacetate / Docosatrienoate (22:3n3),Docosatrienoate (22:3n3) / Acetoacetate,若 ratio_trait 表示 out/in，则 direction_sign=+1；若表示 in/out，则 direction_sign=-1；若该模块无合适 ratio，则留空。,"Fill +1 for out/in-like forward support, -1 for in/out-like reverse support",gcst90200318/gcst90199710,gcst90199710/gcst90200318
M_67,GCST90199711,GCST90200318,Docosadienoate (22:2n6),Acetoacetate,游离脂肪酸,Free Fatty Acids,脂肪酸二羧酸/羟基脂肪酸与酮体代谢,中,,,GCST90200318 / GCST90199711,GCST90199711 / GCST90200318,Acetoacetate / Docosadienoate (22:2n6),Docosadienoate (22:2n6) / Acetoacetate,若 ratio_trait 表示 out/in，则 direction_sign=+1；若表示 in/out，则 direction_sign=-1；若该模块无合适 ratio，则留空。,"Fill +1 for out/in-like forward support, -1 for in/out-like reverse support",gcst90200318/gcst90199711,gcst90199711/gcst90200318
M_68,GCST90199713,GCST90200318,Docosapentaenoate n3 DPA; 22:5n3,Acetoacetate,游离脂肪酸,Free Fatty Acids,脂肪酸二羧酸/羟基脂肪酸与酮体代谢,中,,,GCST90200318 / GCST90199713,GCST90199713 / GCST90200318,Acetoacetate / Docosapentaenoate n3 DPA; 22:5n3,Docosapentaenoate n3 DPA; 22:5n3 / Acetoacetate,若 ratio_trait 表示 out/in，则 direction_sign=+1；若表示 in/out，则 direction_sign=-1；若该模块无合适 ratio，则留空。,"Fill +1 for out/in-like forward support, -1 for in/out-like reverse support",gcst90200318/gcst90199713,gcst90199713/gcst90200318
M_69,GCST90199715,GCST90200318,Myristoleate (14:1n5),Acetoacetate,游离脂肪酸,Free Fatty Acids,脂肪酸二羧酸/羟基脂肪酸与酮体代谢,中,,,GCST90200318 / GCST90199715,GCST90199715 / GCST90200318,Acetoacetate / Myristoleate (14:1n5),Myristoleate (14:1n5) / Acetoacetate,若 ratio_trait 表示 out/in，则 direction_sign=+1；若表示 in/out，则 direction_sign=-1；若该模块无合适 ratio，则留空。,"Fill +1 for out/in-like forward support, -1 for in/out-like reverse support",gcst90200318/gcst90199715,gcst90199715/gcst90200318
M_70,GCST90199716,GCST90200318,10-undecenoate (11:1n1),Acetoacetate,游离脂肪酸,Free Fatty Acids,脂肪酸二羧酸/羟基脂肪酸与酮体代谢,中,,,GCST90200318 / GCST90199716,GCST90199716 / GCST90200318,Acetoacetate / 10-undecenoate (11:1n1),10-undecenoate (11:1n1) / Acetoacetate,若 ratio_trait 表示 out/in，则 direction_sign=+1；若表示 in/out，则 direction_sign=-1；若该模块无合适 ratio，则留空。,"Fill +1 for out/in-like forward support, -1 for in/out-like reverse support",gcst90200318/gcst90199716,gcst90199716/gcst90200318
M_71,GCST90199721,GCST90200318,Stearidonate (18:4n3),Acetoacetate,游离脂肪酸,Free Fatty Acids,脂肪酸二羧酸/羟基脂肪酸与酮体代谢,中,,,GCST90200318 / GCST90199721,GCST90199721 / GCST90200318,Acetoacetate / Stearidonate (18:4n3),Stearidonate (18:4n3) / Acetoacetate,若 ratio_trait 表示 out/in，则 direction_sign=+1；若表示 in/out，则 direction_sign=-1；若该模块无合适 ratio，则留空。,"Fill +1 for out/in-like forward support, -1 for in/out-like reverse support",gcst90200318/gcst90199721,gcst90199721/gcst90200318
M_72,GCST90199723,GCST90200318,5-dodecenoate (12:1n7),Acetoacetate,游离脂肪酸,Free Fatty Acids,脂肪酸二羧酸/羟基脂肪酸与酮体代谢,中,,,GCST90200318 / GCST90199723,GCST90199723 / GCST90200318,Acetoacetate / 5-dodecenoate (12:1n7),5-dodecenoate (12:1n7) / Acetoacetate,若 ratio_trait 表示 out/in，则 direction_sign=+1；若表示 in/out，则 direction_sign=-1；若该模块无合适 ratio，则留空。,"Fill +1 for out/in-like forward support, -1 for in/out-like reverse support",gcst90200318/gcst90199723,gcst90199723/gcst90200318
M_73,GCST90199731,GCST90200318,10-heptadecenoate (17:1n7),Acetoacetate,游离脂肪酸,Free Fatty Acids,脂肪酸二羧酸/羟基脂肪酸与酮体代谢,中,,,GCST90200318 / GCST90199731,GCST90199731 / GCST90200318,Acetoacetate / 10-heptadecenoate (17:1n7),10-heptadecenoate (17:1n7) / Acetoacetate,若 ratio_trait 表示 out/in，则 direction_sign=+1；若表示 in/out，则 direction_sign=-1；若该模块无合适 ratio，则留空。,"Fill +1 for out/in-like forward support, -1 for in/out-like reverse support",gcst90200318/gcst90199731,gcst90199731/gcst90200318
M_74,GCST90199744,GCST90200318,Eicosenoate (20:1),Acetoacetate,游离脂肪酸,Free Fatty Acids,脂肪酸二羧酸/羟基脂肪酸与酮体代谢,中,,,GCST90200318 / GCST90199744,GCST90199744 / GCST90200318,Acetoacetate / Eicosenoate (20:1),Eicosenoate (20:1) / Acetoacetate,若 ratio_trait 表示 out/in，则 direction_sign=+1；若表示 in/out，则 direction_sign=-1；若该模块无合适 ratio，则留空。,"Fill +1 for out/in-like forward support, -1 for in/out-like reverse support",gcst90200318/gcst90199744,gcst90199744/gcst90200318
M_75,GCST90199748,GCST90200318,Linolenate [alpha or gamma; (18:3n3 or 6)],Acetoacetate,游离脂肪酸,Free Fatty Acids,脂肪酸二羧酸/羟基脂肪酸与酮体代谢,中,,,GCST90200318 / GCST90199748,GCST90199748 / GCST90200318,Acetoacetate / Linolenate [alpha or gamma; (18:3n3 or 6)],Linolenate [alpha or gamma; (18:3n3 or 6)] / Acetoacetate,若 ratio_trait 表示 out/in，则 direction_sign=+1；若表示 in/out，则 direction_sign=-1；若该模块无合适 ratio，则留空。,"Fill +1 for out/in-like forward support, -1 for in/out-like reverse support",gcst90200318/gcst90199748,gcst90199748/gcst90200318
M_76,GCST90200104,GCST90200318,Hexadecadienoate (16:2n6),Acetoacetate,游离脂肪酸,Free Fatty Acids,脂肪酸二羧酸/羟基脂肪酸与酮体代谢,中,,,GCST90200318 / GCST90200104,GCST90200104 / GCST90200318,Acetoacetate / Hexadecadienoate (16:2n6),Hexadecadienoate (16:2n6) / Acetoacetate,若 ratio_trait 表示 out/in，则 direction_sign=+1；若表示 in/out，则 direction_sign=-1；若该模块无合适 ratio，则留空。,"Fill +1 for out/in-like forward support, -1 for in/out-like reverse support",gcst90200318/gcst90200104,gcst90200104/gcst90200318
M_77,GCST90200042,GCST90200318,Oleate/vaccenate (18:1),Acetoacetate,游离脂肪酸,Free Fatty Acids,脂肪酸二羧酸/羟基脂肪酸与酮体代谢,中,,,GCST90200318 / GCST90200042,GCST90200042 / GCST90200318,Acetoacetate / Oleate/vaccenate (18:1),Oleate/vaccenate (18:1) / Acetoacetate,若 ratio_trait 表示 out/in，则 direction_sign=+1；若表示 in/out，则 direction_sign=-1；若该模块无合适 ratio，则留空。,"Fill +1 for out/in-like forward support, -1 for in/out-like reverse support",gcst90200318/gcst90200042,gcst90200042/gcst90200318
M_78,GCST90199974,GCST90200318,9-hydroxystearate,Acetoacetate,游离脂肪酸,Free Fatty Acids,脂肪酸二羧酸/羟基脂肪酸与酮体代谢,中,,,GCST90200318 / GCST90199974,GCST90199974 / GCST90200318,Acetoacetate / 9-hydroxystearate,9-hydroxystearate / Acetoacetate,若 ratio_trait 表示 out/in，则 direction_sign=+1；若表示 in/out，则 direction_sign=-1；若该模块无合适 ratio，则留空。,"Fill +1 for out/in-like forward support, -1 for in/out-like reverse support",gcst90200318/gcst90199974,gcst90199974/gcst90200318
M_79,GCST90200224,GCST90200318,2-ketocaprylate,Acetoacetate,脂肪酸衍生物,Fatty Acid Derivatives,脂肪酸二羧酸/羟基脂肪酸与酮体代谢,中,,,GCST90200318 / GCST90200224,GCST90200224 / GCST90200318,Acetoacetate / 2-ketocaprylate,2-ketocaprylate / Acetoacetate,若 ratio_trait 表示 out/in，则 direction_sign=+1；若表示 in/out，则 direction_sign=-1；若该模块无合适 ratio，则留空。,"Fill +1 for out/in-like forward support, -1 for in/out-like reverse support",gcst90200318/gcst90200224,gcst90200224/gcst90200318
M_80,GCST90200187,GCST90200318,Tetradecadienoate (14:2),Acetoacetate,游离脂肪酸,Free Fatty Acids,脂肪酸二羧酸/羟基脂肪酸与酮体代谢,中,,,GCST90200318 / GCST90200187,GCST90200187 / GCST90200318,Acetoacetate / Tetradecadienoate (14:2),Tetradecadienoate (14:2) / Acetoacetate,若 ratio_trait 表示 out/in，则 direction_sign=+1；若表示 in/out，则 direction_sign=-1；若该模块无合适 ratio，则留空。,"Fill +1 for out/in-like forward support, -1 for in/out-like reverse support",gcst90200318/gcst90200187,gcst90200187/gcst90200318
M_81,GCST90200190,GCST90200318,Dodecadienoate (12:2),Acetoacetate,游离脂肪酸,Free Fatty Acids,脂肪酸二羧酸/羟基脂肪酸与酮体代谢,中,,,GCST90200318 / GCST90200190,GCST90200190 / GCST90200318,Acetoacetate / Dodecadienoate (12:2),Dodecadienoate (12:2) / Acetoacetate,若 ratio_trait 表示 out/in，则 direction_sign=+1；若表示 in/out，则 direction_sign=-1；若该模块无合适 ratio，则留空。,"Fill +1 for out/in-like forward support, -1 for in/out-like reverse support",gcst90200318/gcst90200190,gcst90200190/gcst90200318
M_82,GCST90200133,GCST90200318,Heneicosapentaenoate (21:5n3),Acetoacetate,游离脂肪酸,Free Fatty Acids,脂肪酸二羧酸/羟基脂肪酸与酮体代谢,中,,,GCST90200318 / GCST90200133,GCST90200133 / GCST90200318,Acetoacetate / Heneicosapentaenoate (21:5n3),Heneicosapentaenoate (21:5n3) / Acetoacetate,若 ratio_trait 表示 out/in，则 direction_sign=+1；若表示 in/out，则 direction_sign=-1；若该模块无合适 ratio，则留空。,"Fill +1 for out/in-like forward support, -1 for in/out-like reverse support",gcst90200318/gcst90200133,gcst90200133/gcst90200318
M_83,GCST90200138,GCST90200318,Docosatrienoate (22:3n6),Acetoacetate,游离脂肪酸,Free Fatty Acids,脂肪酸二羧酸/羟基脂肪酸与酮体代谢,中,,,GCST90200318 / GCST90200138,GCST90200138 / GCST90200318,Acetoacetate / Docosatrienoate (22:3n6),Docosatrienoate (22:3n6) / Acetoacetate,若 ratio_trait 表示 out/in，则 direction_sign=+1；若表示 in/out，则 direction_sign=-1；若该模块无合适 ratio，则留空。,"Fill +1 for out/in-like forward support, -1 for in/out-like reverse support",gcst90200318/gcst90200138,gcst90200138/gcst90200318
M_84,GCST90200312,GCST90200318,2-hydroxystearate,Acetoacetate,游离脂肪酸,Free Fatty Acids,脂肪酸二羧酸/羟基脂肪酸与酮体代谢,中,,,GCST90200318 / GCST90200312,GCST90200312 / GCST90200318,Acetoacetate / 2-hydroxystearate,2-hydroxystearate / Acetoacetate,若 ratio_trait 表示 out/in，则 direction_sign=+1；若表示 in/out，则 direction_sign=-1；若该模块无合适 ratio，则留空。,"Fill +1 for out/in-like forward support, -1 for in/out-like reverse support",gcst90200318/gcst90200312,gcst90200312/gcst90200318
M_85,GCST90200320,GCST90200318,Dihomo-linoleate (20:2n6),Acetoacetate,游离脂肪酸,Free Fatty Acids,脂肪酸二羧酸/羟基脂肪酸与酮体代谢,中,,,GCST90200318 / GCST90200320,GCST90200320 / GCST90200318,Acetoacetate / Dihomo-linoleate (20:2n6),Dihomo-linoleate (20:2n6) / Acetoacetate,若 ratio_trait 表示 out/in，则 direction_sign=+1；若表示 in/out，则 direction_sign=-1；若该模块无合适 ratio，则留空。,"Fill +1 for out/in-like forward support, -1 for in/out-like reverse support",gcst90200318/gcst90200320,gcst90200320/gcst90200318
M_86,GCST90200349,GCST90200318,Eicosapentaenoate (EPA; 20:5n3),Acetoacetate,游离脂肪酸,Free Fatty Acids,脂肪酸二羧酸/羟基脂肪酸与酮体代谢,中,,,GCST90200318 / GCST90200349,GCST90200349 / GCST90200318,Acetoacetate / Eicosapentaenoate (EPA; 20:5n3),Eicosapentaenoate (EPA; 20:5n3) / Acetoacetate,若 ratio_trait 表示 out/in，则 direction_sign=+1；若表示 in/out，则 direction_sign=-1；若该模块无合适 ratio，则留空。,"Fill +1 for out/in-like forward support, -1 for in/out-like reverse support",gcst90200318/gcst90200349,gcst90200349/gcst90200318
M_87,GCST90200350,GCST90200318,Laurate (12:0),Acetoacetate,游离脂肪酸,Free Fatty Acids,脂肪酸二羧酸/羟基脂肪酸与酮体代谢,中,,,GCST90200318 / GCST90200350,GCST90200350 / GCST90200318,Acetoacetate / Laurate (12:0),Laurate (12:0) / Acetoacetate,若 ratio_trait 表示 out/in，则 direction_sign=+1；若表示 in/out，则 direction_sign=-1；若该模块无合适 ratio，则留空。,"Fill +1 for out/in-like forward support, -1 for in/out-like reverse support",gcst90200318/gcst90200350,gcst90200350/gcst90200318
M_88,GCST90200354,GCST90200318,Linoleate (18:2n6),Acetoacetate,游离脂肪酸,Free Fatty Acids,脂肪酸二羧酸/羟基脂肪酸与酮体代谢,中,,,GCST90200318 / GCST90200354,GCST90200354 / GCST90200318,Acetoacetate / Linoleate (18:2n6),Linoleate (18:2n6) / Acetoacetate,若 ratio_trait 表示 out/in，则 direction_sign=+1；若表示 in/out，则 direction_sign=-1；若该模块无合适 ratio，则留空。,"Fill +1 for out/in-like forward support, -1 for in/out-like reverse support",gcst90200318/gcst90200354,gcst90200354/gcst90200318
M_89,GCST90200358,GCST90200318,Arachidonate (20:4n6),Acetoacetate,游离脂肪酸,Free Fatty Acids,脂肪酸二羧酸/羟基脂肪酸与酮体代谢,中,,,GCST90200318 / GCST90200358,GCST90200358 / GCST90200318,Acetoacetate / Arachidonate (20:4n6),Arachidonate (20:4n6) / Acetoacetate,若 ratio_trait 表示 out/in，则 direction_sign=+1；若表示 in/out，则 direction_sign=-1；若该模块无合适 ratio，则留空。,"Fill +1 for out/in-like forward support, -1 for in/out-like reverse support",gcst90200318/gcst90200358,gcst90200358/gcst90200318
M_90,GCST90200388,GCST90200318,Palmitoleate (16:1n7),Acetoacetate,游离脂肪酸,Free Fatty Acids,脂肪酸二羧酸/羟基脂肪酸与酮体代谢,中,,,GCST90200318 / GCST90200388,GCST90200388 / GCST90200318,Acetoacetate / Palmitoleate (16:1n7),Palmitoleate (16:1n7) / Acetoacetate,若 ratio_trait 表示 out/in，则 direction_sign=+1；若表示 in/out，则 direction_sign=-1；若该模块无合适 ratio，则留空。,"Fill +1 for out/in-like forward support, -1 for in/out-like reverse support",gcst90200318/gcst90200388,gcst90200388/gcst90200318
M_91,GCST90200390,GCST90200318,Stearate (18:0),Acetoacetate,游离脂肪酸,Free Fatty Acids,脂肪酸二羧酸/羟基脂肪酸与酮体代谢,中,,,GCST90200318 / GCST90200390,GCST90200390 / GCST90200318,Acetoacetate / Stearate (18:0),Stearate (18:0) / Acetoacetate,若 ratio_trait 表示 out/in，则 direction_sign=+1；若表示 in/out，则 direction_sign=-1；若该模块无合适 ratio，则留空。,"Fill +1 for out/in-like forward support, -1 for in/out-like reverse support",gcst90200318/gcst90200390,gcst90200390/gcst90200318
M_92,GCST90200397,GCST90200318,Palmitate (16:0),Acetoacetate,游离脂肪酸,Free Fatty Acids,脂肪酸二羧酸/羟基脂肪酸与酮体代谢,中,,,GCST90200318 / GCST90200397,GCST90200397 / GCST90200318,Acetoacetate / Palmitate (16:0),Palmitate (16:0) / Acetoacetate,若 ratio_trait 表示 out/in，则 direction_sign=+1；若表示 in/out，则 direction_sign=-1；若该模块无合适 ratio，则留空。,"Fill +1 for out/in-like forward support, -1 for in/out-like reverse support",gcst90200318/gcst90200397,gcst90200397/gcst90200318
M_93,GCST90200414,GCST90200318,Myristate (14:0),Acetoacetate,游离脂肪酸,Free Fatty Acids,脂肪酸二羧酸/羟基脂肪酸与酮体代谢,中,,,GCST90200318 / GCST90200414,GCST90200414 / GCST90200318,Acetoacetate / Myristate (14:0),Myristate (14:0) / Acetoacetate,若 ratio_trait 表示 out/in，则 direction_sign=+1；若表示 in/out，则 direction_sign=-1；若该模块无合适 ratio，则留空。,"Fill +1 for out/in-like forward support, -1 for in/out-like reverse support",gcst90200318/gcst90200414,gcst90200414/gcst90200318
M_94,GCST90200445,GCST90200318,Caprylate (8:0),Acetoacetate,脂肪酸衍生物,Fatty Acid Derivatives,脂肪酸二羧酸/羟基脂肪酸与酮体代谢,中,,,GCST90200318 / GCST90200445,GCST90200445 / GCST90200318,Acetoacetate / Caprylate (8:0),Caprylate (8:0) / Acetoacetate,若 ratio_trait 表示 out/in，则 direction_sign=+1；若表示 in/out，则 direction_sign=-1；若该模块无合适 ratio，则留空。,"Fill +1 for out/in-like forward support, -1 for in/out-like reverse support",gcst90200318/gcst90200445,gcst90200445/gcst90200318
M_95,GCST90200450,GCST90200318,Caproate (6:0),Acetoacetate,脂肪酸衍生物,Fatty Acid Derivatives,脂肪酸二羧酸/羟基脂肪酸与酮体代谢,中,,,GCST90200318 / GCST90200450,GCST90200450 / GCST90200318,Acetoacetate / Caproate (6:0),Caproate (6:0) / Acetoacetate,若 ratio_trait 表示 out/in，则 direction_sign=+1；若表示 in/out，则 direction_sign=-1；若该模块无合适 ratio，则留空。,"Fill +1 for out/in-like forward support, -1 for in/out-like reverse support",gcst90200318/gcst90200450,gcst90200450/gcst90200318
M_96,GCST90200457,GCST90200318,Pentadecanoate (15:0),Acetoacetate,脂肪酸衍生物,Fatty Acid Derivatives,脂肪酸二羧酸/羟基脂肪酸与酮体代谢,中,,,GCST90200318 / GCST90200457,GCST90200457 / GCST90200318,Acetoacetate / Pentadecanoate (15:0),Pentadecanoate (15:0) / Acetoacetate,若 ratio_trait 表示 out/in，则 direction_sign=+1；若表示 in/out，则 direction_sign=-1；若该模块无合适 ratio，则留空。,"Fill +1 for out/in-like forward support, -1 for in/out-like reverse support",gcst90200318/gcst90200457,gcst90200457/gcst90200318
M_97,GCST90199680,GCST90200318,3-hydroxyoctanoate,Acetoacetate,羟基脂肪酸,Hydroxy Fatty Acids,脂肪酸二羧酸/羟基脂肪酸与酮体代谢,中,,,GCST90200318 / GCST90199680,GCST90199680 / GCST90200318,Acetoacetate / 3-hydroxyoctanoate,3-hydroxyoctanoate / Acetoacetate,若 ratio_trait 表示 out/in，则 direction_sign=+1；若表示 in/out，则 direction_sign=-1；若该模块无合适 ratio，则留空。,"Fill +1 for out/in-like forward support, -1 for in/out-like reverse support",gcst90200318/gcst90199680,gcst90199680/gcst90200318
M_98,GCST90199681,GCST90200318,2-hydroxyoctanoate,Acetoacetate,羟基脂肪酸,Hydroxy Fatty Acids,脂肪酸二羧酸/羟基脂肪酸与酮体代谢,中,,,GCST90200318 / GCST90199681,GCST90199681 / GCST90200318,Acetoacetate / 2-hydroxyoctanoate,2-hydroxyoctanoate / Acetoacetate,若 ratio_trait 表示 out/in，则 direction_sign=+1；若表示 in/out，则 direction_sign=-1；若该模块无合适 ratio，则留空。,"Fill +1 for out/in-like forward support, -1 for in/out-like reverse support",gcst90200318/gcst90199681,gcst90199681/gcst90200318
M_99,GCST90199693,GCST90200318,3-hydroxydecanoate,Acetoacetate,羟基脂肪酸,Hydroxy Fatty Acids,脂肪酸二羧酸/羟基脂肪酸与酮体代谢,中,,,GCST90200318 / GCST90199693,GCST90199693 / GCST90200318,Acetoacetate / 3-hydroxydecanoate,3-hydroxydecanoate / Acetoacetate,若 ratio_trait 表示 out/in，则 direction_sign=+1；若表示 in/out，则 direction_sign=-1；若该模块无合适 ratio，则留空。,"Fill +1 for out/in-like forward support, -1 for in/out-like reverse support",gcst90200318/gcst90199693,gcst90199693/gcst90200318
M_100,GCST90199814,GCST90200318,Alpha-hydroxycaproate,Acetoacetate,羟基脂肪酸,Hydroxy Fatty Acids,脂肪酸二羧酸/羟基脂肪酸与酮体代谢,中,,,GCST90200318 / GCST90199814,GCST90199814 / GCST90200318,Acetoacetate / Alpha-hydroxycaproate,Alpha-hydroxycaproate / Acetoacetate,若 ratio_trait 表示 out/in，则 direction_sign=+1；若表示 in/out，则 direction_sign=-1；若该模块无合适 ratio，则留空。,"Fill +1 for out/in-like forward support, -1 for in/out-like reverse support",gcst90200318/gcst90199814,gcst90199814/gcst90200318
M_101,GCST90199875,GCST90200318,13-HODE + 9-HODE,Acetoacetate,羟基脂肪酸,Hydroxy Fatty Acids,脂肪酸二羧酸/羟基脂肪酸与酮体代谢,中,,,GCST90200318 / GCST90199875,GCST90199875 / GCST90200318,Acetoacetate / 13-HODE + 9-HODE,13-HODE + 9-HODE / Acetoacetate,若 ratio_trait 表示 out/in，则 direction_sign=+1；若表示 in/out，则 direction_sign=-1；若该模块无合适 ratio，则留空。,"Fill +1 for out/in-like forward support, -1 for in/out-like reverse support",gcst90200318/gcst90199875,gcst90199875/gcst90200318
M_102,GCST90199702,GCST90200318,5-hydroxyhexanoate,Acetoacetate,羟基脂肪酸,Hydroxy Fatty Acids,脂肪酸二羧酸/羟基脂肪酸与酮体代谢,中,,,GCST90200318 / GCST90199702,GCST90199702 / GCST90200318,Acetoacetate / 5-hydroxyhexanoate,5-hydroxyhexanoate / Acetoacetate,若 ratio_trait 表示 out/in，则 direction_sign=+1；若表示 in/out，则 direction_sign=-1；若该模块无合适 ratio，则留空。,"Fill +1 for out/in-like forward support, -1 for in/out-like reverse support",gcst90200318/gcst90199702,gcst90199702/gcst90200318
M_103,GCST90199769,GCST90200318,3-hydroxydodecanedioate,Acetoacetate,羟基脂肪酸,Hydroxy Fatty Acids,脂肪酸二羧酸/羟基脂肪酸与酮体代谢,中,,,GCST90200318 / GCST90199769,GCST90199769 / GCST90200318,Acetoacetate / 3-hydroxydodecanedioate,3-hydroxydodecanedioate / Acetoacetate,若 ratio_trait 表示 out/in，则 direction_sign=+1；若表示 in/out，则 direction_sign=-1；若该模块无合适 ratio，则留空。,"Fill +1 for out/in-like forward support, -1 for in/out-like reverse support",gcst90200318/gcst90199769,gcst90199769/gcst90200318
M_104,GCST90200012,GCST90200318,3-hydroxyhexanoate,Acetoacetate,羟基脂肪酸,Hydroxy Fatty Acids,脂肪酸二羧酸/羟基脂肪酸与酮体代谢,中,,,GCST90200318 / GCST90200012,GCST90200012 / GCST90200318,Acetoacetate / 3-hydroxyhexanoate,3-hydroxyhexanoate / Acetoacetate,若 ratio_trait 表示 out/in，则 direction_sign=+1；若表示 in/out，则 direction_sign=-1；若该模块无合适 ratio，则留空。,"Fill +1 for out/in-like forward support, -1 for in/out-like reverse support",gcst90200318/gcst90200012,gcst90200012/gcst90200318
M_105,GCST90199934,GCST90200318,2-hydroxydecanoate,Acetoacetate,羟基脂肪酸,Hydroxy Fatty Acids,脂肪酸二羧酸/羟基脂肪酸与酮体代谢,中,,,GCST90200318 / GCST90199934,GCST90199934 / GCST90200318,Acetoacetate / 2-hydroxydecanoate,2-hydroxydecanoate / Acetoacetate,若 ratio_trait 表示 out/in，则 direction_sign=+1；若表示 in/out，则 direction_sign=-1；若该模块无合适 ratio，则留空。,"Fill +1 for out/in-like forward support, -1 for in/out-like reverse support",gcst90200318/gcst90199934,gcst90199934/gcst90200318
M_106,GCST90200161,GCST90200318,2-hydroxyarachidate,Acetoacetate,羟基脂肪酸,Hydroxy Fatty Acids,脂肪酸二羧酸/羟基脂肪酸与酮体代谢,中,,,GCST90200318 / GCST90200161,GCST90200161 / GCST90200318,Acetoacetate / 2-hydroxyarachidate,2-hydroxyarachidate / Acetoacetate,若 ratio_trait 表示 out/in，则 direction_sign=+1；若表示 in/out，则 direction_sign=-1；若该模块无合适 ratio，则留空。,"Fill +1 for out/in-like forward support, -1 for in/out-like reverse support",gcst90200318/gcst90200161,gcst90200161/gcst90200318
M_107,GCST90200367,GCST90200318,3-Hydroxybutyrate,Acetoacetate,羟基脂肪酸,Hydroxy Fatty Acids,脂肪酸二羧酸/羟基脂肪酸与酮体代谢,中,,,GCST90200318 / GCST90200367,GCST90200367 / GCST90200318,Acetoacetate / 3-Hydroxybutyrate,3-Hydroxybutyrate / Acetoacetate,若 ratio_trait 表示 out/in，则 direction_sign=+1；若表示 in/out，则 direction_sign=-1；若该模块无合适 ratio，则留空。,"Fill +1 for out/in-like forward support, -1 for in/out-like reverse support",gcst90200318/gcst90200367,gcst90200367/gcst90200318
M_108,GCST90199633,GCST90200318,Suberate (C8-DC),Acetoacetate,二羧酸脂肪酸支路,Dicarboxylic Fatty Acid Branch,脂肪酸二羧酸/羟基脂肪酸与酮体代谢,中,,,GCST90200318 / GCST90199633,GCST90199633 / GCST90200318,Acetoacetate / Suberate (C8-DC),Suberate (C8-DC) / Acetoacetate,若 ratio_trait 表示 out/in，则 direction_sign=+1；若表示 in/out，则 direction_sign=-1；若该模块无合适 ratio，则留空。,"Fill +1 for out/in-like forward support, -1 for in/out-like reverse support",gcst90200318/gcst90199633,gcst90199633/gcst90200318
M_109,GCST90199867,GCST90200318,Tridecenedioate (C13:1-DC),Acetoacetate,二羧酸脂肪酸支路,Dicarboxylic Fatty Acid Branch,脂肪酸二羧酸/羟基脂肪酸与酮体代谢,中,,,GCST90200318 / GCST90199867,GCST90199867 / GCST90200318,Acetoacetate / Tridecenedioate (C13:1-DC),Tridecenedioate (C13:1-DC) / Acetoacetate,若 ratio_trait 表示 out/in，则 direction_sign=+1；若表示 in/out，则 direction_sign=-1；若该模块无合适 ratio，则留空。,"Fill +1 for out/in-like forward support, -1 for in/out-like reverse support",gcst90200318/gcst90199867,gcst90199867/gcst90200318
M_110,GCST90199805,GCST90200318,Octadecanedioate (C18-DC),Acetoacetate,二羧酸脂肪酸支路,Dicarboxylic Fatty Acid Branch,脂肪酸二羧酸/羟基脂肪酸与酮体代谢,中,,,GCST90200318 / GCST90199805,GCST90199805 / GCST90200318,Acetoacetate / Octadecanedioate (C18-DC),Octadecanedioate (C18-DC) / Acetoacetate,若 ratio_trait 表示 out/in，则 direction_sign=+1；若表示 in/out，则 direction_sign=-1；若该模块无合适 ratio，则留空。,"Fill +1 for out/in-like forward support, -1 for in/out-like reverse support",gcst90200318/gcst90199805,gcst90199805/gcst90200318
M_111,GCST90199806,GCST90200318,Tetradecanedioate (C14-DC),Acetoacetate,二羧酸脂肪酸支路,Dicarboxylic Fatty Acid Branch,脂肪酸二羧酸/羟基脂肪酸与酮体代谢,中,,,GCST90200318 / GCST90199806,GCST90199806 / GCST90200318,Acetoacetate / Tetradecanedioate (C14-DC),Tetradecanedioate (C14-DC) / Acetoacetate,若 ratio_trait 表示 out/in，则 direction_sign=+1；若表示 in/out，则 direction_sign=-1；若该模块无合适 ratio，则留空。,"Fill +1 for out/in-like forward support, -1 for in/out-like reverse support",gcst90200318/gcst90199806,gcst90199806/gcst90200318
M_112,GCST90199807,GCST90200318,Hexadecanedioate (C16-DC),Acetoacetate,二羧酸脂肪酸支路,Dicarboxylic Fatty Acid Branch,脂肪酸二羧酸/羟基脂肪酸与酮体代谢,中,,,GCST90200318 / GCST90199807,GCST90199807 / GCST90200318,Acetoacetate / Hexadecanedioate (C16-DC),Hexadecanedioate (C16-DC) / Acetoacetate,若 ratio_trait 表示 out/in，则 direction_sign=+1；若表示 in/out，则 direction_sign=-1；若该模块无合适 ratio，则留空。,"Fill +1 for out/in-like forward support, -1 for in/out-like reverse support",gcst90200318/gcst90199807,gcst90199807/gcst90200318
M_113,GCST90199829,GCST90200318,3-methyladipate,Acetoacetate,二羧酸脂肪酸支路,Dicarboxylic Fatty Acid Branch,脂肪酸二羧酸/羟基脂肪酸与酮体代谢,中,,,GCST90200318 / GCST90199829,GCST90199829 / GCST90200318,Acetoacetate / 3-methyladipate,3-methyladipate / Acetoacetate,若 ratio_trait 表示 out/in，则 direction_sign=+1；若表示 in/out，则 direction_sign=-1；若该模块无合适 ratio，则留空。,"Fill +1 for out/in-like forward support, -1 for in/out-like reverse support",gcst90200318/gcst90199829,gcst90199829/gcst90200318
M_114,GCST90199697,GCST90200318,Dodecanedioate (C12-DC),Acetoacetate,二羧酸脂肪酸支路,Dicarboxylic Fatty Acid Branch,脂肪酸二羧酸/羟基脂肪酸与酮体代谢,中,,,GCST90200318 / GCST90199697,GCST90199697 / GCST90200318,Acetoacetate / Dodecanedioate (C12-DC),Dodecanedioate (C12-DC) / Acetoacetate,若 ratio_trait 表示 out/in，则 direction_sign=+1；若表示 in/out，则 direction_sign=-1；若该模块无合适 ratio，则留空。,"Fill +1 for out/in-like forward support, -1 for in/out-like reverse support",gcst90200318/gcst90199697,gcst90199697/gcst90200318
M_115,GCST90199704,GCST90200318,3-hydroxysebacate,Acetoacetate,二羧酸脂肪酸支路,Dicarboxylic Fatty Acid Branch,脂肪酸二羧酸/羟基脂肪酸与酮体代谢,中,,,GCST90200318 / GCST90199704,GCST90199704 / GCST90200318,Acetoacetate / 3-hydroxysebacate,3-hydroxysebacate / Acetoacetate,若 ratio_trait 表示 out/in，则 direction_sign=+1；若表示 in/out，则 direction_sign=-1；若该模块无合适 ratio，则留空。,"Fill +1 for out/in-like forward support, -1 for in/out-like reverse support",gcst90200318/gcst90199704,gcst90199704/gcst90200318
M_116,GCST90199718,GCST90200318,Sebacate (C10-DC),Acetoacetate,二羧酸脂肪酸支路,Dicarboxylic Fatty Acid Branch,脂肪酸二羧酸/羟基脂肪酸与酮体代谢,中,,,GCST90200318 / GCST90199718,GCST90199718 / GCST90200318,Acetoacetate / Sebacate (C10-DC),Sebacate (C10-DC) / Acetoacetate,若 ratio_trait 表示 out/in，则 direction_sign=+1；若表示 in/out，则 direction_sign=-1；若该模块无合适 ratio，则留空。,"Fill +1 for out/in-like forward support, -1 for in/out-like reverse support",gcst90200318/gcst90199718,gcst90199718/gcst90200318
M_117,GCST90199909,GCST90200318,Eicosanedioate (C20-DC),Acetoacetate,二羧酸脂肪酸支路,Dicarboxylic Fatty Acid Branch,脂肪酸二羧酸/羟基脂肪酸与酮体代谢,中,,,GCST90200318 / GCST90199909,GCST90199909 / GCST90200318,Acetoacetate / Eicosanedioate (C20-DC),Eicosanedioate (C20-DC) / Acetoacetate,若 ratio_trait 表示 out/in，则 direction_sign=+1；若表示 in/out，则 direction_sign=-1；若该模块无合适 ratio，则留空。,"Fill +1 for out/in-like forward support, -1 for in/out-like reverse support",gcst90200318/gcst90199909,gcst90199909/gcst90200318
M_118,GCST90199913,GCST90200318,Docosadioate (C22-DC),Acetoacetate,二羧酸脂肪酸支路,Dicarboxylic Fatty Acid Branch,脂肪酸二羧酸/羟基脂肪酸与酮体代谢,中,,,GCST90200318 / GCST90199913,GCST90199913 / GCST90200318,Acetoacetate / Docosadioate (C22-DC),Docosadioate (C22-DC) / Acetoacetate,若 ratio_trait 表示 out/in，则 direction_sign=+1；若表示 in/out，则 direction_sign=-1；若该模块无合适 ratio，则留空。,"Fill +1 for out/in-like forward support, -1 for in/out-like reverse support",gcst90200318/gcst90199913,gcst90199913/gcst90200318
M_119,GCST90200005,GCST90200318,Citraconate/glutaconate,Acetoacetate,二羧酸脂肪酸支路,Dicarboxylic Fatty Acid Branch,脂肪酸二羧酸/羟基脂肪酸与酮体代谢,中,,,GCST90200318 / GCST90200005,GCST90200005 / GCST90200318,Acetoacetate / Citraconate/glutaconate,Citraconate/glutaconate / Acetoacetate,若 ratio_trait 表示 out/in，则 direction_sign=+1；若表示 in/out，则 direction_sign=-1；若该模块无合适 ratio，则留空。,"Fill +1 for out/in-like forward support, -1 for in/out-like reverse support",gcst90200318/gcst90200005,gcst90200005/gcst90200318
M_120,GCST90200159,GCST90200318,Dodecenedioate (C12:1-DC),Acetoacetate,二羧酸脂肪酸支路,Dicarboxylic Fatty Acid Branch,脂肪酸二羧酸/羟基脂肪酸与酮体代谢,中,,,GCST90200318 / GCST90200159,GCST90200159 / GCST90200318,Acetoacetate / Dodecenedioate (C12:1-DC),Dodecenedioate (C12:1-DC) / Acetoacetate,若 ratio_trait 表示 out/in，则 direction_sign=+1；若表示 in/out，则 direction_sign=-1；若该模块无合适 ratio，则留空。,"Fill +1 for out/in-like forward support, -1 for in/out-like reverse support",gcst90200318/gcst90200159,gcst90200159/gcst90200318
M_121,GCST90200163,GCST90200318,Heptenedioate (C7:1-DC),Acetoacetate,二羧酸脂肪酸支路,Dicarboxylic Fatty Acid Branch,脂肪酸二羧酸/羟基脂肪酸与酮体代谢,中,,,GCST90200318 / GCST90200163,GCST90200163 / GCST90200318,Acetoacetate / Heptenedioate (C7:1-DC),Heptenedioate (C7:1-DC) / Acetoacetate,若 ratio_trait 表示 out/in，则 direction_sign=+1；若表示 in/out，则 direction_sign=-1；若该模块无合适 ratio，则留空。,"Fill +1 for out/in-like forward support, -1 for in/out-like reverse support",gcst90200318/gcst90200163,gcst90200163/gcst90200318
M_122,GCST90200164,GCST90200318,Hexadecenedioate (C16:1-DC),Acetoacetate,二羧酸脂肪酸支路,Dicarboxylic Fatty Acid Branch,脂肪酸二羧酸/羟基脂肪酸与酮体代谢,中,,,GCST90200318 / GCST90200164,GCST90200164 / GCST90200318,Acetoacetate / Hexadecenedioate (C16:1-DC),Hexadecenedioate (C16:1-DC) / Acetoacetate,若 ratio_trait 表示 out/in，则 direction_sign=+1；若表示 in/out，则 direction_sign=-1；若该模块无合适 ratio，则留空。,"Fill +1 for out/in-like forward support, -1 for in/out-like reverse support",gcst90200318/gcst90200164,gcst90200164/gcst90200318
M_123,GCST90200165,GCST90200318,Octadecenedioate (C18:1-DC),Acetoacetate,二羧酸脂肪酸支路,Dicarboxylic Fatty Acid Branch,脂肪酸二羧酸/羟基脂肪酸与酮体代谢,中,,,GCST90200318 / GCST90200165,GCST90200165 / GCST90200318,Acetoacetate / Octadecenedioate (C18:1-DC),Octadecenedioate (C18:1-DC) / Acetoacetate,若 ratio_trait 表示 out/in，则 direction_sign=+1；若表示 in/out，则 direction_sign=-1；若该模块无合适 ratio，则留空。,"Fill +1 for out/in-like forward support, -1 for in/out-like reverse support",gcst90200318/gcst90200165,gcst90200165/gcst90200318
M_124,GCST90200239,GCST90200318,Tetradecadienedioate (C14:2-DC),Acetoacetate,二羧酸脂肪酸支路,Dicarboxylic Fatty Acid Branch,脂肪酸二羧酸/羟基脂肪酸与酮体代谢,中,,,GCST90200318 / GCST90200239,GCST90200239 / GCST90200318,Acetoacetate / Tetradecadienedioate (C14:2-DC),Tetradecadienedioate (C14:2-DC) / Acetoacetate,若 ratio_trait 表示 out/in，则 direction_sign=+1；若表示 in/out，则 direction_sign=-1；若该模块无合适 ratio，则留空。,"Fill +1 for out/in-like forward support, -1 for in/out-like reverse support",gcst90200318/gcst90200239,gcst90200239/gcst90200318
M_125,GCST90200170,GCST90200318,Octadecadienedioate (C18:2-DC),Acetoacetate,二羧酸脂肪酸支路,Dicarboxylic Fatty Acid Branch,脂肪酸二羧酸/羟基脂肪酸与酮体代谢,中,,,GCST90200318 / GCST90200170,GCST90200170 / GCST90200318,Acetoacetate / Octadecadienedioate (C18:2-DC),Octadecadienedioate (C18:2-DC) / Acetoacetate,若 ratio_trait 表示 out/in，则 direction_sign=+1；若表示 in/out，则 direction_sign=-1；若该模块无合适 ratio，则留空。,"Fill +1 for out/in-like forward support, -1 for in/out-like reverse support",gcst90200318/gcst90200170,gcst90200170/gcst90200318
M_126,GCST90200198,GCST90200318,2-hydroxysebacate,Acetoacetate,二羧酸脂肪酸支路,Dicarboxylic Fatty Acid Branch,脂肪酸二羧酸/羟基脂肪酸与酮体代谢,中,,,GCST90200318 / GCST90200198,GCST90200198 / GCST90200318,Acetoacetate / 2-hydroxysebacate,2-hydroxysebacate / Acetoacetate,若 ratio_trait 表示 out/in，则 direction_sign=+1；若表示 in/out，则 direction_sign=-1；若该模块无合适 ratio，则留空。,"Fill +1 for out/in-like forward support, -1 for in/out-like reverse support",gcst90200318/gcst90200198,gcst90200198/gcst90200318
M_127,GCST90200380,GCST90200318,Glutarate (C5-DC),Acetoacetate,二羧酸脂肪酸支路,Dicarboxylic Fatty Acid Branch,脂肪酸二羧酸/羟基脂肪酸与酮体代谢,中,,,GCST90200318 / GCST90200380,GCST90200380 / GCST90200318,Acetoacetate / Glutarate (C5-DC),Glutarate (C5-DC) / Acetoacetate,若 ratio_trait 表示 out/in，则 direction_sign=+1；若表示 in/out，则 direction_sign=-1；若该模块无合适 ratio，则留空。,"Fill +1 for out/in-like forward support, -1 for in/out-like reverse support",gcst90200318/gcst90200380,gcst90200380/gcst90200318
M_128,GCST90200318,GCST90199669,Acetoacetate,Acetylcarnitine (c2),酮体支路,Ketone Body Branch,脂肪酸二羧酸/羟基脂肪酸与酮体代谢,中,,,GCST90199669 / GCST90200318,GCST90200318 / GCST90199669,Acetylcarnitine (c2) / Acetoacetate,Acetoacetate / Acetylcarnitine (c2),若 ratio_trait 表示 out/in，则 direction_sign=+1；若表示 in/out，则 direction_sign=-1；若该模块无合适 ratio，则留空。,"Fill +1 for out/in-like forward support, -1 for in/out-like reverse support",gcst90199669/gcst90200318,gcst90200318/gcst90199669
M_129,GCST90200029,GCST90200354,Linoleoyl ethanolamide,Linoleate (18:2n6),脂质介质/乙醇酰胺支路,Lipid Mediator/Ethanolamide Branch,脂肪酸二羧酸/羟基脂肪酸与酮体代谢,高,,,GCST90200354 / GCST90200029,GCST90200029 / GCST90200354,Linoleate (18:2n6) / Linoleoyl ethanolamide,Linoleoyl ethanolamide / Linoleate (18:2n6),若 ratio_trait 表示 out/in，则 direction_sign=+1；若表示 in/out，则 direction_sign=-1；若该模块无合适 ratio，则留空。,"Fill +1 for out/in-like forward support, -1 for in/out-like reverse support",gcst90200354/gcst90200029,gcst90200029/gcst90200354
M_130,GCST90200299,GCST90200042,Oleoyl ethanolamide,Oleate/vaccenate (18:1),脂质介质/乙醇酰胺支路,Lipid Mediator/Ethanolamide Branch,脂肪酸二羧酸/羟基脂肪酸与酮体代谢,高,,,GCST90200042 / GCST90200299,GCST90200299 / GCST90200042,Oleate/vaccenate (18:1) / Oleoyl ethanolamide,Oleoyl ethanolamide / Oleate/vaccenate (18:1),若 ratio_trait 表示 out/in，则 direction_sign=+1；若表示 in/out，则 direction_sign=-1；若该模块无合适 ratio，则留空。,"Fill +1 for out/in-like forward support, -1 for in/out-like reverse support",gcst90200042/gcst90200299,gcst90200299/gcst90200042
M_131,GCST90199728,GCST90200400,10-nonadecenoate (19:1n9),Nicotinamide,辅因子/维生素支路,Cofactor/Vitamin Branch,脂肪酸二羧酸/羟基脂肪酸与酮体代谢,低,,,GCST90200400 / GCST90199728,GCST90199728 / GCST90200400,Nicotinamide / 10-nonadecenoate (19:1n9),10-nonadecenoate (19:1n9) / Nicotinamide,若 ratio_trait 表示 out/in，则 direction_sign=+1；若表示 in/out，则 direction_sign=-1；若该模块无合适 ratio，则留空。,"Fill +1 for out/in-like forward support, -1 for in/out-like reverse support",gcst90200400/gcst90199728,gcst90199728/gcst90200400
M_132,GCST90200249,GCST90200318,"Branched-chain, straight-chain, or cyclopropyl 12:1 fatty acid",Acetoacetate,其他/待定,Other/Undetermined,脂肪酸二羧酸/羟基脂肪酸与酮体代谢,低,,,GCST90200318 / GCST90200249,GCST90200249 / GCST90200318,"Acetoacetate / Branched-chain, straight-chain, or cyclopropyl 12:1 fatty acid","Branched-chain, straight-chain, or cyclopropyl 12:1 fatty acid / Acetoacetate",若 ratio_trait 表示 out/in，则 direction_sign=+1；若表示 in/out，则 direction_sign=-1；若该模块无合适 ratio，则留空。,"Fill +1 for out/in-like forward support, -1 for in/out-like reverse support",gcst90200318/gcst90200249,gcst90200249/gcst90200318
M_133,GCST90200251,GCST90200318,"Branched-chain, straight-chain, or cyclopropyl 10:1 fatty acid (1)",Acetoacetate,其他/待定,Other/Undetermined,脂肪酸二羧酸/羟基脂肪酸与酮体代谢,低,,,GCST90200318 / GCST90200251,GCST90200251 / GCST90200318,"Acetoacetate / Branched-chain, straight-chain, or cyclopropyl 10:1 fatty acid (1)","Branched-chain, straight-chain, or cyclopropyl 10:1 fatty acid (1) / Acetoacetate",若 ratio_trait 表示 out/in，则 direction_sign=+1；若表示 in/out，则 direction_sign=-1；若该模块无合适 ratio，则留空。,"Fill +1 for out/in-like forward support, -1 for in/out-like reverse support",gcst90200318/gcst90200251,gcst90200251/gcst90200318
M_134,GCST90200263,GCST90200318,(2 or 3)-decenoate (10:1n7 or n8),Acetoacetate,其他/待定,Other/Undetermined,脂肪酸二羧酸/羟基脂肪酸与酮体代谢,低,,,GCST90200318 / GCST90200263,GCST90200263 / GCST90200318,Acetoacetate / (2 or 3)-decenoate (10:1n7 or n8),(2 or 3)-decenoate (10:1n7 or n8) / Acetoacetate,若 ratio_trait 表示 out/in，则 direction_sign=+1；若表示 in/out，则 direction_sign=-1；若该模块无合适 ratio，则留空。,"Fill +1 for out/in-like forward support, -1 for in/out-like reverse support",gcst90200318/gcst90200263,gcst90200263/gcst90200318
M_135,GCST90200430,GCST90200304,Pyruvate,Citrate,丙酮酸入口,Pyruvate Entry Branch,TCA循环与有机酸代谢,高,,,GCST90200304 / GCST90200430,GCST90200430 / GCST90200304,Citrate / Pyruvate,Pyruvate / Citrate,若 ratio_trait 表示 out/in，则 direction_sign=+1；若表示 in/out，则 direction_sign=-1；若该模块无合适 ratio，则留空。,"Fill +1 for out/in-like forward support, -1 for in/out-like reverse support",gcst90200304/gcst90200430,gcst90200430/gcst90200304
M_136,GCST90200430,GCST90200408,Pyruvate,Lactate,丙酮酸入口,Pyruvate Entry Branch,TCA循环与有机酸代谢,中,,,GCST90200408 / GCST90200430,GCST90200430 / GCST90200408,Lactate / Pyruvate,Pyruvate / Lactate,若 ratio_trait 表示 out/in，则 direction_sign=+1；若表示 in/out，则 direction_sign=-1；若该模块无合适 ratio，则留空。,"Fill +1 for out/in-like forward support, -1 for in/out-like reverse support",gcst90200408/gcst90200430,gcst90200430/gcst90200408
M_137,GCST90200430,GCST90200370,Pyruvate,Aspartate,丙酮酸入口,Pyruvate Entry Branch,TCA循环与有机酸代谢,中,,,GCST90200370 / GCST90200430,GCST90200430 / GCST90200370,Aspartate / Pyruvate,Pyruvate / Aspartate,若 ratio_trait 表示 out/in，则 direction_sign=+1；若表示 in/out，则 direction_sign=-1；若该模块无合适 ratio，则留空。,"Fill +1 for out/in-like forward support, -1 for in/out-like reverse support",gcst90200370/gcst90200430,gcst90200430/gcst90200370
M_138,GCST90199745,GCST90200304,Aconitate [cis or trans],Citrate,柠檬酸/乌头酸支路,Citrate/Aconitate Branch,TCA循环与有机酸代谢,高,,,GCST90200304 / GCST90199745,GCST90199745 / GCST90200304,Citrate / Aconitate [cis or trans],Aconitate [cis or trans] / Citrate,若 ratio_trait 表示 out/in，则 direction_sign=+1；若表示 in/out，则 direction_sign=-1；若该模块无合适 ratio，则留空。,"Fill +1 for out/in-like forward support, -1 for in/out-like reverse support",gcst90200304/gcst90199745,gcst90199745/gcst90200304
M_139,GCST90199745,GCST90200455,Aconitate [cis or trans],Alpha-ketoglutarate,柠檬酸/乌头酸支路,Citrate/Aconitate Branch,TCA循环与有机酸代谢,高,,,GCST90200455 / GCST90199745,GCST90199745 / GCST90200455,Alpha-ketoglutarate / Aconitate [cis or trans],Aconitate [cis or trans] / Alpha-ketoglutarate,若 ratio_trait 表示 out/in，则 direction_sign=+1；若表示 in/out，则 direction_sign=-1；若该模块无合适 ratio，则留空。,"Fill +1 for out/in-like forward support, -1 for in/out-like reverse support",gcst90200455/gcst90199745,gcst90199745/gcst90200455
M_140,GCST90200304,GCST90199745,Citrate,Aconitate [cis or trans],柠檬酸/乌头酸支路,Citrate/Aconitate Branch,TCA循环与有机酸代谢,高,,,GCST90199745 / GCST90200304,GCST90200304 / GCST90199745,Aconitate [cis or trans] / Citrate,Citrate / Aconitate [cis or trans],若 ratio_trait 表示 out/in，则 direction_sign=+1；若表示 in/out，则 direction_sign=-1；若该模块无合适 ratio，则留空。,"Fill +1 for out/in-like forward support, -1 for in/out-like reverse support",gcst90199745/gcst90200304,gcst90200304/gcst90199745
M_141,GCST90200304,GCST90200455,Citrate,Alpha-ketoglutarate,柠檬酸/乌头酸支路,Citrate/Aconitate Branch,TCA循环与有机酸代谢,高,,,GCST90200455 / GCST90200304,GCST90200304 / GCST90200455,Alpha-ketoglutarate / Citrate,Citrate / Alpha-ketoglutarate,若 ratio_trait 表示 out/in，则 direction_sign=+1；若表示 in/out，则 direction_sign=-1；若该模块无合适 ratio，则留空。,"Fill +1 for out/in-like forward support, -1 for in/out-like reverse support",gcst90200455/gcst90200304,gcst90200304/gcst90200455
M_142,GCST90199897,GCST90200455,4-hydroxy-2-oxoglutaric acid,Alpha-ketoglutarate,α-酮戊二酸支路,α-Ketoglutarate Branch,TCA循环与有机酸代谢,高,,,GCST90200455 / GCST90199897,GCST90199897 / GCST90200455,Alpha-ketoglutarate / 4-hydroxy-2-oxoglutaric acid,4-hydroxy-2-oxoglutaric acid / Alpha-ketoglutarate,若 ratio_trait 表示 out/in，则 direction_sign=+1；若表示 in/out，则 direction_sign=-1；若该模块无合适 ratio，则留空。,"Fill +1 for out/in-like forward support, -1 for in/out-like reverse support",gcst90200455/gcst90199897,gcst90199897/gcst90200455
M_143,GCST90200455,GCST90200362,Alpha-ketoglutarate,Succinate,α-酮戊二酸支路,α-Ketoglutarate Branch,TCA循环与有机酸代谢,高,GCST90200718,-1.0,GCST90200362 / GCST90200455,GCST90200455 / GCST90200362,Succinate / Alpha-ketoglutarate,Alpha-ketoglutarate / Succinate,若 ratio_trait 表示 out/in，则 direction_sign=+1；若表示 in/out，则 direction_sign=-1；若该模块无合适 ratio，则留空。,"Fill +1 for out/in-like forward support, -1 for in/out-like reverse support",gcst90200362/gcst90200455,gcst90200455/gcst90200362
M_144,GCST90200455,GCST90199865,Alpha-ketoglutarate,2-hydroxyglutarate,α-酮戊二酸支路,α-Ketoglutarate Branch,TCA循环与有机酸代谢,中,,,GCST90199865 / GCST90200455,GCST90200455 / GCST90199865,2-hydroxyglutarate / Alpha-ketoglutarate,Alpha-ketoglutarate / 2-hydroxyglutarate,若 ratio_trait 表示 out/in，则 direction_sign=+1；若表示 in/out，则 direction_sign=-1；若该模块无合适 ratio，则留空。,"Fill +1 for out/in-like forward support, -1 for in/out-like reverse support",gcst90199865/gcst90200455,gcst90200455/gcst90199865
M_145,GCST90200455,GCST90200398,Alpha-ketoglutarate,Malate,α-酮戊二酸支路,α-Ketoglutarate Branch,TCA循环与有机酸代谢,高,,,GCST90200398 / GCST90200455,GCST90200455 / GCST90200398,Malate / Alpha-ketoglutarate,Alpha-ketoglutarate / Malate,若 ratio_trait 表示 out/in，则 direction_sign=+1；若表示 in/out，则 direction_sign=-1；若该模块无合适 ratio，则留空。,"Fill +1 for out/in-like forward support, -1 for in/out-like reverse support",gcst90200398/gcst90200455,gcst90200455/gcst90200398
M_146,GCST90200455,GCST90200412,Alpha-ketoglutarate,Glutamate,α-酮戊二酸支路,α-Ketoglutarate Branch,TCA循环与有机酸代谢,高,GCST90200715,-1.0,GCST90200412 / GCST90200455,GCST90200455 / GCST90200412,Glutamate / Alpha-ketoglutarate,Alpha-ketoglutarate / Glutamate,若 ratio_trait 表示 out/in，则 direction_sign=+1；若表示 in/out，则 direction_sign=-1；若该模块无合适 ratio，则留空。,"Fill +1 for out/in-like forward support, -1 for in/out-like reverse support",gcst90200412/gcst90200455,gcst90200455/gcst90200412
M_147,GCST90199925,GCST90200362,Succinimide,Succinate,琥珀酰/琥珀酸支路,Succinyl/Succinate Branch,TCA循环与有机酸代谢,中,,,GCST90200362 / GCST90199925,GCST90199925 / GCST90200362,Succinate / Succinimide,Succinimide / Succinate,若 ratio_trait 表示 out/in，则 direction_sign=+1；若表示 in/out，则 direction_sign=-1；若该模块无合适 ratio，则留空。,"Fill +1 for out/in-like forward support, -1 for in/out-like reverse support",gcst90200362/gcst90199925,gcst90199925/gcst90200362
M_148,GCST90200256,GCST90200362,Dibutyl sulfosuccinate,Succinate,琥珀酰/琥珀酸支路,Succinyl/Succinate Branch,TCA循环与有机酸代谢,中,,,GCST90200362 / GCST90200256,GCST90200256 / GCST90200362,Succinate / Dibutyl sulfosuccinate,Dibutyl sulfosuccinate / Succinate,若 ratio_trait 表示 out/in，则 direction_sign=+1；若表示 in/out，则 direction_sign=-1；若该模块无合适 ratio，则留空。,"Fill +1 for out/in-like forward support, -1 for in/out-like reverse support",gcst90200362/gcst90200256,gcst90200256/gcst90200362
M_149,GCST90200352,GCST90200362,Methylsuccinate,Succinate,琥珀酰/琥珀酸支路,Succinyl/Succinate Branch,TCA循环与有机酸代谢,中,,,GCST90200362 / GCST90200352,GCST90200352 / GCST90200362,Succinate / Methylsuccinate,Methylsuccinate / Succinate,若 ratio_trait 表示 out/in，则 direction_sign=+1；若表示 in/out，则 direction_sign=-1；若该模块无合适 ratio，则留空。,"Fill +1 for out/in-like forward support, -1 for in/out-like reverse support",gcst90200362/gcst90200352,gcst90200352/gcst90200362
M_150,GCST90200362,GCST90200398,Succinate,Malate,琥珀酰/琥珀酸支路,Succinyl/Succinate Branch,TCA循环与有机酸代谢,高,,,GCST90200398 / GCST90200362,GCST90200362 / GCST90200398,Malate / Succinate,Succinate / Malate,若 ratio_trait 表示 out/in，则 direction_sign=+1；若表示 in/out，则 direction_sign=-1；若该模块无合适 ratio，则留空。,"Fill +1 for out/in-like forward support, -1 for in/out-like reverse support",gcst90200398/gcst90200362,gcst90200362/gcst90200398
M_151,GCST90199661,GCST90200398,Maleate,Malate,延胡索酸/马来酸支路,Fumarate/Maleate Branch,TCA循环与有机酸代谢,中,,,GCST90200398 / GCST90199661,GCST90199661 / GCST90200398,Malate / Maleate,Maleate / Malate,若 ratio_trait 表示 out/in，则 direction_sign=+1；若表示 in/out，则 direction_sign=-1；若该模块无合适 ratio，则留空。,"Fill +1 for out/in-like forward support, -1 for in/out-like reverse support",gcst90200398/gcst90199661,gcst90199661/gcst90200398
M_152,GCST90199692,GCST90200398,Citramalate,Malate,苹果酸支路,Malate Branch,TCA循环与有机酸代谢,中,,,GCST90200398 / GCST90199692,GCST90199692 / GCST90200398,Malate / Citramalate,Citramalate / Malate,若 ratio_trait 表示 out/in，则 direction_sign=+1；若表示 in/out，则 direction_sign=-1；若该模块无合适 ratio，则留空。,"Fill +1 for out/in-like forward support, -1 for in/out-like reverse support",gcst90200398/gcst90199692,gcst90199692/gcst90200398
M_153,GCST90200398,GCST90200370,Malate,Aspartate,苹果酸支路,Malate Branch,TCA循环与有机酸代谢,高,,,GCST90200370 / GCST90200398,GCST90200398 / GCST90200370,Aspartate / Malate,Malate / Aspartate,若 ratio_trait 表示 out/in，则 direction_sign=+1；若表示 in/out，则 direction_sign=-1；若该模块无合适 ratio，则留空。,"Fill +1 for out/in-like forward support, -1 for in/out-like reverse support",gcst90200370/gcst90200398,gcst90200398/gcst90200370
M_154,GCST90200398,GCST90200304,Malate,Citrate,苹果酸支路,Malate Branch,TCA循环与有机酸代谢,中,,,GCST90200304 / GCST90200398,GCST90200398 / GCST90200304,Citrate / Malate,Malate / Citrate,若 ratio_trait 表示 out/in，则 direction_sign=+1；若表示 in/out，则 direction_sign=-1；若该模块无合适 ratio，则留空。,"Fill +1 for out/in-like forward support, -1 for in/out-like reverse support",gcst90200304/gcst90200398,gcst90200398/gcst90200304
M_155,GCST90199665,GCST90200370,N-acetylaspartate (naa),Aspartate,草酰乙酸/天冬氨酸相关,Oxaloacetate/Aspartate Related Branch,TCA循环与有机酸代谢,高,,,GCST90200370 / GCST90199665,GCST90199665 / GCST90200370,Aspartate / N-acetylaspartate (naa),N-acetylaspartate (naa) / Aspartate,若 ratio_trait 表示 out/in，则 direction_sign=+1；若表示 in/out，则 direction_sign=-1；若该模块无合适 ratio，则留空。,"Fill +1 for out/in-like forward support, -1 for in/out-like reverse support",gcst90200370/gcst90199665,gcst90199665/gcst90200370
M_156,GCST90200370,GCST90200304,Aspartate,Citrate,草酰乙酸/天冬氨酸相关,Oxaloacetate/Aspartate Related Branch,TCA循环与有机酸代谢,中,GCST90200742,-1.0,GCST90200304 / GCST90200370,GCST90200370 / GCST90200304,Citrate / Aspartate,Aspartate / Citrate,若 ratio_trait 表示 out/in，则 direction_sign=+1；若表示 in/out，则 direction_sign=-1；若该模块无合适 ratio，则留空。,"Fill +1 for out/in-like forward support, -1 for in/out-like reverse support",gcst90200304/gcst90200370,gcst90200370/gcst90200304
M_157,GCST90199865,GCST90200455,2-hydroxyglutarate,Alpha-ketoglutarate,还原性TCA相关,Reductive TCA-Related Branch,TCA循环与有机酸代谢,高,,,GCST90200455 / GCST90199865,GCST90199865 / GCST90200455,Alpha-ketoglutarate / 2-hydroxyglutarate,2-hydroxyglutarate / Alpha-ketoglutarate,若 ratio_trait 表示 out/in，则 direction_sign=+1；若表示 in/out，则 direction_sign=-1；若该模块无合适 ratio，则留空。,"Fill +1 for out/in-like forward support, -1 for in/out-like reverse support",gcst90200455/gcst90199865,gcst90199865/gcst90200455
M_158,GCST90200365,GCST90200408,Phenylpyruvate,Lactate,丙酮酸入口,Pyruvate Entry Branch,芳香族氨基酸-吲哚/组氨酸-微生物共代谢,低,,,GCST90200408 / GCST90200365,GCST90200365 / GCST90200408,Lactate / Phenylpyruvate,Phenylpyruvate / Lactate,若 ratio_trait 表示 out/in，则 direction_sign=+1；若表示 in/out，则 direction_sign=-1；若该模块无合适 ratio，则留空。,"Fill +1 for out/in-like forward support, -1 for in/out-like reverse support",gcst90200408/gcst90200365,gcst90200365/gcst90200408
M_159,GCST90200365,GCST90200396,Phenylpyruvate,Phenylalanine,丙酮酸入口,Pyruvate Entry Branch,芳香族氨基酸-吲哚/组氨酸-微生物共代谢,高,,,GCST90200396 / GCST90200365,GCST90200365 / GCST90200396,Phenylalanine / Phenylpyruvate,Phenylpyruvate / Phenylalanine,若 ratio_trait 表示 out/in，则 direction_sign=+1；若表示 in/out，则 direction_sign=-1；若该模块无合适 ratio，则留空。,"Fill +1 for out/in-like forward support, -1 for in/out-like reverse support",gcst90200396/gcst90200365,gcst90200365/gcst90200396
M_160,GCST90200300,GCST90200371,4-hydroxyphenylpyruvate,3-(4-hydroxyphenyl)lactate,丙酮酸入口,Pyruvate Entry Branch,芳香族氨基酸-吲哚/组氨酸-微生物共代谢,高,,,GCST90200371 / GCST90200300,GCST90200300 / GCST90200371,3-(4-hydroxyphenyl)lactate / 4-hydroxyphenylpyruvate,4-hydroxyphenylpyruvate / 3-(4-hydroxyphenyl)lactate,若 ratio_trait 表示 out/in，则 direction_sign=+1；若表示 in/out，则 direction_sign=-1；若该模块无合适 ratio，则留空。,"Fill +1 for out/in-like forward support, -1 for in/out-like reverse support",gcst90200371/gcst90200300,gcst90200300/gcst90200371
M_161,GCST90200300,GCST90200427,4-hydroxyphenylpyruvate,Tyrosine,丙酮酸入口,Pyruvate Entry Branch,芳香族氨基酸-吲哚/组氨酸-微生物共代谢,高,,,GCST90200427 / GCST90200300,GCST90200300 / GCST90200427,Tyrosine / 4-hydroxyphenylpyruvate,4-hydroxyphenylpyruvate / Tyrosine,若 ratio_trait 表示 out/in，则 direction_sign=+1；若表示 in/out，则 direction_sign=-1；若该模块无合适 ratio，则留空。,"Fill +1 for out/in-like forward support, -1 for in/out-like reverse support",gcst90200427/gcst90200300,gcst90200300/gcst90200427
M_162,GCST90199626,GCST90199636,Xanthurenate,Kynurenine,色氨酸/犬尿氨酸支路,Tryptophan/Kynurenine Branch,芳香族氨基酸-吲哚/组氨酸-微生物共代谢,低,,,GCST90199636 / GCST90199626,GCST90199626 / GCST90199636,Kynurenine / Xanthurenate,Xanthurenate / Kynurenine,若 ratio_trait 表示 out/in，则 direction_sign=+1；若表示 in/out，则 direction_sign=-1；若该模块无合适 ratio，则留空。,"Fill +1 for out/in-like forward support, -1 for in/out-like reverse support",gcst90199636/gcst90199626,gcst90199626/gcst90199636
M_163,GCST90199636,GCST90200454,Kynurenine,Kynurenate,色氨酸/犬尿氨酸支路,Tryptophan/Kynurenine Branch,芳香族氨基酸-吲哚/组氨酸-微生物共代谢,高,,,GCST90200454 / GCST90199636,GCST90199636 / GCST90200454,Kynurenate / Kynurenine,Kynurenine / Kynurenate,若 ratio_trait 表示 out/in，则 direction_sign=+1；若表示 in/out，则 direction_sign=-1；若该模块无合适 ratio，则留空。,"Fill +1 for out/in-like forward support, -1 for in/out-like reverse support",gcst90200454/gcst90199636,gcst90199636/gcst90200454
M_164,GCST90199636,GCST90199626,Kynurenine,Xanthurenate,色氨酸/犬尿氨酸支路,Tryptophan/Kynurenine Branch,芳香族氨基酸-吲哚/组氨酸-微生物共代谢,高,,,GCST90199626 / GCST90199636,GCST90199636 / GCST90199626,Xanthurenate / Kynurenine,Kynurenine / Xanthurenate,若 ratio_trait 表示 out/in，则 direction_sign=+1；若表示 in/out，则 direction_sign=-1；若该模块无合适 ratio，则留空。,"Fill +1 for out/in-like forward support, -1 for in/out-like reverse support",gcst90199626/gcst90199636,gcst90199636/gcst90199626
M_165,GCST90199636,GCST90199960,Kynurenine,N-formylanthranilic acid,色氨酸/犬尿氨酸支路,Tryptophan/Kynurenine Branch,芳香族氨基酸-吲哚/组氨酸-微生物共代谢,低,,,GCST90199960 / GCST90199636,GCST90199636 / GCST90199960,N-formylanthranilic acid / Kynurenine,Kynurenine / N-formylanthranilic acid,若 ratio_trait 表示 out/in，则 direction_sign=+1；若表示 in/out，则 direction_sign=-1；若该模块无合适 ratio，则留空。,"Fill +1 for out/in-like forward support, -1 for in/out-like reverse support",gcst90199960/gcst90199636,gcst90199636/gcst90199960
M_166,GCST90199636,GCST90200015,Kynurenine,N-acetylkynurenine (2),色氨酸/犬尿氨酸支路,Tryptophan/Kynurenine Branch,芳香族氨基酸-吲哚/组氨酸-微生物共代谢,低,,,GCST90200015 / GCST90199636,GCST90199636 / GCST90200015,N-acetylkynurenine (2) / Kynurenine,Kynurenine / N-acetylkynurenine (2),若 ratio_trait 表示 out/in，则 direction_sign=+1；若表示 in/out，则 direction_sign=-1；若该模块无合适 ratio，则留空。,"Fill +1 for out/in-like forward support, -1 for in/out-like reverse support",gcst90200015/gcst90199636,gcst90199636/gcst90200015
M_167,GCST90199636,GCST90200186,Kynurenine,8-methoxykynurenate,色氨酸/犬尿氨酸支路,Tryptophan/Kynurenine Branch,芳香族氨基酸-吲哚/组氨酸-微生物共代谢,低,,,GCST90200186 / GCST90199636,GCST90199636 / GCST90200186,8-methoxykynurenate / Kynurenine,Kynurenine / 8-methoxykynurenate,若 ratio_trait 表示 out/in，则 direction_sign=+1；若表示 in/out，则 direction_sign=-1；若该模块无合适 ratio，则留空。,"Fill +1 for out/in-like forward support, -1 for in/out-like reverse support",gcst90200186/gcst90199636,gcst90199636/gcst90200186
M_168,GCST90199636,GCST90200324,Kynurenine,Anthranilate,色氨酸/犬尿氨酸支路,Tryptophan/Kynurenine Branch,芳香族氨基酸-吲哚/组氨酸-微生物共代谢,高,,,GCST90200324 / GCST90199636,GCST90199636 / GCST90200324,Anthranilate / Kynurenine,Kynurenine / Anthranilate,若 ratio_trait 表示 out/in，则 direction_sign=+1；若表示 in/out，则 direction_sign=-1；若该模块无合适 ratio，则留空。,"Fill +1 for out/in-like forward support, -1 for in/out-like reverse support",gcst90200324/gcst90199636,gcst90199636/gcst90200324
M_169,GCST90199636,GCST90200441,Kynurenine,Tryptophan,色氨酸/犬尿氨酸支路,Tryptophan/Kynurenine Branch,芳香族氨基酸-吲哚/组氨酸-微生物共代谢,低,,,GCST90200441 / GCST90199636,GCST90199636 / GCST90200441,Tryptophan / Kynurenine,Kynurenine / Tryptophan,若 ratio_trait 表示 out/in，则 direction_sign=+1；若表示 in/out，则 direction_sign=-1；若该模块无合适 ratio，则留空。,"Fill +1 for out/in-like forward support, -1 for in/out-like reverse support",gcst90200441/gcst90199636,gcst90199636/gcst90200441
M_170,GCST90199960,GCST90199636,N-formylanthranilic acid,Kynurenine,色氨酸/犬尿氨酸支路,Tryptophan/Kynurenine Branch,芳香族氨基酸-吲哚/组氨酸-微生物共代谢,中,,,GCST90199636 / GCST90199960,GCST90199960 / GCST90199636,Kynurenine / N-formylanthranilic acid,N-formylanthranilic acid / Kynurenine,若 ratio_trait 表示 out/in，则 direction_sign=+1；若表示 in/out，则 direction_sign=-1；若该模块无合适 ratio，则留空。,"Fill +1 for out/in-like forward support, -1 for in/out-like reverse support",gcst90199636/gcst90199960,gcst90199960/gcst90199636
M_171,GCST90200008,GCST90200441,C-glycosyltryptophan,Tryptophan,色氨酸/犬尿氨酸支路,Tryptophan/Kynurenine Branch,芳香族氨基酸-吲哚/组氨酸-微生物共代谢,中,,,GCST90200441 / GCST90200008,GCST90200008 / GCST90200441,Tryptophan / C-glycosyltryptophan,C-glycosyltryptophan / Tryptophan,若 ratio_trait 表示 out/in，则 direction_sign=+1；若表示 in/out，则 direction_sign=-1；若该模块无合适 ratio，则留空。,"Fill +1 for out/in-like forward support, -1 for in/out-like reverse support",gcst90200441/gcst90200008,gcst90200008/gcst90200441
M_172,GCST90200015,GCST90199636,N-acetylkynurenine (2),Kynurenine,色氨酸/犬尿氨酸支路,Tryptophan/Kynurenine Branch,芳香族氨基酸-吲哚/组氨酸-微生物共代谢,中,,,GCST90199636 / GCST90200015,GCST90200015 / GCST90199636,Kynurenine / N-acetylkynurenine (2),N-acetylkynurenine (2) / Kynurenine,若 ratio_trait 表示 out/in，则 direction_sign=+1；若表示 in/out，则 direction_sign=-1；若该模块无合适 ratio，则留空。,"Fill +1 for out/in-like forward support, -1 for in/out-like reverse support",gcst90199636/gcst90200015,gcst90200015/gcst90199636
M_173,GCST90200186,GCST90199636,8-methoxykynurenate,Kynurenine,色氨酸/犬尿氨酸支路,Tryptophan/Kynurenine Branch,芳香族氨基酸-吲哚/组氨酸-微生物共代谢,中,,,GCST90199636 / GCST90200186,GCST90200186 / GCST90199636,Kynurenine / 8-methoxykynurenate,8-methoxykynurenate / Kynurenine,若 ratio_trait 表示 out/in，则 direction_sign=+1；若表示 in/out，则 direction_sign=-1；若该模块无合适 ratio，则留空。,"Fill +1 for out/in-like forward support, -1 for in/out-like reverse support",gcst90199636/gcst90200186,gcst90200186/gcst90199636
M_174,GCST90200201,GCST90200441,6-bromotryptophan,Tryptophan,色氨酸/犬尿氨酸支路,Tryptophan/Kynurenine Branch,芳香族氨基酸-吲哚/组氨酸-微生物共代谢,中,,,GCST90200441 / GCST90200201,GCST90200201 / GCST90200441,Tryptophan / 6-bromotryptophan,6-bromotryptophan / Tryptophan,若 ratio_trait 表示 out/in，则 direction_sign=+1；若表示 in/out，则 direction_sign=-1；若该模块无合适 ratio，则留空。,"Fill +1 for out/in-like forward support, -1 for in/out-like reverse support",gcst90200441/gcst90200201,gcst90200201/gcst90200441
M_175,GCST90200324,GCST90199636,Anthranilate,Kynurenine,色氨酸/犬尿氨酸支路,Tryptophan/Kynurenine Branch,芳香族氨基酸-吲哚/组氨酸-微生物共代谢,中,,,GCST90199636 / GCST90200324,GCST90200324 / GCST90199636,Kynurenine / Anthranilate,Anthranilate / Kynurenine,若 ratio_trait 表示 out/in，则 direction_sign=+1；若表示 in/out，则 direction_sign=-1；若该模块无合适 ratio，则留空。,"Fill +1 for out/in-like forward support, -1 for in/out-like reverse support",gcst90199636/gcst90200324,gcst90200324/gcst90199636
M_176,GCST90200441,GCST90199636,Tryptophan,Kynurenine,色氨酸/犬尿氨酸支路,Tryptophan/Kynurenine Branch,芳香族氨基酸-吲哚/组氨酸-微生物共代谢,高,,,GCST90199636 / GCST90200441,GCST90200441 / GCST90199636,Kynurenine / Tryptophan,Tryptophan / Kynurenine,若 ratio_trait 表示 out/in，则 direction_sign=+1；若表示 in/out，则 direction_sign=-1；若该模块无合适 ratio，则留空。,"Fill +1 for out/in-like forward support, -1 for in/out-like reverse support",gcst90199636/gcst90200441,gcst90200441/gcst90199636
M_177,GCST90200441,GCST90200008,Tryptophan,C-glycosyltryptophan,色氨酸/犬尿氨酸支路,Tryptophan/Kynurenine Branch,芳香族氨基酸-吲哚/组氨酸-微生物共代谢,中,,,GCST90200008 / GCST90200441,GCST90200441 / GCST90200008,C-glycosyltryptophan / Tryptophan,Tryptophan / C-glycosyltryptophan,若 ratio_trait 表示 out/in，则 direction_sign=+1；若表示 in/out，则 direction_sign=-1；若该模块无合适 ratio，则留空。,"Fill +1 for out/in-like forward support, -1 for in/out-like reverse support",gcst90200008/gcst90200441,gcst90200441/gcst90200008
M_178,GCST90200441,GCST90200201,Tryptophan,6-bromotryptophan,色氨酸/犬尿氨酸支路,Tryptophan/Kynurenine Branch,芳香族氨基酸-吲哚/组氨酸-微生物共代谢,中,,,GCST90200201 / GCST90200441,GCST90200441 / GCST90200201,6-bromotryptophan / Tryptophan,Tryptophan / 6-bromotryptophan,若 ratio_trait 表示 out/in，则 direction_sign=+1；若表示 in/out，则 direction_sign=-1；若该模块无合适 ratio，则留空。,"Fill +1 for out/in-like forward support, -1 for in/out-like reverse support",gcst90200201/gcst90200441,gcst90200441/gcst90200201
M_179,GCST90200441,GCST90199683,Tryptophan,Indoleacetate,色氨酸/犬尿氨酸支路,Tryptophan/Kynurenine Branch,芳香族氨基酸-吲哚/组氨酸-微生物共代谢,高,,,GCST90199683 / GCST90200441,GCST90200441 / GCST90199683,Indoleacetate / Tryptophan,Tryptophan / Indoleacetate,若 ratio_trait 表示 out/in，则 direction_sign=+1；若表示 in/out，则 direction_sign=-1；若该模块无合适 ratio，则留空。,"Fill +1 for out/in-like forward support, -1 for in/out-like reverse support",gcst90199683/gcst90200441,gcst90200441/gcst90199683
M_180,GCST90200441,GCST90199686,Tryptophan,Indolepropionate,色氨酸/犬尿氨酸支路,Tryptophan/Kynurenine Branch,芳香族氨基酸-吲哚/组氨酸-微生物共代谢,高,,,GCST90199686 / GCST90200441,GCST90200441 / GCST90199686,Indolepropionate / Tryptophan,Tryptophan / Indolepropionate,若 ratio_trait 表示 out/in，则 direction_sign=+1；若表示 in/out，则 direction_sign=-1；若该模块无合适 ratio，则留空。,"Fill +1 for out/in-like forward support, -1 for in/out-like reverse support",gcst90199686/gcst90200441,gcst90200441/gcst90199686
M_181,GCST90200441,GCST90199650,Tryptophan,Indolelactate,色氨酸/犬尿氨酸支路,Tryptophan/Kynurenine Branch,芳香族氨基酸-吲哚/组氨酸-微生物共代谢,高,,,GCST90199650 / GCST90200441,GCST90200441 / GCST90199650,Indolelactate / Tryptophan,Tryptophan / Indolelactate,若 ratio_trait 表示 out/in，则 direction_sign=+1；若表示 in/out，则 direction_sign=-1；若该模块无合适 ratio，则留空。,"Fill +1 for out/in-like forward support, -1 for in/out-like reverse support",gcst90199650/gcst90200441,gcst90200441/gcst90199650
M_182,GCST90200454,GCST90199636,Kynurenate,Kynurenine,色氨酸/犬尿氨酸支路,Tryptophan/Kynurenine Branch,芳香族氨基酸-吲哚/组氨酸-微生物共代谢,中,,,GCST90199636 / GCST90200454,GCST90200454 / GCST90199636,Kynurenine / Kynurenate,Kynurenate / Kynurenine,若 ratio_trait 表示 out/in，则 direction_sign=+1；若表示 in/out，则 direction_sign=-1；若该模块无合适 ratio，则留空。,"Fill +1 for out/in-like forward support, -1 for in/out-like reverse support",gcst90199636/gcst90200454,gcst90200454/gcst90199636
M_183,GCST90199683,GCST90200441,Indoleacetate,Tryptophan,吲哚/组氨酸支路,Indole/Histidine Branch,芳香族氨基酸-吲哚/组氨酸-微生物共代谢,低,,,GCST90200441 / GCST90199683,GCST90199683 / GCST90200441,Tryptophan / Indoleacetate,Indoleacetate / Tryptophan,若 ratio_trait 表示 out/in，则 direction_sign=+1；若表示 in/out，则 direction_sign=-1；若该模块无合适 ratio，则留空。,"Fill +1 for out/in-like forward support, -1 for in/out-like reverse support",gcst90200441/gcst90199683,gcst90199683/gcst90200441
M_184,GCST90199686,GCST90200441,Indolepropionate,Tryptophan,吲哚/组氨酸支路,Indole/Histidine Branch,芳香族氨基酸-吲哚/组氨酸-微生物共代谢,低,,,GCST90200441 / GCST90199686,GCST90199686 / GCST90200441,Tryptophan / Indolepropionate,Indolepropionate / Tryptophan,若 ratio_trait 表示 out/in，则 direction_sign=+1；若表示 in/out，则 direction_sign=-1；若该模块无合适 ratio，则留空。,"Fill +1 for out/in-like forward support, -1 for in/out-like reverse support",gcst90200441/gcst90199686,gcst90199686/gcst90200441
M_185,GCST90199691,GCST90200377,1-methylhistidine,Histidine,吲哚/组氨酸支路,Indole/Histidine Branch,芳香族氨基酸-吲哚/组氨酸-微生物共代谢,高,,,GCST90200377 / GCST90199691,GCST90199691 / GCST90200377,Histidine / 1-methylhistidine,1-methylhistidine / Histidine,若 ratio_trait 表示 out/in，则 direction_sign=+1；若表示 in/out，则 direction_sign=-1；若该模块无合适 ratio，则留空。,"Fill +1 for out/in-like forward support, -1 for in/out-like reverse support",gcst90200377/gcst90199691,gcst90199691/gcst90200377
M_186,GCST90199650,GCST90199683,Indolelactate,Indoleacetate,吲哚/组氨酸支路,Indole/Histidine Branch,芳香族氨基酸-吲哚/组氨酸-微生物共代谢,高,,,GCST90199683 / GCST90199650,GCST90199650 / GCST90199683,Indoleacetate / Indolelactate,Indolelactate / Indoleacetate,若 ratio_trait 表示 out/in，则 direction_sign=+1；若表示 in/out，则 direction_sign=-1；若该模块无合适 ratio，则留空。,"Fill +1 for out/in-like forward support, -1 for in/out-like reverse support",gcst90199683/gcst90199650,gcst90199650/gcst90199683
M_187,GCST90199628,GCST90200377,3-methylhistidine,Histidine,吲哚/组氨酸支路,Indole/Histidine Branch,芳香族氨基酸-吲哚/组氨酸-微生物共代谢,高,,,GCST90200377 / GCST90199628,GCST90199628 / GCST90200377,Histidine / 3-methylhistidine,3-methylhistidine / Histidine,若 ratio_trait 表示 out/in，则 direction_sign=+1；若表示 in/out，则 direction_sign=-1；若该模块无合适 ratio，则留空。,"Fill +1 for out/in-like forward support, -1 for in/out-like reverse support",gcst90200377/gcst90199628,gcst90199628/gcst90200377
M_188,GCST90199639,GCST90200377,Imidazole lactate,Histidine,吲哚/组氨酸支路,Indole/Histidine Branch,芳香族氨基酸-吲哚/组氨酸-微生物共代谢,高,,,GCST90200377 / GCST90199639,GCST90199639 / GCST90200377,Histidine / Imidazole lactate,Imidazole lactate / Histidine,若 ratio_trait 表示 out/in，则 direction_sign=+1；若表示 in/out，则 direction_sign=-1；若该模块无合适 ratio，则留空。,"Fill +1 for out/in-like forward support, -1 for in/out-like reverse support",gcst90200377/gcst90199639,gcst90199639/gcst90200377
M_189,GCST90199868,GCST90200377,N-acetyl-3-methylhistidine,Histidine,吲哚/组氨酸支路,Indole/Histidine Branch,芳香族氨基酸-吲哚/组氨酸-微生物共代谢,高,,,GCST90200377 / GCST90199868,GCST90199868 / GCST90200377,Histidine / N-acetyl-3-methylhistidine,N-acetyl-3-methylhistidine / Histidine,若 ratio_trait 表示 out/in，则 direction_sign=+1；若表示 in/out，则 direction_sign=-1；若该模块无合适 ratio，则留空。,"Fill +1 for out/in-like forward support, -1 for in/out-like reverse support",gcst90200377/gcst90199868,gcst90199868/gcst90200377
M_190,GCST90199815,GCST90200377,1-ribosyl-imidazoleacetate,Histidine,吲哚/组氨酸支路,Indole/Histidine Branch,芳香族氨基酸-吲哚/组氨酸-微生物共代谢,高,,,GCST90200377 / GCST90199815,GCST90199815 / GCST90200377,Histidine / 1-ribosyl-imidazoleacetate,1-ribosyl-imidazoleacetate / Histidine,若 ratio_trait 表示 out/in，则 direction_sign=+1；若表示 in/out，则 direction_sign=-1；若该模块无合适 ratio，则留空。,"Fill +1 for out/in-like forward support, -1 for in/out-like reverse support",gcst90200377/gcst90199815,gcst90199815/gcst90200377
M_191,GCST90199877,GCST90200441,Indole-3-carboxylate,Tryptophan,吲哚/组氨酸支路,Indole/Histidine Branch,芳香族氨基酸-吲哚/组氨酸-微生物共代谢,中,,,GCST90200441 / GCST90199877,GCST90199877 / GCST90200441,Tryptophan / Indole-3-carboxylate,Indole-3-carboxylate / Tryptophan,若 ratio_trait 表示 out/in，则 direction_sign=+1；若表示 in/out，则 direction_sign=-1；若该模块无合适 ratio，则留空。,"Fill +1 for out/in-like forward support, -1 for in/out-like reverse support",gcst90200441/gcst90199877,gcst90199877/gcst90200441
M_192,GCST90199717,GCST90200377,1-methyl-4-imidazoleacetate,Histidine,吲哚/组氨酸支路,Indole/Histidine Branch,芳香族氨基酸-吲哚/组氨酸-微生物共代谢,高,,,GCST90200377 / GCST90199717,GCST90199717 / GCST90200377,Histidine / 1-methyl-4-imidazoleacetate,1-methyl-4-imidazoleacetate / Histidine,若 ratio_trait 表示 out/in，则 direction_sign=+1；若表示 in/out，则 direction_sign=-1；若该模块无合适 ratio，则留空。,"Fill +1 for out/in-like forward support, -1 for in/out-like reverse support",gcst90200377/gcst90199717,gcst90199717/gcst90200377
M_193,GCST90199901,GCST90200377,1-methyl-5-imidazoleacetate,Histidine,吲哚/组氨酸支路,Indole/Histidine Branch,芳香族氨基酸-吲哚/组氨酸-微生物共代谢,高,,,GCST90200377 / GCST90199901,GCST90199901 / GCST90200377,Histidine / 1-methyl-5-imidazoleacetate,1-methyl-5-imidazoleacetate / Histidine,若 ratio_trait 表示 out/in，则 direction_sign=+1；若表示 in/out，则 direction_sign=-1；若该模块无合适 ratio，则留空。,"Fill +1 for out/in-like forward support, -1 for in/out-like reverse support",gcst90200377/gcst90199901,gcst90199901/gcst90200377
M_194,GCST90199902,GCST90200441,Hydantoin-5-propionate,Tryptophan,吲哚/组氨酸支路,Indole/Histidine Branch,芳香族氨基酸-吲哚/组氨酸-微生物共代谢,低,,,GCST90200441 / GCST90199902,GCST90199902 / GCST90200441,Tryptophan / Hydantoin-5-propionate,Hydantoin-5-propionate / Tryptophan,若 ratio_trait 表示 out/in，则 direction_sign=+1；若表示 in/out，则 direction_sign=-1；若该模块无合适 ratio，则留空。,"Fill +1 for out/in-like forward support, -1 for in/out-like reverse support",gcst90200441/gcst90199902,gcst90199902/gcst90200441
M_195,GCST90199915,GCST90200377,Imidazole propionate,Histidine,吲哚/组氨酸支路,Indole/Histidine Branch,芳香族氨基酸-吲哚/组氨酸-微生物共代谢,高,,,GCST90200377 / GCST90199915,GCST90199915 / GCST90200377,Histidine / Imidazole propionate,Imidazole propionate / Histidine,若 ratio_trait 表示 out/in，则 direction_sign=+1；若表示 in/out，则 direction_sign=-1；若该模块无合适 ratio，则留空。,"Fill +1 for out/in-like forward support, -1 for in/out-like reverse support",gcst90200377/gcst90199915,gcst90199915/gcst90200377
M_196,GCST90199735,GCST90200377,N-acetylhistidine,Histidine,吲哚/组氨酸支路,Indole/Histidine Branch,芳香族氨基酸-吲哚/组氨酸-微生物共代谢,高,,,GCST90200377 / GCST90199735,GCST90199735 / GCST90200377,Histidine / N-acetylhistidine,N-acetylhistidine / Histidine,若 ratio_trait 表示 out/in，则 direction_sign=+1；若表示 in/out，则 direction_sign=-1；若该模块无合适 ratio，则留空。,"Fill +1 for out/in-like forward support, -1 for in/out-like reverse support",gcst90200377/gcst90199735,gcst90199735/gcst90200377
M_197,GCST90199759,GCST90200441,Indolebutyrate,Tryptophan,吲哚/组氨酸支路,Indole/Histidine Branch,芳香族氨基酸-吲哚/组氨酸-微生物共代谢,中,,,GCST90200441 / GCST90199759,GCST90199759 / GCST90200441,Tryptophan / Indolebutyrate,Indolebutyrate / Tryptophan,若 ratio_trait 表示 out/in，则 direction_sign=+1；若表示 in/out，则 direction_sign=-1；若该模块无合适 ratio，则留空。,"Fill +1 for out/in-like forward support, -1 for in/out-like reverse support",gcst90200441/gcst90199759,gcst90199759/gcst90200441
M_198,GCST90199956,GCST90200441,1H-indole-7-acetic acid,Tryptophan,吲哚/组氨酸支路,Indole/Histidine Branch,芳香族氨基酸-吲哚/组氨酸-微生物共代谢,中,,,GCST90200441 / GCST90199956,GCST90199956 / GCST90200441,Tryptophan / 1H-indole-7-acetic acid,1H-indole-7-acetic acid / Tryptophan,若 ratio_trait 表示 out/in，则 direction_sign=+1；若表示 in/out，则 direction_sign=-1；若该模块无合适 ratio，则留空。,"Fill +1 for out/in-like forward support, -1 for in/out-like reverse support",gcst90200441/gcst90199956,gcst90199956/gcst90200441
M_199,GCST90199944,GCST90200441,Indolin-2-one,Tryptophan,吲哚/组氨酸支路,Indole/Histidine Branch,芳香族氨基酸-吲哚/组氨酸-微生物共代谢,中,,,GCST90200441 / GCST90199944,GCST90199944 / GCST90200441,Tryptophan / Indolin-2-one,Indolin-2-one / Tryptophan,若 ratio_trait 表示 out/in，则 direction_sign=+1；若表示 in/out，则 direction_sign=-1；若该模块无合适 ratio，则留空。,"Fill +1 for out/in-like forward support, -1 for in/out-like reverse support",gcst90200441/gcst90199944,gcst90199944/gcst90200441
M_200,GCST90200184,GCST90200441,3-formylindole,Tryptophan,吲哚/组氨酸支路,Indole/Histidine Branch,芳香族氨基酸-吲哚/组氨酸-微生物共代谢,中,,,GCST90200441 / GCST90200184,GCST90200184 / GCST90200441,Tryptophan / 3-formylindole,3-formylindole / Tryptophan,若 ratio_trait 表示 out/in，则 direction_sign=+1；若表示 in/out，则 direction_sign=-1；若该模块无合适 ratio，则留空。,"Fill +1 for out/in-like forward support, -1 for in/out-like reverse support",gcst90200441/gcst90200184,gcst90200184/gcst90200441
M_201,GCST90200205,GCST90200441,3-indoleglyoxylic acid,Tryptophan,吲哚/组氨酸支路,Indole/Histidine Branch,芳香族氨基酸-吲哚/组氨酸-微生物共代谢,中,,,GCST90200441 / GCST90200205,GCST90200205 / GCST90200441,Tryptophan / 3-indoleglyoxylic acid,3-indoleglyoxylic acid / Tryptophan,若 ratio_trait 表示 out/in，则 direction_sign=+1；若表示 in/out，则 direction_sign=-1；若该模块无合适 ratio，则留空。,"Fill +1 for out/in-like forward support, -1 for in/out-like reverse support",gcst90200441/gcst90200205,gcst90200205/gcst90200441
M_202,GCST90200377,GCST90199639,Histidine,Imidazole lactate,吲哚/组氨酸支路,Indole/Histidine Branch,芳香族氨基酸-吲哚/组氨酸-微生物共代谢,中,,,GCST90199639 / GCST90200377,GCST90200377 / GCST90199639,Imidazole lactate / Histidine,Histidine / Imidazole lactate,若 ratio_trait 表示 out/in，则 direction_sign=+1；若表示 in/out，则 direction_sign=-1；若该模块无合适 ratio，则留空。,"Fill +1 for out/in-like forward support, -1 for in/out-like reverse support",gcst90199639/gcst90200377,gcst90200377/gcst90199639
M_203,GCST90200377,GCST90200416,Histidine,Trans-urocanate,吲哚/组氨酸支路,Indole/Histidine Branch,芳香族氨基酸-吲哚/组氨酸-微生物共代谢,高,GCST90200759,-1.0,GCST90200416 / GCST90200377,GCST90200377 / GCST90200416,Trans-urocanate / Histidine,Histidine / Trans-urocanate,若 ratio_trait 表示 out/in，则 direction_sign=+1；若表示 in/out，则 direction_sign=-1；若该模块无合适 ratio，则留空。,"Fill +1 for out/in-like forward support, -1 for in/out-like reverse support",gcst90200416/gcst90200377,gcst90200377/gcst90200416
M_204,GCST90200377,GCST90199915,Histidine,Imidazole propionate,吲哚/组氨酸支路,Indole/Histidine Branch,芳香族氨基酸-吲哚/组氨酸-微生物共代谢,中,,,GCST90199915 / GCST90200377,GCST90200377 / GCST90199915,Imidazole propionate / Histidine,Histidine / Imidazole propionate,若 ratio_trait 表示 out/in，则 direction_sign=+1；若表示 in/out，则 direction_sign=-1；若该模块无合适 ratio，则留空。,"Fill +1 for out/in-like forward support, -1 for in/out-like reverse support",gcst90199915/gcst90200377,gcst90200377/gcst90199915
M_205,GCST90200296,GCST90200441,Methyl indole-3-acetate,Tryptophan,吲哚/组氨酸支路,Indole/Histidine Branch,芳香族氨基酸-吲哚/组氨酸-微生物共代谢,中,,,GCST90200441 / GCST90200296,GCST90200296 / GCST90200441,Tryptophan / Methyl indole-3-acetate,Methyl indole-3-acetate / Tryptophan,若 ratio_trait 表示 out/in，则 direction_sign=+1；若表示 in/out，则 direction_sign=-1；若该模块无合适 ratio，则留空。,"Fill +1 for out/in-like forward support, -1 for in/out-like reverse support",gcst90200441/gcst90200296,gcst90200296/gcst90200441
M_206,GCST90200416,GCST90200377,Trans-urocanate,Histidine,吲哚/组氨酸支路,Indole/Histidine Branch,芳香族氨基酸-吲哚/组氨酸-微生物共代谢,高,GCST90200759,1.0,GCST90200377 / GCST90200416,GCST90200416 / GCST90200377,Histidine / Trans-urocanate,Trans-urocanate / Histidine,若 ratio_trait 表示 out/in，则 direction_sign=+1；若表示 in/out，则 direction_sign=-1；若该模块无合适 ratio，则留空。,"Fill +1 for out/in-like forward support, -1 for in/out-like reverse support",gcst90200377/gcst90200416,gcst90200416/gcst90200377
M_207,GCST90200690,GCST90200377,N-acetyl-1-methylhistidine,Histidine,吲哚/组氨酸支路,Indole/Histidine Branch,芳香族氨基酸-吲哚/组氨酸-微生物共代谢,高,,,GCST90200377 / GCST90200690,GCST90200690 / GCST90200377,Histidine / N-acetyl-1-methylhistidine,N-acetyl-1-methylhistidine / Histidine,若 ratio_trait 表示 out/in，则 direction_sign=+1；若表示 in/out，则 direction_sign=-1；若该模块无合适 ratio，则留空。,"Fill +1 for out/in-like forward support, -1 for in/out-like reverse support",gcst90200377/gcst90200690,gcst90200690/gcst90200377
M_208,GCST90199959,GCST90200427,O-sulfo-l-tyrosine,Tyrosine,苯丙氨酸/酪氨酸支路,Phenylalanine/Tyrosine Branch,芳香族氨基酸-吲哚/组氨酸-微生物共代谢,高,,,GCST90200427 / GCST90199959,GCST90199959 / GCST90200427,Tyrosine / O-sulfo-l-tyrosine,O-sulfo-l-tyrosine / Tyrosine,若 ratio_trait 表示 out/in，则 direction_sign=+1；若表示 in/out，则 direction_sign=-1；若该模块无合适 ratio，则留空。,"Fill +1 for out/in-like forward support, -1 for in/out-like reverse support",gcst90200427/gcst90199959,gcst90199959/gcst90200427
M_209,GCST90199980,GCST90200396,N-formylphenylalanine,Phenylalanine,苯丙氨酸/酪氨酸支路,Phenylalanine/Tyrosine Branch,芳香族氨基酸-吲哚/组氨酸-微生物共代谢,高,,,GCST90200396 / GCST90199980,GCST90199980 / GCST90200396,Phenylalanine / N-formylphenylalanine,N-formylphenylalanine / Phenylalanine,若 ratio_trait 表示 out/in，则 direction_sign=+1；若表示 in/out，则 direction_sign=-1；若该模块无合适 ratio，则留空。,"Fill +1 for out/in-like forward support, -1 for in/out-like reverse support",gcst90200396/gcst90199980,gcst90199980/gcst90200396
M_210,GCST90200191,GCST90200427,N-lactoyl tyrosine,Tyrosine,苯丙氨酸/酪氨酸支路,Phenylalanine/Tyrosine Branch,芳香族氨基酸-吲哚/组氨酸-微生物共代谢,高,,,GCST90200427 / GCST90200191,GCST90200191 / GCST90200427,Tyrosine / N-lactoyl tyrosine,N-lactoyl tyrosine / Tyrosine,若 ratio_trait 表示 out/in，则 direction_sign=+1；若表示 in/out，则 direction_sign=-1；若该模块无合适 ratio，则留空。,"Fill +1 for out/in-like forward support, -1 for in/out-like reverse support",gcst90200427/gcst90200191,gcst90200191/gcst90200427
M_211,GCST90200194,GCST90200396,N-lactoyl phenylalanine,Phenylalanine,苯丙氨酸/酪氨酸支路,Phenylalanine/Tyrosine Branch,芳香族氨基酸-吲哚/组氨酸-微生物共代谢,高,,,GCST90200396 / GCST90200194,GCST90200194 / GCST90200396,Phenylalanine / N-lactoyl phenylalanine,N-lactoyl phenylalanine / Phenylalanine,若 ratio_trait 表示 out/in，则 direction_sign=+1；若表示 in/out，则 direction_sign=-1；若该模块无合适 ratio，则留空。,"Fill +1 for out/in-like forward support, -1 for in/out-like reverse support",gcst90200396/gcst90200194,gcst90200194/gcst90200396
M_212,GCST90200262,GCST90200396,N-succinyl-phenylalanine,Phenylalanine,苯丙氨酸/酪氨酸支路,Phenylalanine/Tyrosine Branch,芳香族氨基酸-吲哚/组氨酸-微生物共代谢,高,,,GCST90200396 / GCST90200262,GCST90200262 / GCST90200396,Phenylalanine / N-succinyl-phenylalanine,N-succinyl-phenylalanine / Phenylalanine,若 ratio_trait 表示 out/in，则 direction_sign=+1；若表示 in/out，则 direction_sign=-1；若该模块无合适 ratio，则留空。,"Fill +1 for out/in-like forward support, -1 for in/out-like reverse support",gcst90200396/gcst90200262,gcst90200262/gcst90200396
M_213,GCST90200328,GCST90200427,3-methoxytyrosine,Tyrosine,苯丙氨酸/酪氨酸支路,Phenylalanine/Tyrosine Branch,芳香族氨基酸-吲哚/组氨酸-微生物共代谢,高,,,GCST90200427 / GCST90200328,GCST90200328 / GCST90200427,Tyrosine / 3-methoxytyrosine,3-methoxytyrosine / Tyrosine,若 ratio_trait 表示 out/in，则 direction_sign=+1；若表示 in/out，则 direction_sign=-1；若该模块无合适 ratio，则留空。,"Fill +1 for out/in-like forward support, -1 for in/out-like reverse support",gcst90200427/gcst90200328,gcst90200328/gcst90200427
M_214,GCST90200396,GCST90200365,Phenylalanine,Phenylpyruvate,苯丙氨酸/酪氨酸支路,Phenylalanine/Tyrosine Branch,芳香族氨基酸-吲哚/组氨酸-微生物共代谢,高,,,GCST90200365 / GCST90200396,GCST90200396 / GCST90200365,Phenylpyruvate / Phenylalanine,Phenylalanine / Phenylpyruvate,若 ratio_trait 表示 out/in，则 direction_sign=+1；若表示 in/out，则 direction_sign=-1；若该模块无合适 ratio，则留空。,"Fill +1 for out/in-like forward support, -1 for in/out-like reverse support",gcst90200365/gcst90200396,gcst90200396/gcst90200365
M_215,GCST90200427,GCST90200300,Tyrosine,4-hydroxyphenylpyruvate,苯丙氨酸/酪氨酸支路,Phenylalanine/Tyrosine Branch,芳香族氨基酸-吲哚/组氨酸-微生物共代谢,高,,,GCST90200300 / GCST90200427,GCST90200427 / GCST90200300,4-hydroxyphenylpyruvate / Tyrosine,Tyrosine / 4-hydroxyphenylpyruvate,若 ratio_trait 表示 out/in，则 direction_sign=+1；若表示 in/out，则 direction_sign=-1；若该模块无合适 ratio，则留空。,"Fill +1 for out/in-like forward support, -1 for in/out-like reverse support",gcst90200300/gcst90200427,gcst90200427/gcst90200300
M_216,GCST90200675,GCST90200427,N-acetyltyrosine,Tyrosine,苯丙氨酸/酪氨酸支路,Phenylalanine/Tyrosine Branch,芳香族氨基酸-吲哚/组氨酸-微生物共代谢,高,,,GCST90200427 / GCST90200675,GCST90200675 / GCST90200427,Tyrosine / N-acetyltyrosine,N-acetyltyrosine / Tyrosine,若 ratio_trait 表示 out/in，则 direction_sign=+1；若表示 in/out，则 direction_sign=-1；若该模块无合适 ratio，则留空。,"Fill +1 for out/in-like forward support, -1 for in/out-like reverse support",gcst90200427/gcst90200675,gcst90200675/gcst90200427
M_217,GCST90200677,GCST90200396,N-acetylphenylalanine,Phenylalanine,苯丙氨酸/酪氨酸支路,Phenylalanine/Tyrosine Branch,芳香族氨基酸-吲哚/组氨酸-微生物共代谢,高,,,GCST90200396 / GCST90200677,GCST90200677 / GCST90200396,Phenylalanine / N-acetylphenylalanine,N-acetylphenylalanine / Phenylalanine,若 ratio_trait 表示 out/in，则 direction_sign=+1；若表示 in/out，则 direction_sign=-1；若该模块无合适 ratio，则留空。,"Fill +1 for out/in-like forward support, -1 for in/out-like reverse support",gcst90200396/gcst90200677,gcst90200677/gcst90200396
M_218,GCST90199645,GCST90200396,Quinate,Phenylalanine,芳香族微生物分解产物,Aromatic Microbial Catabolites,芳香族氨基酸-吲哚/组氨酸-微生物共代谢,低,,,GCST90200396 / GCST90199645,GCST90199645 / GCST90200396,Phenylalanine / Quinate,Quinate / Phenylalanine,若 ratio_trait 表示 out/in，则 direction_sign=+1；若表示 in/out，则 direction_sign=-1；若该模块无合适 ratio，则留空。,"Fill +1 for out/in-like forward support, -1 for in/out-like reverse support",gcst90200396/gcst90199645,gcst90199645/gcst90200396
M_219,GCST90199646,GCST90200396,Gentisate,Phenylalanine,芳香族微生物分解产物,Aromatic Microbial Catabolites,芳香族氨基酸-吲哚/组氨酸-微生物共代谢,低,,,GCST90200396 / GCST90199646,GCST90199646 / GCST90200396,Phenylalanine / Gentisate,Gentisate / Phenylalanine,若 ratio_trait 表示 out/in，则 direction_sign=+1；若表示 in/out，则 direction_sign=-1；若该模块无合适 ratio，则留空。,"Fill +1 for out/in-like forward support, -1 for in/out-like reverse support",gcst90200396/gcst90199646,gcst90199646/gcst90200396
M_220,GCST90199664,GCST90200396,Phenyllactate (pla),Phenylalanine,芳香族微生物分解产物,Aromatic Microbial Catabolites,芳香族氨基酸-吲哚/组氨酸-微生物共代谢,中,,,GCST90200396 / GCST90199664,GCST90199664 / GCST90200396,Phenylalanine / Phenyllactate (pla),Phenyllactate (pla) / Phenylalanine,若 ratio_trait 表示 out/in，则 direction_sign=+1；若表示 in/out，则 direction_sign=-1；若该模块无合适 ratio，则留空。,"Fill +1 for out/in-like forward support, -1 for in/out-like reverse support",gcst90200396/gcst90199664,gcst90199664/gcst90200396
M_221,GCST90199622,GCST90200396,Benzoate,Phenylalanine,芳香族微生物分解产物,Aromatic Microbial Catabolites,芳香族氨基酸-吲哚/组氨酸-微生物共代谢,低,,,GCST90200396 / GCST90199622,GCST90199622 / GCST90200396,Phenylalanine / Benzoate,Benzoate / Phenylalanine,若 ratio_trait 表示 out/in，则 direction_sign=+1；若表示 in/out，则 direction_sign=-1；若该模块无合适 ratio，则留空。,"Fill +1 for out/in-like forward support, -1 for in/out-like reverse support",gcst90200396/gcst90199622,gcst90199622/gcst90200396
M_222,GCST90199624,GCST90200707,Hippurate,Glycine,芳香族微生物分解产物,Aromatic Microbial Catabolites,芳香族氨基酸-吲哚/组氨酸-微生物共代谢,中,,,GCST90200707 / GCST90199624,GCST90199624 / GCST90200707,Glycine / Hippurate,Hippurate / Glycine,若 ratio_trait 表示 out/in，则 direction_sign=+1；若表示 in/out，则 direction_sign=-1；若该模块无合适 ratio，则留空。,"Fill +1 for out/in-like forward support, -1 for in/out-like reverse support",gcst90200707/gcst90199624,gcst90199624/gcst90200707
M_223,GCST90199630,GCST90200396,Phenylacetate,Phenylalanine,芳香族微生物分解产物,Aromatic Microbial Catabolites,芳香族氨基酸-吲哚/组氨酸-微生物共代谢,中,,,GCST90200396 / GCST90199630,GCST90199630 / GCST90200396,Phenylalanine / Phenylacetate,Phenylacetate / Phenylalanine,若 ratio_trait 表示 out/in，则 direction_sign=+1；若表示 in/out，则 direction_sign=-1；若该模块无合适 ratio，则留空。,"Fill +1 for out/in-like forward support, -1 for in/out-like reverse support",gcst90200396/gcst90199630,gcst90199630/gcst90200396
M_224,GCST90199635,GCST90200396,3-phenylpropionate hydrocinnamate,Phenylalanine,芳香族微生物分解产物,Aromatic Microbial Catabolites,芳香族氨基酸-吲哚/组氨酸-微生物共代谢,中,,,GCST90200396 / GCST90199635,GCST90199635 / GCST90200396,Phenylalanine / 3-phenylpropionate hydrocinnamate,3-phenylpropionate hydrocinnamate / Phenylalanine,若 ratio_trait 表示 out/in，则 direction_sign=+1；若表示 in/out，则 direction_sign=-1；若该模块无合适 ratio，则留空。,"Fill +1 for out/in-like forward support, -1 for in/out-like reverse support",gcst90200396/gcst90199635,gcst90199635/gcst90200396
M_225,GCST90199862,GCST90200396,4-hydroxycoumarin,Phenylalanine,芳香族微生物分解产物,Aromatic Microbial Catabolites,芳香族氨基酸-吲哚/组氨酸-微生物共代谢,低,,,GCST90200396 / GCST90199862,GCST90199862 / GCST90200396,Phenylalanine / 4-hydroxycoumarin,4-hydroxycoumarin / Phenylalanine,若 ratio_trait 表示 out/in，则 direction_sign=+1；若表示 in/out，则 direction_sign=-1；若该模块无合适 ratio，则留空。,"Fill +1 for out/in-like forward support, -1 for in/out-like reverse support",gcst90200396/gcst90199862,gcst90199862/gcst90200396
M_226,GCST90199869,GCST90200707,3-hydroxyhippurate,Glycine,芳香族微生物分解产物,Aromatic Microbial Catabolites,芳香族氨基酸-吲哚/组氨酸-微生物共代谢,中,,,GCST90200707 / GCST90199869,GCST90199869 / GCST90200707,Glycine / 3-hydroxyhippurate,3-hydroxyhippurate / Glycine,若 ratio_trait 表示 out/in，则 direction_sign=+1；若表示 in/out，则 direction_sign=-1；若该模块无合适 ratio，则留空。,"Fill +1 for out/in-like forward support, -1 for in/out-like reverse support",gcst90200707/gcst90199869,gcst90199869/gcst90200707
M_227,GCST90199765,GCST90200707,4-hydroxyhippurate,Glycine,芳香族微生物分解产物,Aromatic Microbial Catabolites,芳香族氨基酸-吲哚/组氨酸-微生物共代谢,中,,,GCST90200707 / GCST90199765,GCST90199765 / GCST90200707,Glycine / 4-hydroxyhippurate,4-hydroxyhippurate / Glycine,若 ratio_trait 表示 out/in，则 direction_sign=+1；若表示 in/out，则 direction_sign=-1；若该模块无合适 ratio，则留空。,"Fill +1 for out/in-like forward support, -1 for in/out-like reverse support",gcst90200707/gcst90199765,gcst90199765/gcst90200707
M_228,GCST90199921,GCST90200396,Dihydroferulate,Phenylalanine,芳香族微生物分解产物,Aromatic Microbial Catabolites,芳香族氨基酸-吲哚/组氨酸-微生物共代谢,低,,,GCST90200396 / GCST90199921,GCST90199921 / GCST90200396,Phenylalanine / Dihydroferulate,Dihydroferulate / Phenylalanine,若 ratio_trait 表示 out/in，则 direction_sign=+1；若表示 in/out，则 direction_sign=-1；若该模块无合适 ratio，则留空。,"Fill +1 for out/in-like forward support, -1 for in/out-like reverse support",gcst90200396/gcst90199921,gcst90199921/gcst90200396
M_229,GCST90200196,GCST90200396,"2,2'-Methylenebis(6-tert-butyl-p-cresol)",Phenylalanine,芳香族微生物分解产物,Aromatic Microbial Catabolites,芳香族氨基酸-吲哚/组氨酸-微生物共代谢,低,,,GCST90200396 / GCST90200196,GCST90200196 / GCST90200396,"Phenylalanine / 2,2'-Methylenebis(6-tert-butyl-p-cresol)","2,2'-Methylenebis(6-tert-butyl-p-cresol) / Phenylalanine",若 ratio_trait 表示 out/in，则 direction_sign=+1；若表示 in/out，则 direction_sign=-1；若该模块无合适 ratio，则留空。,"Fill +1 for out/in-like forward support, -1 for in/out-like reverse support",gcst90200396/gcst90200196,gcst90200196/gcst90200396
M_230,GCST90200338,GCST90200396,4-hydroxyphenylacetate,Phenylalanine,芳香族微生物分解产物,Aromatic Microbial Catabolites,芳香族氨基酸-吲哚/组氨酸-微生物共代谢,中,,,GCST90200396 / GCST90200338,GCST90200338 / GCST90200396,Phenylalanine / 4-hydroxyphenylacetate,4-hydroxyphenylacetate / Phenylalanine,若 ratio_trait 表示 out/in，则 direction_sign=+1；若表示 in/out，则 direction_sign=-1；若该模块无合适 ratio，则留空。,"Fill +1 for out/in-like forward support, -1 for in/out-like reverse support",gcst90200396/gcst90200338,gcst90200338/gcst90200396
M_231,GCST90200347,GCST90200707,2-hydroxyhippurate (salicylurate),Glycine,芳香族微生物分解产物,Aromatic Microbial Catabolites,芳香族氨基酸-吲哚/组氨酸-微生物共代谢,中,,,GCST90200707 / GCST90200347,GCST90200347 / GCST90200707,Glycine / 2-hydroxyhippurate (salicylurate),2-hydroxyhippurate (salicylurate) / Glycine,若 ratio_trait 表示 out/in，则 direction_sign=+1；若表示 in/out，则 direction_sign=-1；若该模块无合适 ratio，则留空。,"Fill +1 for out/in-like forward support, -1 for in/out-like reverse support",gcst90200707/gcst90200347,gcst90200347/gcst90200707
M_232,GCST90200369,GCST90200396,2-hydroxyphenylacetate,Phenylalanine,芳香族微生物分解产物,Aromatic Microbial Catabolites,芳香族氨基酸-吲哚/组氨酸-微生物共代谢,中,,,GCST90200396 / GCST90200369,GCST90200369 / GCST90200396,Phenylalanine / 2-hydroxyphenylacetate,2-hydroxyphenylacetate / Phenylalanine,若 ratio_trait 表示 out/in，则 direction_sign=+1；若表示 in/out，则 direction_sign=-1；若该模块无合适 ratio，则留空。,"Fill +1 for out/in-like forward support, -1 for in/out-like reverse support",gcst90200396/gcst90200369,gcst90200369/gcst90200396
M_233,GCST90199729,GCST90200396,Piperine,Phenylalanine,微生物共代谢产物,Microbial Co-metabolites,芳香族氨基酸-吲哚/组氨酸-微生物共代谢,低,,,GCST90200396 / GCST90199729,GCST90199729 / GCST90200396,Phenylalanine / Piperine,Piperine / Phenylalanine,若 ratio_trait 表示 out/in，则 direction_sign=+1；若表示 in/out，则 direction_sign=-1；若该模块无合适 ratio，则留空。,"Fill +1 for out/in-like forward support, -1 for in/out-like reverse support",gcst90200396/gcst90199729,gcst90199729/gcst90200396
M_234,GCST90199920,GCST90200425,Trimethylamine n-oxide,Betaine,微生物共代谢产物,Microbial Co-metabolites,芳香族氨基酸-吲哚/组氨酸-微生物共代谢,中,,,GCST90200425 / GCST90199920,GCST90199920 / GCST90200425,Betaine / Trimethylamine n-oxide,Trimethylamine n-oxide / Betaine,若 ratio_trait 表示 out/in，则 direction_sign=+1；若表示 in/out，则 direction_sign=-1；若该模块无合适 ratio，则留空。,"Fill +1 for out/in-like forward support, -1 for in/out-like reverse support",gcst90200425/gcst90199920,gcst90199920/gcst90200425
M_235,GCST90199813,GCST90199621,Deoxycarnitine,Carnitine,肉碱池,Carnitine Pool,脂肪酸β氧化与酰基肉碱代谢,高,,,GCST90199621 / GCST90199813,GCST90199813 / GCST90199621,Carnitine / Deoxycarnitine,Deoxycarnitine / Carnitine,若 ratio_trait 表示 out/in，则 direction_sign=+1；若表示 in/out，则 direction_sign=-1；若该模块无合适 ratio，则留空。,"Fill +1 for out/in-like forward support, -1 for in/out-like reverse support",gcst90199621/gcst90199813,gcst90199813/gcst90199621
M_236,GCST90200240,GCST90199813,"Hydroxy-N6,N6,N6-trimethyllysine",Deoxycarnitine,肉碱池,Carnitine Pool,脂肪酸β氧化与酰基肉碱代谢,高,,,GCST90199813 / GCST90200240,GCST90200240 / GCST90199813,"Deoxycarnitine / Hydroxy-N6,N6,N6-trimethyllysine","Hydroxy-N6,N6,N6-trimethyllysine / Deoxycarnitine",若 ratio_trait 表示 out/in，则 direction_sign=+1；若表示 in/out，则 direction_sign=-1；若该模块无合适 ratio，则留空。,"Fill +1 for out/in-like forward support, -1 for in/out-like reverse support",gcst90199813/gcst90200240,gcst90200240/gcst90199813
M_237,GCST90200344,GCST90200240,"N6,n6,n6-trimethyllysine","Hydroxy-N6,N6,N6-trimethyllysine",肉碱池,Carnitine Pool,脂肪酸β氧化与酰基肉碱代谢,高,,,GCST90200240 / GCST90200344,GCST90200344 / GCST90200240,"Hydroxy-N6,N6,N6-trimethyllysine / N6,n6,n6-trimethyllysine","N6,n6,n6-trimethyllysine / Hydroxy-N6,N6,N6-trimethyllysine",若 ratio_trait 表示 out/in，则 direction_sign=+1；若表示 in/out，则 direction_sign=-1；若该模块无合适 ratio，则留空。,"Fill +1 for out/in-like forward support, -1 for in/out-like reverse support",gcst90200240/gcst90200344,gcst90200344/gcst90200240
M_238,GCST90199621,GCST90199669,Carnitine,Acetylcarnitine (c2),肉碱池,Carnitine Pool,脂肪酸β氧化与酰基肉碱代谢,高,GCST90200930,-1.0,GCST90199669 / GCST90199621,GCST90199621 / GCST90199669,Acetylcarnitine (c2) / Carnitine,Carnitine / Acetylcarnitine (c2),若 ratio_trait 表示 out/in，则 direction_sign=+1；若表示 in/out，则 direction_sign=-1；若该模块无合适 ratio，则留空。,"Fill +1 for out/in-like forward support, -1 for in/out-like reverse support",gcst90199669/gcst90199621,gcst90199621/gcst90199669
M_239,GCST90199669,GCST90199621,Acetylcarnitine (c2),Carnitine,短链酰基肉碱,Short-Chain Acylcarnitines,脂肪酸β氧化与酰基肉碱代谢,高,GCST90200930,1.0,GCST90199621 / GCST90199669,GCST90199669 / GCST90199621,Carnitine / Acetylcarnitine (c2),Acetylcarnitine (c2) / Carnitine,若 ratio_trait 表示 out/in，则 direction_sign=+1；若表示 in/out，则 direction_sign=-1；若该模块无合适 ratio，则留空。,"Fill +1 for out/in-like forward support, -1 for in/out-like reverse support",gcst90199621/gcst90199669,gcst90199669/gcst90199621
M_240,GCST90199848,GCST90200362,Succinylcarnitine (C4DC),Succinate,短链酰基肉碱,Short-Chain Acylcarnitines,脂肪酸β氧化与酰基肉碱代谢,高,,,GCST90200362 / GCST90199848,GCST90199848 / GCST90200362,Succinate / Succinylcarnitine (C4DC),Succinylcarnitine (C4DC) / Succinate,若 ratio_trait 表示 out/in，则 direction_sign=+1；若表示 in/out，则 direction_sign=-1；若该模块无合适 ratio，则留空。,"Fill +1 for out/in-like forward support, -1 for in/out-like reverse support",gcst90200362/gcst90199848,gcst90199848/gcst90200362
M_241,GCST90199799,GCST90200380,Glutarylcarnitine (c5-dc),Glutarate (C5-DC),短链酰基肉碱,Short-Chain Acylcarnitines,脂肪酸β氧化与酰基肉碱代谢,高,,,GCST90200380 / GCST90199799,GCST90199799 / GCST90200380,Glutarate (C5-DC) / Glutarylcarnitine (c5-dc),Glutarylcarnitine (c5-dc) / Glutarate (C5-DC),若 ratio_trait 表示 out/in，则 direction_sign=+1；若表示 in/out，则 direction_sign=-1；若该模块无合适 ratio，则留空。,"Fill +1 for out/in-like forward support, -1 for in/out-like reverse support",gcst90200380/gcst90199799,gcst90199799/gcst90200380
M_242,GCST90199800,GCST90199621,Tiglylcarnitine (C5:1-DC),Carnitine,短链酰基肉碱,Short-Chain Acylcarnitines,脂肪酸β氧化与酰基肉碱代谢,高,,,GCST90199621 / GCST90199800,GCST90199800 / GCST90199621,Carnitine / Tiglylcarnitine (C5:1-DC),Tiglylcarnitine (C5:1-DC) / Carnitine,若 ratio_trait 表示 out/in，则 direction_sign=+1；若表示 in/out，则 direction_sign=-1；若该模块无合适 ratio，则留空。,"Fill +1 for out/in-like forward support, -1 for in/out-like reverse support",gcst90199621/gcst90199800,gcst90199800/gcst90199621
M_243,GCST90199776,GCST90199621,Malonylcarnitine,Carnitine,短链酰基肉碱,Short-Chain Acylcarnitines,脂肪酸β氧化与酰基肉碱代谢,高,,,GCST90199621 / GCST90199776,GCST90199776 / GCST90199621,Carnitine / Malonylcarnitine,Malonylcarnitine / Carnitine,若 ratio_trait 表示 out/in，则 direction_sign=+1；若表示 in/out，则 direction_sign=-1；若该模块无合适 ratio，则留空。,"Fill +1 for out/in-like forward support, -1 for in/out-like reverse support",gcst90199621/gcst90199776,gcst90199776/gcst90199621
M_244,GCST90199698,GCST90199621,Isobutyrylcarnitine (C4),Carnitine,短链酰基肉碱,Short-Chain Acylcarnitines,脂肪酸β氧化与酰基肉碱代谢,高,,,GCST90199621 / GCST90199698,GCST90199698 / GCST90199621,Carnitine / Isobutyrylcarnitine (C4),Isobutyrylcarnitine (C4) / Carnitine,若 ratio_trait 表示 out/in，则 direction_sign=+1；若表示 in/out，则 direction_sign=-1；若该模块无合适 ratio，则留空。,"Fill +1 for out/in-like forward support, -1 for in/out-like reverse support",gcst90199621/gcst90199698,gcst90199698/gcst90199621
M_245,GCST90199708,GCST90199621,Propionylcarnitine (c3),Carnitine,短链酰基肉碱,Short-Chain Acylcarnitines,脂肪酸β氧化与酰基肉碱代谢,高,GCST90200935,1.0,GCST90199621 / GCST90199708,GCST90199708 / GCST90199621,Carnitine / Propionylcarnitine (c3),Propionylcarnitine (c3) / Carnitine,若 ratio_trait 表示 out/in，则 direction_sign=+1；若表示 in/out，则 direction_sign=-1；若该模块无合适 ratio，则留空。,"Fill +1 for out/in-like forward support, -1 for in/out-like reverse support",gcst90199621/gcst90199708,gcst90199708/gcst90199621
M_246,GCST90199747,GCST90199621,Isovalerylcarnitine (C5),Carnitine,短链酰基肉碱,Short-Chain Acylcarnitines,脂肪酸β氧化与酰基肉碱代谢,高,,,GCST90199621 / GCST90199747,GCST90199747 / GCST90199621,Carnitine / Isovalerylcarnitine (C5),Isovalerylcarnitine (C5) / Carnitine,若 ratio_trait 表示 out/in，则 direction_sign=+1；若表示 in/out，则 direction_sign=-1；若该模块无合适 ratio，则留空。,"Fill +1 for out/in-like forward support, -1 for in/out-like reverse support",gcst90199621/gcst90199747,gcst90199747/gcst90199621
M_247,GCST90200101,GCST90199621,Pimeloylcarnitine/3-methyladipoylcarnitine (C7-DC),Carnitine,短链酰基肉碱,Short-Chain Acylcarnitines,脂肪酸β氧化与酰基肉碱代谢,高,,,GCST90199621 / GCST90200101,GCST90200101 / GCST90199621,Carnitine / Pimeloylcarnitine/3-methyladipoylcarnitine (C7-DC),Pimeloylcarnitine/3-methyladipoylcarnitine (C7-DC) / Carnitine,若 ratio_trait 表示 out/in，则 direction_sign=+1；若表示 in/out，则 direction_sign=-1；若该模块无合适 ratio，则留空。,"Fill +1 for out/in-like forward support, -1 for in/out-like reverse support",gcst90199621/gcst90200101,gcst90200101/gcst90199621
M_248,GCST90200088,GCST90199621,(S)-3-hydroxybutyrylcarnitine,Carnitine,短链酰基肉碱,Short-Chain Acylcarnitines,脂肪酸β氧化与酰基肉碱代谢,高,,,GCST90199621 / GCST90200088,GCST90200088 / GCST90199621,Carnitine / (S)-3-hydroxybutyrylcarnitine,(S)-3-hydroxybutyrylcarnitine / Carnitine,若 ratio_trait 表示 out/in，则 direction_sign=+1；若表示 in/out，则 direction_sign=-1；若该模块无合适 ratio，则留空。,"Fill +1 for out/in-like forward support, -1 for in/out-like reverse support",gcst90199621/gcst90200088,gcst90200088/gcst90199621
M_249,GCST90200089,GCST90200362,Methylsuccinoylcarnitine,Succinate,短链酰基肉碱,Short-Chain Acylcarnitines,脂肪酸β氧化与酰基肉碱代谢,高,,,GCST90200362 / GCST90200089,GCST90200089 / GCST90200362,Succinate / Methylsuccinoylcarnitine,Methylsuccinoylcarnitine / Succinate,若 ratio_trait 表示 out/in，则 direction_sign=+1；若表示 in/out，则 direction_sign=-1；若该模块无合适 ratio，则留空。,"Fill +1 for out/in-like forward support, -1 for in/out-like reverse support",gcst90200362/gcst90200089,gcst90200089/gcst90200362
M_250,GCST90200018,GCST90199621,Adipoylcarnitine (C6-DC),Carnitine,短链酰基肉碱,Short-Chain Acylcarnitines,脂肪酸β氧化与酰基肉碱代谢,高,,,GCST90199621 / GCST90200018,GCST90200018 / GCST90199621,Carnitine / Adipoylcarnitine (C6-DC),Adipoylcarnitine (C6-DC) / Carnitine,若 ratio_trait 表示 out/in，则 direction_sign=+1；若表示 in/out，则 direction_sign=-1；若该模块无合适 ratio，则留空。,"Fill +1 for out/in-like forward support, -1 for in/out-like reverse support",gcst90199621/gcst90200018,gcst90200018/gcst90199621
M_251,GCST90199971,GCST90200380,3-methylglutarylcarnitine (2),Glutarate (C5-DC),短链酰基肉碱,Short-Chain Acylcarnitines,脂肪酸β氧化与酰基肉碱代谢,中,,,GCST90200380 / GCST90199971,GCST90199971 / GCST90200380,Glutarate (C5-DC) / 3-methylglutarylcarnitine (2),3-methylglutarylcarnitine (2) / Glutarate (C5-DC),若 ratio_trait 表示 out/in，则 direction_sign=+1；若表示 in/out，则 direction_sign=-1；若该模块无合适 ratio，则留空。,"Fill +1 for out/in-like forward support, -1 for in/out-like reverse support",gcst90200380/gcst90199971,gcst90199971/gcst90200380
M_252,GCST90199993,GCST90199621,Phenylacetylcarnitine,Carnitine,短链酰基肉碱,Short-Chain Acylcarnitines,脂肪酸β氧化与酰基肉碱代谢,高,,,GCST90199621 / GCST90199993,GCST90199993 / GCST90199621,Carnitine / Phenylacetylcarnitine,Phenylacetylcarnitine / Carnitine,若 ratio_trait 表示 out/in，则 direction_sign=+1；若表示 in/out，则 direction_sign=-1；若该模块无合适 ratio，则留空。,"Fill +1 for out/in-like forward support, -1 for in/out-like reverse support",gcst90199621/gcst90199993,gcst90199993/gcst90199621
M_253,GCST90199930,GCST90199621,(R)-3-hydroxybutyrylcarnitine,Carnitine,短链酰基肉碱,Short-Chain Acylcarnitines,脂肪酸β氧化与酰基肉碱代谢,高,,,GCST90199621 / GCST90199930,GCST90199930 / GCST90199621,Carnitine / (R)-3-hydroxybutyrylcarnitine,(R)-3-hydroxybutyrylcarnitine / Carnitine,若 ratio_trait 表示 out/in，则 direction_sign=+1；若表示 in/out，则 direction_sign=-1；若该模块无合适 ratio，则留空。,"Fill +1 for out/in-like forward support, -1 for in/out-like reverse support",gcst90199621/gcst90199930,gcst90199930/gcst90199621
M_254,GCST90200673,GCST90199621,Butyrylcarnitine (C4),Carnitine,短链酰基肉碱,Short-Chain Acylcarnitines,脂肪酸β氧化与酰基肉碱代谢,高,,,GCST90199621 / GCST90200673,GCST90200673 / GCST90199621,Carnitine / Butyrylcarnitine (C4),Butyrylcarnitine (C4) / Carnitine,若 ratio_trait 表示 out/in，则 direction_sign=+1；若表示 in/out，则 direction_sign=-1；若该模块无合适 ratio，则留空。,"Fill +1 for out/in-like forward support, -1 for in/out-like reverse support",gcst90199621/gcst90200673,gcst90200673/gcst90199621
M_255,GCST90199668,GCST90199621,Hexanoylcarnitine,Carnitine,中链酰基肉碱,Medium-Chain Acylcarnitines,脂肪酸β氧化与酰基肉碱代谢,高,,,GCST90199621 / GCST90199668,GCST90199668 / GCST90199621,Carnitine / Hexanoylcarnitine,Hexanoylcarnitine / Carnitine,若 ratio_trait 表示 out/in，则 direction_sign=+1；若表示 in/out，则 direction_sign=-1；若该模块无合适 ratio，则留空。,"Fill +1 for out/in-like forward support, -1 for in/out-like reverse support",gcst90199621/gcst90199668,gcst90199668/gcst90199621
M_256,GCST90199880,GCST90199621,Cis-4-decenoylcarnitine (C10:1),Carnitine,中链酰基肉碱,Medium-Chain Acylcarnitines,脂肪酸β氧化与酰基肉碱代谢,高,,,GCST90199621 / GCST90199880,GCST90199880 / GCST90199621,Carnitine / Cis-4-decenoylcarnitine (C10:1),Cis-4-decenoylcarnitine (C10:1) / Carnitine,若 ratio_trait 表示 out/in，则 direction_sign=+1；若表示 in/out，则 direction_sign=-1；若该模块无合适 ratio，则留空。,"Fill +1 for out/in-like forward support, -1 for in/out-like reverse support",gcst90199621/gcst90199880,gcst90199880/gcst90199621
M_257,GCST90199720,GCST90199621,Octanoylcarnitine (C8),Carnitine,中链酰基肉碱,Medium-Chain Acylcarnitines,脂肪酸β氧化与酰基肉碱代谢,高,,,GCST90199621 / GCST90199720,GCST90199720 / GCST90199621,Carnitine / Octanoylcarnitine (C8),Octanoylcarnitine (C8) / Carnitine,若 ratio_trait 表示 out/in，则 direction_sign=+1；若表示 in/out，则 direction_sign=-1；若该模块无合适 ratio，则留空。,"Fill +1 for out/in-like forward support, -1 for in/out-like reverse support",gcst90199621/gcst90199720,gcst90199720/gcst90199621
M_258,GCST90199722,GCST90199621,Decanoylcarnitine (C10),Carnitine,中链酰基肉碱,Medium-Chain Acylcarnitines,脂肪酸β氧化与酰基肉碱代谢,高,,,GCST90199621 / GCST90199722,GCST90199722 / GCST90199621,Carnitine / Decanoylcarnitine (C10),Decanoylcarnitine (C10) / Carnitine,若 ratio_trait 表示 out/in，则 direction_sign=+1；若表示 in/out，则 direction_sign=-1；若该模块无合适 ratio，则留空。,"Fill +1 for out/in-like forward support, -1 for in/out-like reverse support",gcst90199621/gcst90199722,gcst90199722/gcst90199621
M_259,GCST90199750,GCST90199621,Laurylcarnitine,Carnitine,中链酰基肉碱,Medium-Chain Acylcarnitines,脂肪酸β氧化与酰基肉碱代谢,高,,,GCST90199621 / GCST90199750,GCST90199750 / GCST90199621,Carnitine / Laurylcarnitine,Laurylcarnitine / Carnitine,若 ratio_trait 表示 out/in，则 direction_sign=+1；若表示 in/out，则 direction_sign=-1；若该模块无合适 ratio，则留空。,"Fill +1 for out/in-like forward support, -1 for in/out-like reverse support",gcst90199621/gcst90199750,gcst90199750/gcst90199621
M_260,GCST90200031,GCST90199621,Nonanoylcarnitine (C9),Carnitine,中链酰基肉碱,Medium-Chain Acylcarnitines,脂肪酸β氧化与酰基肉碱代谢,高,,,GCST90199621 / GCST90200031,GCST90200031 / GCST90199621,Carnitine / Nonanoylcarnitine (C9),Nonanoylcarnitine (C9) / Carnitine,若 ratio_trait 表示 out/in，则 direction_sign=+1；若表示 in/out，则 direction_sign=-1；若该模块无合适 ratio，则留空。,"Fill +1 for out/in-like forward support, -1 for in/out-like reverse support",gcst90199621/gcst90200031,gcst90200031/gcst90199621
M_261,GCST90200151,GCST90199621,5-dodecenoylcarnitine (C12:1),Carnitine,中链酰基肉碱,Medium-Chain Acylcarnitines,脂肪酸β氧化与酰基肉碱代谢,高,,,GCST90199621 / GCST90200151,GCST90200151 / GCST90199621,Carnitine / 5-dodecenoylcarnitine (C12:1),5-dodecenoylcarnitine (C12:1) / Carnitine,若 ratio_trait 表示 out/in，则 direction_sign=+1；若表示 in/out，则 direction_sign=-1；若该模块无合适 ratio，则留空。,"Fill +1 for out/in-like forward support, -1 for in/out-like reverse support",gcst90199621/gcst90200151,gcst90200151/gcst90199621
M_262,GCST90200228,GCST90199621,3-hydroxyhexanoylcarnitine (1),Carnitine,中链酰基肉碱,Medium-Chain Acylcarnitines,脂肪酸β氧化与酰基肉碱代谢,高,,,GCST90199621 / GCST90200228,GCST90200228 / GCST90199621,Carnitine / 3-hydroxyhexanoylcarnitine (1),3-hydroxyhexanoylcarnitine (1) / Carnitine,若 ratio_trait 表示 out/in，则 direction_sign=+1；若表示 in/out，则 direction_sign=-1；若该模块无合适 ratio，则留空。,"Fill +1 for out/in-like forward support, -1 for in/out-like reverse support",gcst90199621/gcst90200228,gcst90200228/gcst90199621
M_263,GCST90200236,GCST90199621,Undecenoylcarnitine (C11:1),Carnitine,中链酰基肉碱,Medium-Chain Acylcarnitines,脂肪酸β氧化与酰基肉碱代谢,高,,,GCST90199621 / GCST90200236,GCST90200236 / GCST90199621,Carnitine / Undecenoylcarnitine (C11:1),Undecenoylcarnitine (C11:1) / Carnitine,若 ratio_trait 表示 out/in，则 direction_sign=+1；若表示 in/out，则 direction_sign=-1；若该模块无合适 ratio，则留空。,"Fill +1 for out/in-like forward support, -1 for in/out-like reverse support",gcst90199621/gcst90200236,gcst90200236/gcst90199621
M_264,GCST90200246,GCST90199621,3-hydroxydecanoylcarnitine,Carnitine,中链酰基肉碱,Medium-Chain Acylcarnitines,脂肪酸β氧化与酰基肉碱代谢,高,,,GCST90199621 / GCST90200246,GCST90200246 / GCST90199621,Carnitine / 3-hydroxydecanoylcarnitine,3-hydroxydecanoylcarnitine / Carnitine,若 ratio_trait 表示 out/in，则 direction_sign=+1；若表示 in/out，则 direction_sign=-1；若该模块无合适 ratio，则留空。,"Fill +1 for out/in-like forward support, -1 for in/out-like reverse support",gcst90199621/gcst90200246,gcst90200246/gcst90199621
M_265,GCST90200272,GCST90199621,3-hydroxyoctanoylcarnitine (1),Carnitine,中链酰基肉碱,Medium-Chain Acylcarnitines,脂肪酸β氧化与酰基肉碱代谢,高,,,GCST90199621 / GCST90200272,GCST90200272 / GCST90199621,Carnitine / 3-hydroxyoctanoylcarnitine (1),3-hydroxyoctanoylcarnitine (1) / Carnitine,若 ratio_trait 表示 out/in，则 direction_sign=+1；若表示 in/out，则 direction_sign=-1；若该模块无合适 ratio，则留空。,"Fill +1 for out/in-like forward support, -1 for in/out-like reverse support",gcst90199621/gcst90200272,gcst90200272/gcst90199621
M_266,GCST90200278,GCST90199621,3-hydroxyoctanoylcarnitine (2),Carnitine,中链酰基肉碱,Medium-Chain Acylcarnitines,脂肪酸β氧化与酰基肉碱代谢,高,,,GCST90199621 / GCST90200278,GCST90200278 / GCST90199621,Carnitine / 3-hydroxyoctanoylcarnitine (2),3-hydroxyoctanoylcarnitine (2) / Carnitine,若 ratio_trait 表示 out/in，则 direction_sign=+1；若表示 in/out，则 direction_sign=-1；若该模块无合适 ratio，则留空。,"Fill +1 for out/in-like forward support, -1 for in/out-like reverse support",gcst90199621/gcst90200278,gcst90200278/gcst90199621
M_267,GCST90199666,GCST90199621,Palmitoylcarnitine (C16),Carnitine,长链酰基肉碱,Long-Chain Acylcarnitines,脂肪酸β氧化与酰基肉碱代谢,高,GCST90200792,1.0,GCST90199621 / GCST90199666,GCST90199666 / GCST90199621,Carnitine / Palmitoylcarnitine (C16),Palmitoylcarnitine (C16) / Carnitine,若 ratio_trait 表示 out/in，则 direction_sign=+1；若表示 in/out，则 direction_sign=-1；若该模块无合适 ratio，则留空。,"Fill +1 for out/in-like forward support, -1 for in/out-like reverse support",gcst90199621/gcst90199666,gcst90199666/gcst90199621
M_268,GCST90199774,GCST90199621,Oleoylcarnitine (C18:1),Carnitine,长链酰基肉碱,Long-Chain Acylcarnitines,脂肪酸β氧化与酰基肉碱代谢,高,,,GCST90199621 / GCST90199774,GCST90199774 / GCST90199621,Carnitine / Oleoylcarnitine (C18:1),Oleoylcarnitine (C18:1) / Carnitine,若 ratio_trait 表示 out/in，则 direction_sign=+1；若表示 in/out，则 direction_sign=-1；若该模块无合适 ratio，则留空。,"Fill +1 for out/in-like forward support, -1 for in/out-like reverse support",gcst90199621/gcst90199774,gcst90199774/gcst90199621
M_269,GCST90199730,GCST90199621,Myristoylcarnitine (C14),Carnitine,长链酰基肉碱,Long-Chain Acylcarnitines,脂肪酸β氧化与酰基肉碱代谢,高,,,GCST90199621 / GCST90199730,GCST90199730 / GCST90199621,Carnitine / Myristoylcarnitine (C14),Myristoylcarnitine (C14) / Carnitine,若 ratio_trait 表示 out/in，则 direction_sign=+1；若表示 in/out，则 direction_sign=-1；若该模块无合适 ratio，则留空。,"Fill +1 for out/in-like forward support, -1 for in/out-like reverse support",gcst90199621/gcst90199730,gcst90199730/gcst90199621
M_270,GCST90199743,GCST90199621,Stearoylcarnitine (C18),Carnitine,长链酰基肉碱,Long-Chain Acylcarnitines,脂肪酸β氧化与酰基肉碱代谢,高,,,GCST90199621 / GCST90199743,GCST90199743 / GCST90199621,Carnitine / Stearoylcarnitine (C18),Stearoylcarnitine (C18) / Carnitine,若 ratio_trait 表示 out/in，则 direction_sign=+1；若表示 in/out，则 direction_sign=-1；若该模块无合适 ratio，则留空。,"Fill +1 for out/in-like forward support, -1 for in/out-like reverse support",gcst90199621/gcst90199743,gcst90199743/gcst90199621
M_271,GCST90200110,GCST90199621,Palmitoleoylcarnitine (C16:1),Carnitine,长链酰基肉碱,Long-Chain Acylcarnitines,脂肪酸β氧化与酰基肉碱代谢,高,,,GCST90199621 / GCST90200110,GCST90200110 / GCST90199621,Carnitine / Palmitoleoylcarnitine (C16:1),Palmitoleoylcarnitine (C16:1) / Carnitine,若 ratio_trait 表示 out/in，则 direction_sign=+1；若表示 in/out，则 direction_sign=-1；若该模块无合适 ratio，则留空。,"Fill +1 for out/in-like forward support, -1 for in/out-like reverse support",gcst90199621/gcst90200110,gcst90200110/gcst90199621
M_272,GCST90199979,GCST90199621,Myristoleoylcarnitine (C14:1),Carnitine,长链酰基肉碱,Long-Chain Acylcarnitines,脂肪酸β氧化与酰基肉碱代谢,高,,,GCST90199621 / GCST90199979,GCST90199979 / GCST90199621,Carnitine / Myristoleoylcarnitine (C14:1),Myristoleoylcarnitine (C14:1) / Carnitine,若 ratio_trait 表示 out/in，则 direction_sign=+1；若表示 in/out，则 direction_sign=-1；若该模块无合适 ratio，则留空。,"Fill +1 for out/in-like forward support, -1 for in/out-like reverse support",gcst90199621/gcst90199979,gcst90199979/gcst90199621
M_273,GCST90199929,GCST90199621,Margaroylcarnitine (C17),Carnitine,长链酰基肉碱,Long-Chain Acylcarnitines,脂肪酸β氧化与酰基肉碱代谢,高,,,GCST90199621 / GCST90199929,GCST90199929 / GCST90199621,Carnitine / Margaroylcarnitine (C17),Margaroylcarnitine (C17) / Carnitine,若 ratio_trait 表示 out/in，则 direction_sign=+1；若表示 in/out，则 direction_sign=-1；若该模块无合适 ratio，则留空。,"Fill +1 for out/in-like forward support, -1 for in/out-like reverse support",gcst90199621/gcst90199929,gcst90199929/gcst90199621
M_274,GCST90200146,GCST90199621,Docosahexaenoylcarnitine (C22:6),Carnitine,长链酰基肉碱,Long-Chain Acylcarnitines,脂肪酸β氧化与酰基肉碱代谢,高,,,GCST90199621 / GCST90200146,GCST90200146 / GCST90199621,Carnitine / Docosahexaenoylcarnitine (C22:6),Docosahexaenoylcarnitine (C22:6) / Carnitine,若 ratio_trait 表示 out/in，则 direction_sign=+1；若表示 in/out，则 direction_sign=-1；若该模块无合适 ratio，则留空。,"Fill +1 for out/in-like forward support, -1 for in/out-like reverse support",gcst90199621/gcst90200146,gcst90200146/gcst90199621
M_275,GCST90200148,GCST90199621,Eicosenoylcarnitine (C20:1),Carnitine,长链酰基肉碱,Long-Chain Acylcarnitines,脂肪酸β氧化与酰基肉碱代谢,高,,,GCST90199621 / GCST90200148,GCST90200148 / GCST90199621,Carnitine / Eicosenoylcarnitine (C20:1),Eicosenoylcarnitine (C20:1) / Carnitine,若 ratio_trait 表示 out/in，则 direction_sign=+1；若表示 in/out，则 direction_sign=-1；若该模块无合适 ratio，则留空。,"Fill +1 for out/in-like forward support, -1 for in/out-like reverse support",gcst90199621/gcst90200148,gcst90200148/gcst90199621
M_276,GCST90200149,GCST90199621,Ximenoylcarnitine (C26:1),Carnitine,长链酰基肉碱,Long-Chain Acylcarnitines,脂肪酸β氧化与酰基肉碱代谢,高,,,GCST90199621 / GCST90200149,GCST90200149 / GCST90199621,Carnitine / Ximenoylcarnitine (C26:1),Ximenoylcarnitine (C26:1) / Carnitine,若 ratio_trait 表示 out/in，则 direction_sign=+1；若表示 in/out，则 direction_sign=-1；若该模块无合适 ratio，则留空。,"Fill +1 for out/in-like forward support, -1 for in/out-like reverse support",gcst90199621/gcst90200149,gcst90200149/gcst90199621
M_277,GCST90200158,GCST90199621,3-hydroxyoleoylcarnitine,Carnitine,长链酰基肉碱,Long-Chain Acylcarnitines,脂肪酸β氧化与酰基肉碱代谢,高,,,GCST90199621 / GCST90200158,GCST90200158 / GCST90199621,Carnitine / 3-hydroxyoleoylcarnitine,3-hydroxyoleoylcarnitine / Carnitine,若 ratio_trait 表示 out/in，则 direction_sign=+1；若表示 in/out，则 direction_sign=-1；若该模块无合适 ratio，则留空。,"Fill +1 for out/in-like forward support, -1 for in/out-like reverse support",gcst90199621/gcst90200158,gcst90200158/gcst90199621
M_278,GCST90200135,GCST90199621,Arachidoylcarnitine (C20),Carnitine,长链酰基肉碱,Long-Chain Acylcarnitines,脂肪酸β氧化与酰基肉碱代谢,高,,,GCST90199621 / GCST90200135,GCST90200135 / GCST90199621,Carnitine / Arachidoylcarnitine (C20),Arachidoylcarnitine (C20) / Carnitine,若 ratio_trait 表示 out/in，则 direction_sign=+1；若表示 in/out，则 direction_sign=-1；若该模块无合适 ratio，则留空。,"Fill +1 for out/in-like forward support, -1 for in/out-like reverse support",gcst90199621/gcst90200135,gcst90200135/gcst90199621
M_279,GCST90200144,GCST90199621,Dihomo-linoleoylcarnitine (C20:2),Carnitine,长链酰基肉碱,Long-Chain Acylcarnitines,脂肪酸β氧化与酰基肉碱代谢,高,,,GCST90199621 / GCST90200144,GCST90200144 / GCST90199621,Carnitine / Dihomo-linoleoylcarnitine (C20:2),Dihomo-linoleoylcarnitine (C20:2) / Carnitine,若 ratio_trait 表示 out/in，则 direction_sign=+1；若表示 in/out，则 direction_sign=-1；若该模块无合适 ratio，则留空。,"Fill +1 for out/in-like forward support, -1 for in/out-like reverse support",gcst90199621/gcst90200144,gcst90200144/gcst90199621
M_280,GCST90199802,GCST90199621,Beta-hydroxyisovaleroylcarnitine,Carnitine,二羧酸/羟基酰基肉碱支路,Dicarboxylic Acid/Hydroxyacylcarnitine Branch,脂肪酸β氧化与酰基肉碱代谢,高,,,GCST90199621 / GCST90199802,GCST90199802 / GCST90199621,Carnitine / Beta-hydroxyisovaleroylcarnitine,Beta-hydroxyisovaleroylcarnitine / Carnitine,若 ratio_trait 表示 out/in，则 direction_sign=+1；若表示 in/out，则 direction_sign=-1；若该模块无合适 ratio，则留空。,"Fill +1 for out/in-like forward support, -1 for in/out-like reverse support",gcst90199621/gcst90199802,gcst90199802/gcst90199621
M_281,GCST90199916,GCST90199621,Carnitine C18:2,Carnitine,二羧酸/羟基酰基肉碱支路,Dicarboxylic Acid/Hydroxyacylcarnitine Branch,脂肪酸β氧化与酰基肉碱代谢,高,,,GCST90199621 / GCST90199916,GCST90199916 / GCST90199621,Carnitine / Carnitine C18:2,Carnitine C18:2 / Carnitine,若 ratio_trait 表示 out/in，则 direction_sign=+1；若表示 in/out，则 direction_sign=-1；若该模块无合适 ratio，则留空。,"Fill +1 for out/in-like forward support, -1 for in/out-like reverse support",gcst90199621/gcst90199916,gcst90199916/gcst90199621
M_282,GCST90200027,GCST90199621,4-hydroxyphenylacetoylcarnitine,Carnitine,二羧酸/羟基酰基肉碱支路,Dicarboxylic Acid/Hydroxyacylcarnitine Branch,脂肪酸β氧化与酰基肉碱代谢,高,,,GCST90199621 / GCST90200027,GCST90200027 / GCST90199621,Carnitine / 4-hydroxyphenylacetoylcarnitine,4-hydroxyphenylacetoylcarnitine / Carnitine,若 ratio_trait 表示 out/in，则 direction_sign=+1；若表示 in/out，则 direction_sign=-1；若该模块无合适 ratio，则留空。,"Fill +1 for out/in-like forward support, -1 for in/out-like reverse support",gcst90199621/gcst90200027,gcst90200027/gcst90199621
M_283,GCST90199970,GCST90199621,Octadecenedioylcarnitine (C18:1-DC),Carnitine,二羧酸/羟基酰基肉碱支路,Dicarboxylic Acid/Hydroxyacylcarnitine Branch,脂肪酸β氧化与酰基肉碱代谢,高,,,GCST90199621 / GCST90199970,GCST90199970 / GCST90199621,Carnitine / Octadecenedioylcarnitine (C18:1-DC),Octadecenedioylcarnitine (C18:1-DC) / Carnitine,若 ratio_trait 表示 out/in，则 direction_sign=+1；若表示 in/out，则 direction_sign=-1；若该模块无合适 ratio，则留空。,"Fill +1 for out/in-like forward support, -1 for in/out-like reverse support",gcst90199621/gcst90199970,gcst90199970/gcst90199621
M_284,GCST90199992,GCST90199621,Octadecanedioylcarnitine (C18-DC),Carnitine,二羧酸/羟基酰基肉碱支路,Dicarboxylic Acid/Hydroxyacylcarnitine Branch,脂肪酸β氧化与酰基肉碱代谢,高,,,GCST90199621 / GCST90199992,GCST90199992 / GCST90199621,Carnitine / Octadecanedioylcarnitine (C18-DC),Octadecanedioylcarnitine (C18-DC) / Carnitine,若 ratio_trait 表示 out/in，则 direction_sign=+1；若表示 in/out，则 direction_sign=-1；若该模块无合适 ratio，则留空。,"Fill +1 for out/in-like forward support, -1 for in/out-like reverse support",gcst90199621/gcst90199992,gcst90199992/gcst90199621
M_285,GCST90200150,GCST90199621,Arachidonoylcarnitine (C20:4),Carnitine,二羧酸/羟基酰基肉碱支路,Dicarboxylic Acid/Hydroxyacylcarnitine Branch,脂肪酸β氧化与酰基肉碱代谢,高,,,GCST90199621 / GCST90200150,GCST90200150 / GCST90199621,Carnitine / Arachidonoylcarnitine (C20:4),Arachidonoylcarnitine (C20:4) / Carnitine,若 ratio_trait 表示 out/in，则 direction_sign=+1；若表示 in/out，则 direction_sign=-1；若该模块无合适 ratio，则留空。,"Fill +1 for out/in-like forward support, -1 for in/out-like reverse support",gcst90199621/gcst90200150,gcst90200150/gcst90199621
M_286,GCST90200155,GCST90199621,2-furoylcarnitine,Carnitine,二羧酸/羟基酰基肉碱支路,Dicarboxylic Acid/Hydroxyacylcarnitine Branch,脂肪酸β氧化与酰基肉碱代谢,高,,,GCST90199621 / GCST90200155,GCST90200155 / GCST90199621,Carnitine / 2-furoylcarnitine,2-furoylcarnitine / Carnitine,若 ratio_trait 表示 out/in，则 direction_sign=+1；若表示 in/out，则 direction_sign=-1；若该模块无合适 ratio，则留空。,"Fill +1 for out/in-like forward support, -1 for in/out-like reverse support",gcst90199621/gcst90200155,gcst90200155/gcst90199621
M_287,GCST90200244,GCST90199621,5-hydroxymethyl-2-furoylcarnitine,Carnitine,二羧酸/羟基酰基肉碱支路,Dicarboxylic Acid/Hydroxyacylcarnitine Branch,脂肪酸β氧化与酰基肉碱代谢,高,,,GCST90199621 / GCST90200244,GCST90200244 / GCST90199621,Carnitine / 5-hydroxymethyl-2-furoylcarnitine,5-hydroxymethyl-2-furoylcarnitine / Carnitine,若 ratio_trait 表示 out/in，则 direction_sign=+1；若表示 in/out，则 direction_sign=-1；若该模块无合适 ratio，则留空。,"Fill +1 for out/in-like forward support, -1 for in/out-like reverse support",gcst90199621/gcst90200244,gcst90200244/gcst90199621
M_288,GCST90200247,GCST90199621,Levulinoylcarnitine,Carnitine,二羧酸/羟基酰基肉碱支路,Dicarboxylic Acid/Hydroxyacylcarnitine Branch,脂肪酸β氧化与酰基肉碱代谢,高,,,GCST90199621 / GCST90200247,GCST90200247 / GCST90199621,Carnitine / Levulinoylcarnitine,Levulinoylcarnitine / Carnitine,若 ratio_trait 表示 out/in，则 direction_sign=+1；若表示 in/out，则 direction_sign=-1；若该模块无合适 ratio，则留空。,"Fill +1 for out/in-like forward support, -1 for in/out-like reverse support",gcst90199621/gcst90200247,gcst90200247/gcst90199621
M_289,GCST90200266,GCST90199621,"Cis-3,4-methyleneheptanoylcarnitine",Carnitine,二羧酸/羟基酰基肉碱支路,Dicarboxylic Acid/Hydroxyacylcarnitine Branch,脂肪酸β氧化与酰基肉碱代谢,高,,,GCST90199621 / GCST90200266,GCST90200266 / GCST90199621,"Carnitine / Cis-3,4-methyleneheptanoylcarnitine","Cis-3,4-methyleneheptanoylcarnitine / Carnitine",若 ratio_trait 表示 out/in，则 direction_sign=+1；若表示 in/out，则 direction_sign=-1；若该模块无合适 ratio，则留空。,"Fill +1 for out/in-like forward support, -1 for in/out-like reverse support",gcst90199621/gcst90200266,gcst90200266/gcst90199621
M_290,GCST90200127,GCST90199621,Behenoylcarnitine (C22),Carnitine,二羧酸/羟基酰基肉碱支路,Dicarboxylic Acid/Hydroxyacylcarnitine Branch,脂肪酸β氧化与酰基肉碱代谢,高,,,GCST90199621 / GCST90200127,GCST90200127 / GCST90199621,Carnitine / Behenoylcarnitine (C22),Behenoylcarnitine (C22) / Carnitine,若 ratio_trait 表示 out/in，则 direction_sign=+1；若表示 in/out，则 direction_sign=-1；若该模块无合适 ratio，则留空。,"Fill +1 for out/in-like forward support, -1 for in/out-like reverse support",gcst90199621/gcst90200127,gcst90200127/gcst90199621
M_291,GCST90200132,GCST90199621,Linolenoylcarnitine (C18:3),Carnitine,二羧酸/羟基酰基肉碱支路,Dicarboxylic Acid/Hydroxyacylcarnitine Branch,脂肪酸β氧化与酰基肉碱代谢,高,,,GCST90199621 / GCST90200132,GCST90200132 / GCST90199621,Carnitine / Linolenoylcarnitine (C18:3),Linolenoylcarnitine (C18:3) / Carnitine,若 ratio_trait 表示 out/in，则 direction_sign=+1；若表示 in/out，则 direction_sign=-1；若该模块无合适 ratio，则留空。,"Fill +1 for out/in-like forward support, -1 for in/out-like reverse support",gcst90199621/gcst90200132,gcst90200132/gcst90199621
M_292,GCST90200136,GCST90199621,Cerotoylcarnitine (C26),Carnitine,二羧酸/羟基酰基肉碱支路,Dicarboxylic Acid/Hydroxyacylcarnitine Branch,脂肪酸β氧化与酰基肉碱代谢,高,,,GCST90199621 / GCST90200136,GCST90200136 / GCST90199621,Carnitine / Cerotoylcarnitine (C26),Cerotoylcarnitine (C26) / Carnitine,若 ratio_trait 表示 out/in，则 direction_sign=+1；若表示 in/out，则 direction_sign=-1；若该模块无合适 ratio，则留空。,"Fill +1 for out/in-like forward support, -1 for in/out-like reverse support",gcst90199621/gcst90200136,gcst90200136/gcst90199621
M_293,GCST90200137,GCST90199621,Lignoceroylcarnitine (C24),Carnitine,二羧酸/羟基酰基肉碱支路,Dicarboxylic Acid/Hydroxyacylcarnitine Branch,脂肪酸β氧化与酰基肉碱代谢,高,,,GCST90199621 / GCST90200137,GCST90200137 / GCST90199621,Carnitine / Lignoceroylcarnitine (C24),Lignoceroylcarnitine (C24) / Carnitine,若 ratio_trait 表示 out/in，则 direction_sign=+1；若表示 in/out，则 direction_sign=-1；若该模块无合适 ratio，则留空。,"Fill +1 for out/in-like forward support, -1 for in/out-like reverse support",gcst90199621/gcst90200137,gcst90200137/gcst90199621
M_294,GCST90200139,GCST90199621,Dihomo-linolenoylcarnitine (C20:3n3 or 6),Carnitine,二羧酸/羟基酰基肉碱支路,Dicarboxylic Acid/Hydroxyacylcarnitine Branch,脂肪酸β氧化与酰基肉碱代谢,高,,,GCST90199621 / GCST90200139,GCST90200139 / GCST90199621,Carnitine / Dihomo-linolenoylcarnitine (C20:3n3 or 6),Dihomo-linolenoylcarnitine (C20:3n3 or 6) / Carnitine,若 ratio_trait 表示 out/in，则 direction_sign=+1；若表示 in/out，则 direction_sign=-1；若该模块无合适 ratio，则留空。,"Fill +1 for out/in-like forward support, -1 for in/out-like reverse support",gcst90199621/gcst90200139,gcst90200139/gcst90199621
M_295,GCST90200143,GCST90199621,Nervonoylcarnitine (C24:1),Carnitine,二羧酸/羟基酰基肉碱支路,Dicarboxylic Acid/Hydroxyacylcarnitine Branch,脂肪酸β氧化与酰基肉碱代谢,高,,,GCST90199621 / GCST90200143,GCST90200143 / GCST90199621,Carnitine / Nervonoylcarnitine (C24:1),Nervonoylcarnitine (C24:1) / Carnitine,若 ratio_trait 表示 out/in，则 direction_sign=+1；若表示 in/out，则 direction_sign=-1；若该模块无合适 ratio，则留空。,"Fill +1 for out/in-like forward support, -1 for in/out-like reverse support",gcst90199621/gcst90200143,gcst90200143/gcst90199621
M_296,GCST90200203,GCST90199621,Indoleacetoylcarnitine,Carnitine,二羧酸/羟基酰基肉碱支路,Dicarboxylic Acid/Hydroxyacylcarnitine Branch,脂肪酸β氧化与酰基肉碱代谢,高,,,GCST90199621 / GCST90200203,GCST90200203 / GCST90199621,Carnitine / Indoleacetoylcarnitine,Indoleacetoylcarnitine / Carnitine,若 ratio_trait 表示 out/in，则 direction_sign=+1；若表示 in/out，则 direction_sign=-1；若该模块无合适 ratio，则留空。,"Fill +1 for out/in-like forward support, -1 for in/out-like reverse support",gcst90199621/gcst90200203,gcst90200203/gcst90199621
M_297,GCST90199629,GCST90200327,Glycerophosphorylcholine (GPC),Choline,头基前体,Head Group Precursors,甘油磷脂-胆碱-肌醇代谢,高,,,GCST90200327 / GCST90199629,GCST90199629 / GCST90200327,Choline / Glycerophosphorylcholine (GPC),Glycerophosphorylcholine (GPC) / Choline,若 ratio_trait 表示 out/in，则 direction_sign=+1；若表示 in/out，则 direction_sign=-1；若该模块无合适 ratio，则留空。,"Fill +1 for out/in-like forward support, -1 for in/out-like reverse support",gcst90200327/gcst90199629,gcst90199629/gcst90200327
M_298,GCST90199629,GCST90200363,Glycerophosphorylcholine (GPC),Choline phosphate,头基前体,Head Group Precursors,甘油磷脂-胆碱-肌醇代谢,中,,,GCST90200363 / GCST90199629,GCST90199629 / GCST90200363,Choline phosphate / Glycerophosphorylcholine (GPC),Glycerophosphorylcholine (GPC) / Choline phosphate,若 ratio_trait 表示 out/in，则 direction_sign=+1；若表示 in/out，则 direction_sign=-1；若该模块无合适 ratio，则留空。,"Fill +1 for out/in-like forward support, -1 for in/out-like reverse support",gcst90200363/gcst90199629,gcst90199629/gcst90200363
M_299,GCST90199808,GCST90200281,Glycerophosphoethanolamine,Phosphoethanolamine,头基前体,Head Group Precursors,甘油磷脂-胆碱-肌醇代谢,高,,,GCST90200281 / GCST90199808,GCST90199808 / GCST90200281,Phosphoethanolamine / Glycerophosphoethanolamine,Glycerophosphoethanolamine / Phosphoethanolamine,若 ratio_trait 表示 out/in，则 direction_sign=+1；若表示 in/out，则 direction_sign=-1；若该模块无合适 ratio，则留空。,"Fill +1 for out/in-like forward support, -1 for in/out-like reverse support",gcst90200281/gcst90199808,gcst90199808/gcst90200281
M_300,GCST90199843,GCST90199659,Chiro-inositol,1-stearoyl-GPI (18:0),头基前体,Head Group Precursors,甘油磷脂-胆碱-肌醇代谢,中,,,GCST90199659 / GCST90199843,GCST90199843 / GCST90199659,1-stearoyl-GPI (18:0) / Chiro-inositol,Chiro-inositol / 1-stearoyl-GPI (18:0),若 ratio_trait 表示 out/in，则 direction_sign=+1；若表示 in/out，则 direction_sign=-1；若该模块无合适 ratio，则留空。,"Fill +1 for out/in-like forward support, -1 for in/out-like reverse support",gcst90199659/gcst90199843,gcst90199843/gcst90199659
M_301,GCST90199843,GCST90200401,Chiro-inositol,Myo-inositol,头基前体,Head Group Precursors,甘油磷脂-胆碱-肌醇代谢,中,,,GCST90200401 / GCST90199843,GCST90199843 / GCST90200401,Myo-inositol / Chiro-inositol,Chiro-inositol / Myo-inositol,若 ratio_trait 表示 out/in，则 direction_sign=+1；若表示 in/out，则 direction_sign=-1；若该模块无合适 ratio，则留空。,"Fill +1 for out/in-like forward support, -1 for in/out-like reverse support",gcst90200401/gcst90199843,gcst90199843/gcst90200401
M_302,GCST90200113,GCST90200327,Stearoylcholine,Choline,头基前体,Head Group Precursors,甘油磷脂-胆碱-肌醇代谢,中,,,GCST90200327 / GCST90200113,GCST90200113 / GCST90200327,Choline / Stearoylcholine,Stearoylcholine / Choline,若 ratio_trait 表示 out/in，则 direction_sign=+1；若表示 in/out，则 direction_sign=-1；若该模块无合适 ratio，则留空。,"Fill +1 for out/in-like forward support, -1 for in/out-like reverse support",gcst90200327/gcst90200113,gcst90200113/gcst90200327
M_303,GCST90200071,GCST90200327,Palmitoylcholine,Choline,头基前体,Head Group Precursors,甘油磷脂-胆碱-肌醇代谢,中,,,GCST90200327 / GCST90200071,GCST90200071 / GCST90200327,Choline / Palmitoylcholine,Palmitoylcholine / Choline,若 ratio_trait 表示 out/in，则 direction_sign=+1；若表示 in/out，则 direction_sign=-1；若该模块无合适 ratio，则留空。,"Fill +1 for out/in-like forward support, -1 for in/out-like reverse support",gcst90200327/gcst90200071,gcst90200071/gcst90200327
M_304,GCST90200084,GCST90200327,Oleoylcholine,Choline,头基前体,Head Group Precursors,甘油磷脂-胆碱-肌醇代谢,中,,,GCST90200327 / GCST90200084,GCST90200084 / GCST90200327,Choline / Oleoylcholine,Oleoylcholine / Choline,若 ratio_trait 表示 out/in，则 direction_sign=+1；若表示 in/out，则 direction_sign=-1；若该模块无合适 ratio，则留空。,"Fill +1 for out/in-like forward support, -1 for in/out-like reverse support",gcst90200327/gcst90200084,gcst90200084/gcst90200327
M_305,GCST90200086,GCST90200327,Arachidonoylcholine,Choline,头基前体,Head Group Precursors,甘油磷脂-胆碱-肌醇代谢,中,,,GCST90200327 / GCST90200086,GCST90200086 / GCST90200327,Choline / Arachidonoylcholine,Arachidonoylcholine / Choline,若 ratio_trait 表示 out/in，则 direction_sign=+1；若表示 in/out，则 direction_sign=-1；若该模块无合适 ratio，则留空。,"Fill +1 for out/in-like forward support, -1 for in/out-like reverse support",gcst90200327/gcst90200086,gcst90200086/gcst90200327
M_306,GCST90200090,GCST90200327,Dihomo-linolenoyl-choline,Choline,头基前体,Head Group Precursors,甘油磷脂-胆碱-肌醇代谢,中,,,GCST90200327 / GCST90200090,GCST90200090 / GCST90200327,Choline / Dihomo-linolenoyl-choline,Dihomo-linolenoyl-choline / Choline,若 ratio_trait 表示 out/in，则 direction_sign=+1；若表示 in/out，则 direction_sign=-1；若该模块无合适 ratio，则留空。,"Fill +1 for out/in-like forward support, -1 for in/out-like reverse support",gcst90200327/gcst90200090,gcst90200090/gcst90200327
M_307,GCST90200091,GCST90200327,Docosahexaenoylcholine,Choline,头基前体,Head Group Precursors,甘油磷脂-胆碱-肌醇代谢,中,,,GCST90200327 / GCST90200091,GCST90200091 / GCST90200327,Choline / Docosahexaenoylcholine,Docosahexaenoylcholine / Choline,若 ratio_trait 表示 out/in，则 direction_sign=+1；若表示 in/out，则 direction_sign=-1；若该模块无合适 ratio，则留空。,"Fill +1 for out/in-like forward support, -1 for in/out-like reverse support",gcst90200327/gcst90200091,gcst90200091/gcst90200327
M_308,GCST90200130,GCST90200327,Linoleoylcholine,Choline,头基前体,Head Group Precursors,甘油磷脂-胆碱-肌醇代谢,中,,,GCST90200327 / GCST90200130,GCST90200130 / GCST90200327,Choline / Linoleoylcholine,Linoleoylcholine / Choline,若 ratio_trait 表示 out/in，则 direction_sign=+1；若表示 in/out，则 direction_sign=-1；若该模块无合适 ratio，则留空。,"Fill +1 for out/in-like forward support, -1 for in/out-like reverse support",gcst90200327/gcst90200130,gcst90200130/gcst90200327
M_309,GCST90200281,GCST90199808,Phosphoethanolamine,Glycerophosphoethanolamine,头基前体,Head Group Precursors,甘油磷脂-胆碱-肌醇代谢,高,,,GCST90199808 / GCST90200281,GCST90200281 / GCST90199808,Glycerophosphoethanolamine / Phosphoethanolamine,Phosphoethanolamine / Glycerophosphoethanolamine,若 ratio_trait 表示 out/in，则 direction_sign=+1；若表示 in/out，则 direction_sign=-1；若该模块无合适 ratio，则留空。,"Fill +1 for out/in-like forward support, -1 for in/out-like reverse support",gcst90199808/gcst90200281,gcst90200281/gcst90199808
M_310,GCST90200327,GCST90199629,Choline,Glycerophosphorylcholine (GPC),头基前体,Head Group Precursors,甘油磷脂-胆碱-肌醇代谢,高,,,GCST90199629 / GCST90200327,GCST90200327 / GCST90199629,Glycerophosphorylcholine (GPC) / Choline,Choline / Glycerophosphorylcholine (GPC),若 ratio_trait 表示 out/in，则 direction_sign=+1；若表示 in/out，则 direction_sign=-1；若该模块无合适 ratio，则留空。,"Fill +1 for out/in-like forward support, -1 for in/out-like reverse support",gcst90199629/gcst90200327,gcst90200327/gcst90199629
M_311,GCST90200327,GCST90200363,Choline,Choline phosphate,头基前体,Head Group Precursors,甘油磷脂-胆碱-肌醇代谢,高,GCST90200959,1.0,GCST90200363 / GCST90200327,GCST90200327 / GCST90200363,Choline phosphate / Choline,Choline / Choline phosphate,若 ratio_trait 表示 out/in，则 direction_sign=+1；若表示 in/out，则 direction_sign=-1；若该模块无合适 ratio，则留空。,"Fill +1 for out/in-like forward support, -1 for in/out-like reverse support",gcst90200363/gcst90200327,gcst90200327/gcst90200363
M_312,GCST90200363,GCST90199629,Choline phosphate,Glycerophosphorylcholine (GPC),头基前体,Head Group Precursors,甘油磷脂-胆碱-肌醇代谢,高,,,GCST90199629 / GCST90200363,GCST90200363 / GCST90199629,Glycerophosphorylcholine (GPC) / Choline phosphate,Choline phosphate / Glycerophosphorylcholine (GPC),若 ratio_trait 表示 out/in，则 direction_sign=+1；若表示 in/out，则 direction_sign=-1；若该模块无合适 ratio，则留空。,"Fill +1 for out/in-like forward support, -1 for in/out-like reverse support",gcst90199629/gcst90200363,gcst90200363/gcst90199629
M_313,GCST90200401,GCST90199659,Myo-inositol,1-stearoyl-GPI (18:0),头基前体,Head Group Precursors,甘油磷脂-胆碱-肌醇代谢,中,,,GCST90199659 / GCST90200401,GCST90200401 / GCST90199659,1-stearoyl-GPI (18:0) / Myo-inositol,Myo-inositol / 1-stearoyl-GPI (18:0),若 ratio_trait 表示 out/in，则 direction_sign=+1；若表示 in/out，则 direction_sign=-1；若该模块无合适 ratio，则留空。,"Fill +1 for out/in-like forward support, -1 for in/out-like reverse support",gcst90199659/gcst90200401,gcst90200401/gcst90199659
M_314,GCST90200401,GCST90199843,Myo-inositol,Chiro-inositol,头基前体,Head Group Precursors,甘油磷脂-胆碱-肌醇代谢,中,,,GCST90199843 / GCST90200401,GCST90200401 / GCST90199843,Chiro-inositol / Myo-inositol,Myo-inositol / Chiro-inositol,若 ratio_trait 表示 out/in，则 direction_sign=+1；若表示 in/out，则 direction_sign=-1；若该模块无合适 ratio，则留空。,"Fill +1 for out/in-like forward support, -1 for in/out-like reverse support",gcst90199843/gcst90200401,gcst90200401/gcst90199843
M_315,GCST90199649,GCST90200401,1-stearoyl-2-arachidonoyl-GPI (18:0/20:4),Myo-inositol,溶血磷脂,Lysophospholipids,甘油磷脂-胆碱-肌醇代谢,中,,,GCST90200401 / GCST90199649,GCST90199649 / GCST90200401,Myo-inositol / 1-stearoyl-2-arachidonoyl-GPI (18:0/20:4),1-stearoyl-2-arachidonoyl-GPI (18:0/20:4) / Myo-inositol,若 ratio_trait 表示 out/in，则 direction_sign=+1；若表示 in/out，则 direction_sign=-1；若该模块无合适 ratio，则留空。,"Fill +1 for out/in-like forward support, -1 for in/out-like reverse support",gcst90200401/gcst90199649,gcst90199649/gcst90200401
M_316,GCST90199652,GCST90200415,1-stearoyl-2-oleoyl-GPS (18:0/18:1),Serine,溶血磷脂,Lysophospholipids,甘油磷脂-胆碱-肌醇代谢,中,,,GCST90200415 / GCST90199652,GCST90199652 / GCST90200415,Serine / 1-stearoyl-2-oleoyl-GPS (18:0/18:1),1-stearoyl-2-oleoyl-GPS (18:0/18:1) / Serine,若 ratio_trait 表示 out/in，则 direction_sign=+1；若表示 in/out，则 direction_sign=-1；若该模块无合适 ratio，则留空。,"Fill +1 for out/in-like forward support, -1 for in/out-like reverse support",gcst90200415/gcst90199652,gcst90199652/gcst90200415
M_317,GCST90199653,GCST90199629,1-myristoyl-2-palmitoyl-gpc (14:0/16:0),Glycerophosphorylcholine (GPC),溶血磷脂,Lysophospholipids,甘油磷脂-胆碱-肌醇代谢,高,,,GCST90199629 / GCST90199653,GCST90199653 / GCST90199629,Glycerophosphorylcholine (GPC) / 1-myristoyl-2-palmitoyl-gpc (14:0/16:0),1-myristoyl-2-palmitoyl-gpc (14:0/16:0) / Glycerophosphorylcholine (GPC),若 ratio_trait 表示 out/in，则 direction_sign=+1；若表示 in/out，则 direction_sign=-1；若该模块无合适 ratio，则留空。,"Fill +1 for out/in-like forward support, -1 for in/out-like reverse support",gcst90199629/gcst90199653,gcst90199653/gcst90199629
M_318,GCST90199659,GCST90200401,1-stearoyl-GPI (18:0),Myo-inositol,溶血磷脂,Lysophospholipids,甘油磷脂-胆碱-肌醇代谢,中,,,GCST90200401 / GCST90199659,GCST90199659 / GCST90200401,Myo-inositol / 1-stearoyl-GPI (18:0),1-stearoyl-GPI (18:0) / Myo-inositol,若 ratio_trait 表示 out/in，则 direction_sign=+1；若表示 in/out，则 direction_sign=-1；若该模块无合适 ratio，则留空。,"Fill +1 for out/in-like forward support, -1 for in/out-like reverse support",gcst90200401/gcst90199659,gcst90199659/gcst90200401
M_319,GCST90199660,GCST90199629,"1,2-dipalmitoyl-gpc (16:0/16:0)",Glycerophosphorylcholine (GPC),溶血磷脂,Lysophospholipids,甘油磷脂-胆碱-肌醇代谢,高,,,GCST90199629 / GCST90199660,GCST90199660 / GCST90199629,"Glycerophosphorylcholine (GPC) / 1,2-dipalmitoyl-gpc (16:0/16:0)","1,2-dipalmitoyl-gpc (16:0/16:0) / Glycerophosphorylcholine (GPC)",若 ratio_trait 表示 out/in，则 direction_sign=+1；若表示 in/out，则 direction_sign=-1；若该模块无合适 ratio，则留空。,"Fill +1 for out/in-like forward support, -1 for in/out-like reverse support",gcst90199629/gcst90199660,gcst90199660/gcst90199629
M_320,GCST90199810,GCST90200401,1-palmitoyl-GPI (16:0),Myo-inositol,溶血磷脂,Lysophospholipids,甘油磷脂-胆碱-肌醇代谢,中,,,GCST90200401 / GCST90199810,GCST90199810 / GCST90200401,Myo-inositol / 1-palmitoyl-GPI (16:0),1-palmitoyl-GPI (16:0) / Myo-inositol,若 ratio_trait 表示 out/in，则 direction_sign=+1；若表示 in/out，则 direction_sign=-1；若该模块无合适 ratio，则留空。,"Fill +1 for out/in-like forward support, -1 for in/out-like reverse support",gcst90200401/gcst90199810,gcst90199810/gcst90200401
M_321,GCST90199821,GCST90200401,1-linoleoyl-GPI (18:2),Myo-inositol,溶血磷脂,Lysophospholipids,甘油磷脂-胆碱-肌醇代谢,中,,,GCST90200401 / GCST90199821,GCST90199821 / GCST90200401,Myo-inositol / 1-linoleoyl-GPI (18:2),1-linoleoyl-GPI (18:2) / Myo-inositol,若 ratio_trait 表示 out/in，则 direction_sign=+1；若表示 in/out，则 direction_sign=-1；若该模块无合适 ratio，则留空。,"Fill +1 for out/in-like forward support, -1 for in/out-like reverse support",gcst90200401/gcst90199821,gcst90199821/gcst90200401
M_322,GCST90199822,GCST90200401,1-oleoyl-GPI (18:1),Myo-inositol,溶血磷脂,Lysophospholipids,甘油磷脂-胆碱-肌醇代谢,中,,,GCST90200401 / GCST90199822,GCST90199822 / GCST90200401,Myo-inositol / 1-oleoyl-GPI (18:1),1-oleoyl-GPI (18:1) / Myo-inositol,若 ratio_trait 表示 out/in，则 direction_sign=+1；若表示 in/out，则 direction_sign=-1；若该模块无合适 ratio，则留空。,"Fill +1 for out/in-like forward support, -1 for in/out-like reverse support",gcst90200401/gcst90199822,gcst90199822/gcst90200401
M_323,GCST90199831,GCST90199808,1-stearoyl-2-oleoyl-GPE (18:0/18:1),Glycerophosphoethanolamine,溶血磷脂,Lysophospholipids,甘油磷脂-胆碱-肌醇代谢,高,,,GCST90199808 / GCST90199831,GCST90199831 / GCST90199808,Glycerophosphoethanolamine / 1-stearoyl-2-oleoyl-GPE (18:0/18:1),1-stearoyl-2-oleoyl-GPE (18:0/18:1) / Glycerophosphoethanolamine,若 ratio_trait 表示 out/in，则 direction_sign=+1；若表示 in/out，则 direction_sign=-1；若该模块无合适 ratio，则留空。,"Fill +1 for out/in-like forward support, -1 for in/out-like reverse support",gcst90199808/gcst90199831,gcst90199831/gcst90199808
M_324,GCST90199844,GCST90199808,1-palmitoyl-2-linoleoyl-GPE (16:0/18:2),Glycerophosphoethanolamine,溶血磷脂,Lysophospholipids,甘油磷脂-胆碱-肌醇代谢,高,,,GCST90199808 / GCST90199844,GCST90199844 / GCST90199808,Glycerophosphoethanolamine / 1-palmitoyl-2-linoleoyl-GPE (16:0/18:2),1-palmitoyl-2-linoleoyl-GPE (16:0/18:2) / Glycerophosphoethanolamine,若 ratio_trait 表示 out/in，则 direction_sign=+1；若表示 in/out，则 direction_sign=-1；若该模块无合适 ratio，则留空。,"Fill +1 for out/in-like forward support, -1 for in/out-like reverse support",gcst90199808/gcst90199844,gcst90199844/gcst90199808
M_325,GCST90199772,GCST90199808,1-stearoyl-GPE (18:0),Glycerophosphoethanolamine,溶血磷脂,Lysophospholipids,甘油磷脂-胆碱-肌醇代谢,高,,,GCST90199808 / GCST90199772,GCST90199772 / GCST90199808,Glycerophosphoethanolamine / 1-stearoyl-GPE (18:0),1-stearoyl-GPE (18:0) / Glycerophosphoethanolamine,若 ratio_trait 表示 out/in，则 direction_sign=+1；若表示 in/out，则 direction_sign=-1；若该模块无合适 ratio，则留空。,"Fill +1 for out/in-like forward support, -1 for in/out-like reverse support",gcst90199808/gcst90199772,gcst90199772/gcst90199808
M_326,GCST90199777,GCST90199629,1-palmitoleoyl-GPC (16:1),Glycerophosphorylcholine (GPC),溶血磷脂,Lysophospholipids,甘油磷脂-胆碱-肌醇代谢,高,,,GCST90199629 / GCST90199777,GCST90199777 / GCST90199629,Glycerophosphorylcholine (GPC) / 1-palmitoleoyl-GPC (16:1),1-palmitoleoyl-GPC (16:1) / Glycerophosphorylcholine (GPC),若 ratio_trait 表示 out/in，则 direction_sign=+1；若表示 in/out，则 direction_sign=-1；若该模块无合适 ratio，则留空。,"Fill +1 for out/in-like forward support, -1 for in/out-like reverse support",gcst90199629/gcst90199777,gcst90199777/gcst90199629
M_327,GCST90199780,GCST90199638,1-stearoyl-GPG (18:0),Glycerol 3-phosphate,溶血磷脂,Lysophospholipids,甘油磷脂-胆碱-肌醇代谢,中,,,GCST90199638 / GCST90199780,GCST90199780 / GCST90199638,Glycerol 3-phosphate / 1-stearoyl-GPG (18:0),1-stearoyl-GPG (18:0) / Glycerol 3-phosphate,若 ratio_trait 表示 out/in，则 direction_sign=+1；若表示 in/out，则 direction_sign=-1；若该模块无合适 ratio，则留空。,"Fill +1 for out/in-like forward support, -1 for in/out-like reverse support",gcst90199638/gcst90199780,gcst90199780/gcst90199638
M_328,GCST90199788,GCST90199629,1-arachidonoyl-gpc (20:4n6),Glycerophosphorylcholine (GPC),溶血磷脂,Lysophospholipids,甘油磷脂-胆碱-肌醇代谢,高,,,GCST90199629 / GCST90199788,GCST90199788 / GCST90199629,Glycerophosphorylcholine (GPC) / 1-arachidonoyl-gpc (20:4n6),1-arachidonoyl-gpc (20:4n6) / Glycerophosphorylcholine (GPC),若 ratio_trait 表示 out/in，则 direction_sign=+1；若表示 in/out，则 direction_sign=-1；若该模块无合适 ratio，则留空。,"Fill +1 for out/in-like forward support, -1 for in/out-like reverse support",gcst90199629/gcst90199788,gcst90199788/gcst90199629
M_329,GCST90199789,GCST90199629,2-palmitoyl-GPC (16:0),Glycerophosphorylcholine (GPC),溶血磷脂,Lysophospholipids,甘油磷脂-胆碱-肌醇代谢,高,,,GCST90199629 / GCST90199789,GCST90199789 / GCST90199629,Glycerophosphorylcholine (GPC) / 2-palmitoyl-GPC (16:0),2-palmitoyl-GPC (16:0) / Glycerophosphorylcholine (GPC),若 ratio_trait 表示 out/in，则 direction_sign=+1；若表示 in/out，则 direction_sign=-1；若该模块无合适 ratio，则留空。,"Fill +1 for out/in-like forward support, -1 for in/out-like reverse support",gcst90199629/gcst90199789,gcst90199789/gcst90199629
M_330,GCST90199790,GCST90199629,2-palmitoleoyl-GPC (16:1),Glycerophosphorylcholine (GPC),溶血磷脂,Lysophospholipids,甘油磷脂-胆碱-肌醇代谢,高,,,GCST90199629 / GCST90199790,GCST90199790 / GCST90199629,Glycerophosphorylcholine (GPC) / 2-palmitoleoyl-GPC (16:1),2-palmitoleoyl-GPC (16:1) / Glycerophosphorylcholine (GPC),若 ratio_trait 表示 out/in，则 direction_sign=+1；若表示 in/out，则 direction_sign=-1；若该模块无合适 ratio，则留空。,"Fill +1 for out/in-like forward support, -1 for in/out-like reverse support",gcst90199629/gcst90199790,gcst90199790/gcst90199629
M_331,GCST90199791,GCST90199808,1-arachidonoyl-GPE (20:4n6),Glycerophosphoethanolamine,溶血磷脂,Lysophospholipids,甘油磷脂-胆碱-肌醇代谢,高,,,GCST90199808 / GCST90199791,GCST90199791 / GCST90199808,Glycerophosphoethanolamine / 1-arachidonoyl-GPE (20:4n6),1-arachidonoyl-GPE (20:4n6) / Glycerophosphoethanolamine,若 ratio_trait 表示 out/in，则 direction_sign=+1；若表示 in/out，则 direction_sign=-1；若该模块无合适 ratio，则留空。,"Fill +1 for out/in-like forward support, -1 for in/out-like reverse support",gcst90199808/gcst90199791,gcst90199791/gcst90199808
M_332,GCST90199792,GCST90199808,1-palmitoyl-GPE (16:0),Glycerophosphoethanolamine,溶血磷脂,Lysophospholipids,甘油磷脂-胆碱-肌醇代谢,高,,,GCST90199808 / GCST90199792,GCST90199792 / GCST90199808,Glycerophosphoethanolamine / 1-palmitoyl-GPE (16:0),1-palmitoyl-GPE (16:0) / Glycerophosphoethanolamine,若 ratio_trait 表示 out/in，则 direction_sign=+1；若表示 in/out，则 direction_sign=-1；若该模块无合适 ratio，则留空。,"Fill +1 for out/in-like forward support, -1 for in/out-like reverse support",gcst90199808/gcst90199792,gcst90199792/gcst90199808
M_333,GCST90199793,GCST90199808,1-linoleoyl-GPE (18:2),Glycerophosphoethanolamine,溶血磷脂,Lysophospholipids,甘油磷脂-胆碱-肌醇代谢,高,,,GCST90199808 / GCST90199793,GCST90199793 / GCST90199808,Glycerophosphoethanolamine / 1-linoleoyl-GPE (18:2),1-linoleoyl-GPE (18:2) / Glycerophosphoethanolamine,若 ratio_trait 表示 out/in，则 direction_sign=+1；若表示 in/out，则 direction_sign=-1；若该模块无合适 ratio，则留空。,"Fill +1 for out/in-like forward support, -1 for in/out-like reverse support",gcst90199808/gcst90199793,gcst90199793/gcst90199808
M_334,GCST90199794,GCST90199808,1-oleoyl-GPE (18:1),Glycerophosphoethanolamine,溶血磷脂,Lysophospholipids,甘油磷脂-胆碱-肌醇代谢,高,,,GCST90199808 / GCST90199794,GCST90199794 / GCST90199808,Glycerophosphoethanolamine / 1-oleoyl-GPE (18:1),1-oleoyl-GPE (18:1) / Glycerophosphoethanolamine,若 ratio_trait 表示 out/in，则 direction_sign=+1；若表示 in/out，则 direction_sign=-1；若该模块无合适 ratio，则留空。,"Fill +1 for out/in-like forward support, -1 for in/out-like reverse support",gcst90199808/gcst90199794,gcst90199794/gcst90199808
M_335,GCST90199895,GCST90199629,1-lignoceroyl-GPC (24:0),Glycerophosphorylcholine (GPC),溶血磷脂,Lysophospholipids,甘油磷脂-胆碱-肌醇代谢,高,,,GCST90199629 / GCST90199895,GCST90199895 / GCST90199629,Glycerophosphorylcholine (GPC) / 1-lignoceroyl-GPC (24:0),1-lignoceroyl-GPC (24:0) / Glycerophosphorylcholine (GPC),若 ratio_trait 表示 out/in，则 direction_sign=+1；若表示 in/out，则 direction_sign=-1；若该模块无合适 ratio，则留空。,"Fill +1 for out/in-like forward support, -1 for in/out-like reverse support",gcst90199629/gcst90199895,gcst90199895/gcst90199629
M_336,GCST90199899,GCST90199629,1-(1-enyl-palmitoyl)-GPC (p-16:0),Glycerophosphorylcholine (GPC),溶血磷脂,Lysophospholipids,甘油磷脂-胆碱-肌醇代谢,高,,,GCST90199629 / GCST90199899,GCST90199899 / GCST90199629,Glycerophosphorylcholine (GPC) / 1-(1-enyl-palmitoyl)-GPC (p-16:0),1-(1-enyl-palmitoyl)-GPC (p-16:0) / Glycerophosphorylcholine (GPC),若 ratio_trait 表示 out/in，则 direction_sign=+1；若表示 in/out，则 direction_sign=-1；若该模块无合适 ratio，则留空。,"Fill +1 for out/in-like forward support, -1 for in/out-like reverse support",gcst90199629/gcst90199899,gcst90199899/gcst90199629
M_337,GCST90199906,GCST90199808,1-(1-enyl-palmitoyl)-GPE (p-16:0),Glycerophosphoethanolamine,溶血磷脂,Lysophospholipids,甘油磷脂-胆碱-肌醇代谢,高,,,GCST90199808 / GCST90199906,GCST90199906 / GCST90199808,Glycerophosphoethanolamine / 1-(1-enyl-palmitoyl)-GPE (p-16:0),1-(1-enyl-palmitoyl)-GPE (p-16:0) / Glycerophosphoethanolamine,若 ratio_trait 表示 out/in，则 direction_sign=+1；若表示 in/out，则 direction_sign=-1；若该模块无合适 ratio，则留空。,"Fill +1 for out/in-like forward support, -1 for in/out-like reverse support",gcst90199808/gcst90199906,gcst90199906/gcst90199808
M_338,GCST90199910,GCST90199808,1-(1-enyl-stearoyl)-GPE (p-18:0),Glycerophosphoethanolamine,溶血磷脂,Lysophospholipids,甘油磷脂-胆碱-肌醇代谢,高,,,GCST90199808 / GCST90199910,GCST90199910 / GCST90199808,Glycerophosphoethanolamine / 1-(1-enyl-stearoyl)-GPE (p-18:0),1-(1-enyl-stearoyl)-GPE (p-18:0) / Glycerophosphoethanolamine,若 ratio_trait 表示 out/in，则 direction_sign=+1；若表示 in/out，则 direction_sign=-1；若该模块无合适 ratio，则留空。,"Fill +1 for out/in-like forward support, -1 for in/out-like reverse support",gcst90199808/gcst90199910,gcst90199910/gcst90199808
M_339,GCST90199727,GCST90199629,1-oleoyl-GPC (18:1),Glycerophosphorylcholine (GPC),溶血磷脂,Lysophospholipids,甘油磷脂-胆碱-肌醇代谢,高,,,GCST90199629 / GCST90199727,GCST90199727 / GCST90199629,Glycerophosphorylcholine (GPC) / 1-oleoyl-GPC (18:1),1-oleoyl-GPC (18:1) / Glycerophosphorylcholine (GPC),若 ratio_trait 表示 out/in，则 direction_sign=+1；若表示 in/out，则 direction_sign=-1；若该模块无合适 ratio，则留空。,"Fill +1 for out/in-like forward support, -1 for in/out-like reverse support",gcst90199629/gcst90199727,gcst90199727/gcst90199629
M_340,GCST90199732,GCST90199629,1-stearoyl-gpc (18:0),Glycerophosphorylcholine (GPC),溶血磷脂,Lysophospholipids,甘油磷脂-胆碱-肌醇代谢,高,,,GCST90199629 / GCST90199732,GCST90199732 / GCST90199629,Glycerophosphorylcholine (GPC) / 1-stearoyl-gpc (18:0),1-stearoyl-gpc (18:0) / Glycerophosphorylcholine (GPC),若 ratio_trait 表示 out/in，则 direction_sign=+1；若表示 in/out，则 direction_sign=-1；若该模块无合适 ratio，则留空。,"Fill +1 for out/in-like forward support, -1 for in/out-like reverse support",gcst90199629/gcst90199732,gcst90199732/gcst90199629
M_341,GCST90199733,GCST90199629,1-palmitoyl-GPC (16:0),Glycerophosphorylcholine (GPC),溶血磷脂,Lysophospholipids,甘油磷脂-胆碱-肌醇代谢,高,,,GCST90199629 / GCST90199733,GCST90199733 / GCST90199629,Glycerophosphorylcholine (GPC) / 1-palmitoyl-GPC (16:0),1-palmitoyl-GPC (16:0) / Glycerophosphorylcholine (GPC),若 ratio_trait 表示 out/in，则 direction_sign=+1；若表示 in/out，则 direction_sign=-1；若该模块无合适 ratio，则留空。,"Fill +1 for out/in-like forward support, -1 for in/out-like reverse support",gcst90199629/gcst90199733,gcst90199733/gcst90199629
M_342,GCST90199742,GCST90199629,1-linoleoyl-gpc (18:2),Glycerophosphorylcholine (GPC),溶血磷脂,Lysophospholipids,甘油磷脂-胆碱-肌醇代谢,高,,,GCST90199629 / GCST90199742,GCST90199742 / GCST90199629,Glycerophosphorylcholine (GPC) / 1-linoleoyl-gpc (18:2),1-linoleoyl-gpc (18:2) / Glycerophosphorylcholine (GPC),若 ratio_trait 表示 out/in，则 direction_sign=+1；若表示 in/out，则 direction_sign=-1；若该模块无合适 ratio，则留空。,"Fill +1 for out/in-like forward support, -1 for in/out-like reverse support",gcst90199629/gcst90199742,gcst90199742/gcst90199629
M_343,GCST90200095,GCST90199629,1-linoleoyl-2-linolenoyl-GPC (18:2/18:3),Glycerophosphorylcholine (GPC),溶血磷脂,Lysophospholipids,甘油磷脂-胆碱-肌醇代谢,高,,,GCST90199629 / GCST90200095,GCST90200095 / GCST90199629,Glycerophosphorylcholine (GPC) / 1-linoleoyl-2-linolenoyl-GPC (18:2/18:3),1-linoleoyl-2-linolenoyl-GPC (18:2/18:3) / Glycerophosphorylcholine (GPC),若 ratio_trait 表示 out/in，则 direction_sign=+1；若表示 in/out，则 direction_sign=-1；若该模块无合适 ratio，则留空。,"Fill +1 for out/in-like forward support, -1 for in/out-like reverse support",gcst90199629/gcst90200095,gcst90200095/gcst90199629
M_344,GCST90200102,GCST90199629,1-palmitoleoyl-2-linolenoyl-GPC (16:1/18:3),Glycerophosphorylcholine (GPC),溶血磷脂,Lysophospholipids,甘油磷脂-胆碱-肌醇代谢,高,,,GCST90199629 / GCST90200102,GCST90200102 / GCST90199629,Glycerophosphorylcholine (GPC) / 1-palmitoleoyl-2-linolenoyl-GPC (16:1/18:3),1-palmitoleoyl-2-linolenoyl-GPC (16:1/18:3) / Glycerophosphorylcholine (GPC),若 ratio_trait 表示 out/in，则 direction_sign=+1；若表示 in/out，则 direction_sign=-1；若该模块无合适 ratio，则留空。,"Fill +1 for out/in-like forward support, -1 for in/out-like reverse support",gcst90199629/gcst90200102,gcst90200102/gcst90199629
M_345,GCST90200070,GCST90199629,1-(1-enyl-palmitoyl)-2-palmitoleoyl-GPC (P-16:0/16:1),Glycerophosphorylcholine (GPC),溶血磷脂,Lysophospholipids,甘油磷脂-胆碱-肌醇代谢,高,,,GCST90199629 / GCST90200070,GCST90200070 / GCST90199629,Glycerophosphorylcholine (GPC) / 1-(1-enyl-palmitoyl)-2-palmitoleoyl-GPC (P-16:0/16:1),1-(1-enyl-palmitoyl)-2-palmitoleoyl-GPC (P-16:0/16:1) / Glycerophosphorylcholine (GPC),若 ratio_trait 表示 out/in，则 direction_sign=+1；若表示 in/out，则 direction_sign=-1；若该模块无合适 ratio，则留空。,"Fill +1 for out/in-like forward support, -1 for in/out-like reverse support",gcst90199629/gcst90200070,gcst90200070/gcst90199629
M_346,GCST90200073,GCST90199629,1-linoleoyl-2-arachidonoyl-GPC (18:2/20:4n6),Glycerophosphorylcholine (GPC),溶血磷脂,Lysophospholipids,甘油磷脂-胆碱-肌醇代谢,高,,,GCST90199629 / GCST90200073,GCST90200073 / GCST90199629,Glycerophosphorylcholine (GPC) / 1-linoleoyl-2-arachidonoyl-GPC (18:2/20:4n6),1-linoleoyl-2-arachidonoyl-GPC (18:2/20:4n6) / Glycerophosphorylcholine (GPC),若 ratio_trait 表示 out/in，则 direction_sign=+1；若表示 in/out，则 direction_sign=-1；若该模块无合适 ratio，则留空。,"Fill +1 for out/in-like forward support, -1 for in/out-like reverse support",gcst90199629/gcst90200073,gcst90200073/gcst90199629
M_347,GCST90200074,GCST90199638,1-linoleoyl-GPG (18:2),Glycerol 3-phosphate,溶血磷脂,Lysophospholipids,甘油磷脂-胆碱-肌醇代谢,中,,,GCST90199638 / GCST90200074,GCST90200074 / GCST90199638,Glycerol 3-phosphate / 1-linoleoyl-GPG (18:2),1-linoleoyl-GPG (18:2) / Glycerol 3-phosphate,若 ratio_trait 表示 out/in，则 direction_sign=+1；若表示 in/out，则 direction_sign=-1；若该模块无合适 ratio，则留空。,"Fill +1 for out/in-like forward support, -1 for in/out-like reverse support",gcst90199638/gcst90200074,gcst90200074/gcst90199638
M_348,GCST90200075,GCST90199808,1-(1-enyl-palmitoyl)-2-linoleoyl-GPE (p-16:0/18:2),Glycerophosphoethanolamine,溶血磷脂,Lysophospholipids,甘油磷脂-胆碱-肌醇代谢,高,,,GCST90199808 / GCST90200075,GCST90200075 / GCST90199808,Glycerophosphoethanolamine / 1-(1-enyl-palmitoyl)-2-linoleoyl-GPE (p-16:0/18:2),1-(1-enyl-palmitoyl)-2-linoleoyl-GPE (p-16:0/18:2) / Glycerophosphoethanolamine,若 ratio_trait 表示 out/in，则 direction_sign=+1；若表示 in/out，则 direction_sign=-1；若该模块无合适 ratio，则留空。,"Fill +1 for out/in-like forward support, -1 for in/out-like reverse support",gcst90199808/gcst90200075,gcst90200075/gcst90199808
M_349,GCST90200076,GCST90199808,1-(1-enyl-stearoyl)-2-linoleoyl-GPE (p-18:0/18:2),Glycerophosphoethanolamine,溶血磷脂,Lysophospholipids,甘油磷脂-胆碱-肌醇代谢,高,,,GCST90199808 / GCST90200076,GCST90200076 / GCST90199808,Glycerophosphoethanolamine / 1-(1-enyl-stearoyl)-2-linoleoyl-GPE (p-18:0/18:2),1-(1-enyl-stearoyl)-2-linoleoyl-GPE (p-18:0/18:2) / Glycerophosphoethanolamine,若 ratio_trait 表示 out/in，则 direction_sign=+1；若表示 in/out，则 direction_sign=-1；若该模块无合适 ratio，则留空。,"Fill +1 for out/in-like forward support, -1 for in/out-like reverse support",gcst90199808/gcst90200076,gcst90200076/gcst90199808
M_350,GCST90200077,GCST90200401,1-stearoyl-2-oleoyl-GPI (18:0/18:1),Myo-inositol,溶血磷脂,Lysophospholipids,甘油磷脂-胆碱-肌醇代谢,中,,,GCST90200401 / GCST90200077,GCST90200077 / GCST90200401,Myo-inositol / 1-stearoyl-2-oleoyl-GPI (18:0/18:1),1-stearoyl-2-oleoyl-GPI (18:0/18:1) / Myo-inositol,若 ratio_trait 表示 out/in，则 direction_sign=+1；若表示 in/out，则 direction_sign=-1；若该模块无合适 ratio，则留空。,"Fill +1 for out/in-like forward support, -1 for in/out-like reverse support",gcst90200401/gcst90200077,gcst90200077/gcst90200401
M_351,GCST90200078,GCST90199629,1-myristoyl-2-arachidonoyl-GPC (14:0/20:4),Glycerophosphorylcholine (GPC),溶血磷脂,Lysophospholipids,甘油磷脂-胆碱-肌醇代谢,高,,,GCST90199629 / GCST90200078,GCST90200078 / GCST90199629,Glycerophosphorylcholine (GPC) / 1-myristoyl-2-arachidonoyl-GPC (14:0/20:4),1-myristoyl-2-arachidonoyl-GPC (14:0/20:4) / Glycerophosphorylcholine (GPC),若 ratio_trait 表示 out/in，则 direction_sign=+1；若表示 in/out，则 direction_sign=-1；若该模块无合适 ratio，则留空。,"Fill +1 for out/in-like forward support, -1 for in/out-like reverse support",gcst90199629/gcst90200078,gcst90200078/gcst90199629
M_352,GCST90200079,GCST90199808,1-oleoyl-2-arachidonoyl-GPE (18:1/20:4),Glycerophosphoethanolamine,溶血磷脂,Lysophospholipids,甘油磷脂-胆碱-肌醇代谢,高,,,GCST90199808 / GCST90200079,GCST90200079 / GCST90199808,Glycerophosphoethanolamine / 1-oleoyl-2-arachidonoyl-GPE (18:1/20:4),1-oleoyl-2-arachidonoyl-GPE (18:1/20:4) / Glycerophosphoethanolamine,若 ratio_trait 表示 out/in，则 direction_sign=+1；若表示 in/out，则 direction_sign=-1；若该模块无合适 ratio，则留空。,"Fill +1 for out/in-like forward support, -1 for in/out-like reverse support",gcst90199808/gcst90200079,gcst90200079/gcst90199808
M_353,GCST90200080,GCST90200401,1-palmitoyl-2-oleoyl-GPI (16:0/18:1),Myo-inositol,溶血磷脂,Lysophospholipids,甘油磷脂-胆碱-肌醇代谢,中,,,GCST90200401 / GCST90200080,GCST90200080 / GCST90200401,Myo-inositol / 1-palmitoyl-2-oleoyl-GPI (16:0/18:1),1-palmitoyl-2-oleoyl-GPI (16:0/18:1) / Myo-inositol,若 ratio_trait 表示 out/in，则 direction_sign=+1；若表示 in/out，则 direction_sign=-1；若该模块无合适 ratio，则留空。,"Fill +1 for out/in-like forward support, -1 for in/out-like reverse support",gcst90200401/gcst90200080,gcst90200080/gcst90200401
M_354,GCST90200081,GCST90199629,1-oleoyl-2-docosahexaenoyl-GPC (18:1/22:6),Glycerophosphorylcholine (GPC),溶血磷脂,Lysophospholipids,甘油磷脂-胆碱-肌醇代谢,高,,,GCST90199629 / GCST90200081,GCST90200081 / GCST90199629,Glycerophosphorylcholine (GPC) / 1-oleoyl-2-docosahexaenoyl-GPC (18:1/22:6),1-oleoyl-2-docosahexaenoyl-GPC (18:1/22:6) / Glycerophosphorylcholine (GPC),若 ratio_trait 表示 out/in，则 direction_sign=+1；若表示 in/out，则 direction_sign=-1；若该模块无合适 ratio，则留空。,"Fill +1 for out/in-like forward support, -1 for in/out-like reverse support",gcst90199629/gcst90200081,gcst90200081/gcst90199629
M_355,GCST90200082,GCST90199808,1-oleoyl-2-linoleoyl-GPE (18:1/18:2),Glycerophosphoethanolamine,溶血磷脂,Lysophospholipids,甘油磷脂-胆碱-肌醇代谢,高,,,GCST90199808 / GCST90200082,GCST90200082 / GCST90199808,Glycerophosphoethanolamine / 1-oleoyl-2-linoleoyl-GPE (18:1/18:2),1-oleoyl-2-linoleoyl-GPE (18:1/18:2) / Glycerophosphoethanolamine,若 ratio_trait 表示 out/in，则 direction_sign=+1；若表示 in/out，则 direction_sign=-1；若该模块无合适 ratio，则留空。,"Fill +1 for out/in-like forward support, -1 for in/out-like reverse support",gcst90199808/gcst90200082,gcst90200082/gcst90199808
M_356,GCST90200083,GCST90199629,1-(1-enyl-palmitoyl)-2-palmitoyl-GPC (P-16:0/16:0),Glycerophosphorylcholine (GPC),溶血磷脂,Lysophospholipids,甘油磷脂-胆碱-肌醇代谢,高,,,GCST90199629 / GCST90200083,GCST90200083 / GCST90199629,Glycerophosphorylcholine (GPC) / 1-(1-enyl-palmitoyl)-2-palmitoyl-GPC (P-16:0/16:0),1-(1-enyl-palmitoyl)-2-palmitoyl-GPC (P-16:0/16:0) / Glycerophosphorylcholine (GPC),若 ratio_trait 表示 out/in，则 direction_sign=+1；若表示 in/out，则 direction_sign=-1；若该模块无合适 ratio，则留空。,"Fill +1 for out/in-like forward support, -1 for in/out-like reverse support",gcst90199629/gcst90200083,gcst90200083/gcst90199629
M_357,GCST90200045,GCST90199808,1-stearoyl-2-arachidonoyl-GPE (18:0/20:4),Glycerophosphoethanolamine,溶血磷脂,Lysophospholipids,甘油磷脂-胆碱-肌醇代谢,高,,,GCST90199808 / GCST90200045,GCST90200045 / GCST90199808,Glycerophosphoethanolamine / 1-stearoyl-2-arachidonoyl-GPE (18:0/20:4),1-stearoyl-2-arachidonoyl-GPE (18:0/20:4) / Glycerophosphoethanolamine,若 ratio_trait 表示 out/in，则 direction_sign=+1；若表示 in/out，则 direction_sign=-1；若该模块无合适 ratio，则留空。,"Fill +1 for out/in-like forward support, -1 for in/out-like reverse support",gcst90199808/gcst90200045,gcst90200045/gcst90199808
M_358,GCST90200046,GCST90199629,1-stearoyl-2-docosahexaenoyl-GPC (18:0/22:6),Glycerophosphorylcholine (GPC),溶血磷脂,Lysophospholipids,甘油磷脂-胆碱-肌醇代谢,高,,,GCST90199629 / GCST90200046,GCST90200046 / GCST90199629,Glycerophosphorylcholine (GPC) / 1-stearoyl-2-docosahexaenoyl-GPC (18:0/22:6),1-stearoyl-2-docosahexaenoyl-GPC (18:0/22:6) / Glycerophosphorylcholine (GPC),若 ratio_trait 表示 out/in，则 direction_sign=+1；若表示 in/out，则 direction_sign=-1；若该模块无合适 ratio，则留空。,"Fill +1 for out/in-like forward support, -1 for in/out-like reverse support",gcst90199629/gcst90200046,gcst90200046/gcst90199629
M_359,GCST90200048,GCST90199808,1-(1-enyl-palmitoyl)-2-arachidonoyl-GPE (P-16:0/20:4),Glycerophosphoethanolamine,溶血磷脂,Lysophospholipids,甘油磷脂-胆碱-肌醇代谢,高,,,GCST90199808 / GCST90200048,GCST90200048 / GCST90199808,Glycerophosphoethanolamine / 1-(1-enyl-palmitoyl)-2-arachidonoyl-GPE (P-16:0/20:4),1-(1-enyl-palmitoyl)-2-arachidonoyl-GPE (P-16:0/20:4) / Glycerophosphoethanolamine,若 ratio_trait 表示 out/in，则 direction_sign=+1；若表示 in/out，则 direction_sign=-1；若该模块无合适 ratio，则留空。,"Fill +1 for out/in-like forward support, -1 for in/out-like reverse support",gcst90199808/gcst90200048,gcst90200048/gcst90199808
M_360,GCST90200051,GCST90199629,1-palmitoyl-2-dihomo-linolenoyl-GPC (16:0/20:3n3 or 6),Glycerophosphorylcholine (GPC),溶血磷脂,Lysophospholipids,甘油磷脂-胆碱-肌醇代谢,高,,,GCST90199629 / GCST90200051,GCST90200051 / GCST90199629,Glycerophosphorylcholine (GPC) / 1-palmitoyl-2-dihomo-linolenoyl-GPC (16:0/20:3n3 or 6),1-palmitoyl-2-dihomo-linolenoyl-GPC (16:0/20:3n3 or 6) / Glycerophosphorylcholine (GPC),若 ratio_trait 表示 out/in，则 direction_sign=+1；若表示 in/out，则 direction_sign=-1；若该模块无合适 ratio，则留空。,"Fill +1 for out/in-like forward support, -1 for in/out-like reverse support",gcst90199629/gcst90200051,gcst90200051/gcst90199629
M_361,GCST90200052,GCST90199629,1-(1-enyl-palmitoyl)-2-arachidonoyl-gpc (p-16:0/20:4),Glycerophosphorylcholine (GPC),溶血磷脂,Lysophospholipids,甘油磷脂-胆碱-肌醇代谢,高,,,GCST90199629 / GCST90200052,GCST90200052 / GCST90199629,Glycerophosphorylcholine (GPC) / 1-(1-enyl-palmitoyl)-2-arachidonoyl-gpc (p-16:0/20:4),1-(1-enyl-palmitoyl)-2-arachidonoyl-gpc (p-16:0/20:4) / Glycerophosphorylcholine (GPC),若 ratio_trait 表示 out/in，则 direction_sign=+1；若表示 in/out，则 direction_sign=-1；若该模块无合适 ratio，则留空。,"Fill +1 for out/in-like forward support, -1 for in/out-like reverse support",gcst90199629/gcst90200052,gcst90200052/gcst90199629
M_362,GCST90200054,GCST90199808,1-palmitoyl-2-arachidonoyl-GPE (16:0/20:4),Glycerophosphoethanolamine,溶血磷脂,Lysophospholipids,甘油磷脂-胆碱-肌醇代谢,高,,,GCST90199808 / GCST90200054,GCST90200054 / GCST90199808,Glycerophosphoethanolamine / 1-palmitoyl-2-arachidonoyl-GPE (16:0/20:4),1-palmitoyl-2-arachidonoyl-GPE (16:0/20:4) / Glycerophosphoethanolamine,若 ratio_trait 表示 out/in，则 direction_sign=+1；若表示 in/out，则 direction_sign=-1；若该模块无合适 ratio，则留空。,"Fill +1 for out/in-like forward support, -1 for in/out-like reverse support",gcst90199808/gcst90200054,gcst90200054/gcst90199808
M_363,GCST90200057,GCST90199629,1-(1-enyl-palmitoyl)-2-oleoyl-gpc (p-16:0/18:1),Glycerophosphorylcholine (GPC),溶血磷脂,Lysophospholipids,甘油磷脂-胆碱-肌醇代谢,高,,,GCST90199629 / GCST90200057,GCST90200057 / GCST90199629,Glycerophosphorylcholine (GPC) / 1-(1-enyl-palmitoyl)-2-oleoyl-gpc (p-16:0/18:1),1-(1-enyl-palmitoyl)-2-oleoyl-gpc (p-16:0/18:1) / Glycerophosphorylcholine (GPC),若 ratio_trait 表示 out/in，则 direction_sign=+1；若表示 in/out，则 direction_sign=-1；若该模块无合适 ratio，则留空。,"Fill +1 for out/in-like forward support, -1 for in/out-like reverse support",gcst90199629/gcst90200057,gcst90200057/gcst90199629
M_364,GCST90200058,GCST90199808,1-(1-enyl-stearoyl)-2-arachidonoyl-GPE (P-18:0/20:4),Glycerophosphoethanolamine,溶血磷脂,Lysophospholipids,甘油磷脂-胆碱-肌醇代谢,高,,,GCST90199808 / GCST90200058,GCST90200058 / GCST90199808,Glycerophosphoethanolamine / 1-(1-enyl-stearoyl)-2-arachidonoyl-GPE (P-18:0/20:4),1-(1-enyl-stearoyl)-2-arachidonoyl-GPE (P-18:0/20:4) / Glycerophosphoethanolamine,若 ratio_trait 表示 out/in，则 direction_sign=+1；若表示 in/out，则 direction_sign=-1；若该模块无合适 ratio，则留空。,"Fill +1 for out/in-like forward support, -1 for in/out-like reverse support",gcst90199808/gcst90200058,gcst90200058/gcst90199808
M_365,GCST90200060,GCST90199629,1-(1-enyl-palmitoyl)-2-linoleoyl-GPC (P-16:0/18:2),Glycerophosphorylcholine (GPC),溶血磷脂,Lysophospholipids,甘油磷脂-胆碱-肌醇代谢,高,,,GCST90199629 / GCST90200060,GCST90200060 / GCST90199629,Glycerophosphorylcholine (GPC) / 1-(1-enyl-palmitoyl)-2-linoleoyl-GPC (P-16:0/18:2),1-(1-enyl-palmitoyl)-2-linoleoyl-GPC (P-16:0/18:2) / Glycerophosphorylcholine (GPC),若 ratio_trait 表示 out/in，则 direction_sign=+1；若表示 in/out，则 direction_sign=-1；若该模块无合适 ratio，则留空。,"Fill +1 for out/in-like forward support, -1 for in/out-like reverse support",gcst90199629/gcst90200060,gcst90200060/gcst90199629
M_366,GCST90200061,GCST90199808,1-(1-enyl-palmitoyl)-2-oleoyl-GPE (P-16:0/18:1),Glycerophosphoethanolamine,溶血磷脂,Lysophospholipids,甘油磷脂-胆碱-肌醇代谢,高,,,GCST90199808 / GCST90200061,GCST90200061 / GCST90199808,Glycerophosphoethanolamine / 1-(1-enyl-palmitoyl)-2-oleoyl-GPE (P-16:0/18:1),1-(1-enyl-palmitoyl)-2-oleoyl-GPE (P-16:0/18:1) / Glycerophosphoethanolamine,若 ratio_trait 表示 out/in，则 direction_sign=+1；若表示 in/out，则 direction_sign=-1；若该模块无合适 ratio，则留空。,"Fill +1 for out/in-like forward support, -1 for in/out-like reverse support",gcst90199808/gcst90200061,gcst90200061/gcst90199808
M_367,GCST90200062,GCST90200401,1-palmitoyl-2-arachidonoyl-GPI (16:0/20:4),Myo-inositol,溶血磷脂,Lysophospholipids,甘油磷脂-胆碱-肌醇代谢,中,,,GCST90200401 / GCST90200062,GCST90200062 / GCST90200401,Myo-inositol / 1-palmitoyl-2-arachidonoyl-GPI (16:0/20:4),1-palmitoyl-2-arachidonoyl-GPI (16:0/20:4) / Myo-inositol,若 ratio_trait 表示 out/in，则 direction_sign=+1；若表示 in/out，则 direction_sign=-1；若该模块无合适 ratio，则留空。,"Fill +1 for out/in-like forward support, -1 for in/out-like reverse support",gcst90200401/gcst90200062,gcst90200062/gcst90200401
M_368,GCST90200063,GCST90199808,1-palmitoyl-2-docosahexaenoyl-GPE (16:0/22:6),Glycerophosphoethanolamine,溶血磷脂,Lysophospholipids,甘油磷脂-胆碱-肌醇代谢,高,,,GCST90199808 / GCST90200063,GCST90200063 / GCST90199808,Glycerophosphoethanolamine / 1-palmitoyl-2-docosahexaenoyl-GPE (16:0/22:6),1-palmitoyl-2-docosahexaenoyl-GPE (16:0/22:6) / Glycerophosphoethanolamine,若 ratio_trait 表示 out/in，则 direction_sign=+1；若表示 in/out，则 direction_sign=-1；若该模块无合适 ratio，则留空。,"Fill +1 for out/in-like forward support, -1 for in/out-like reverse support",gcst90199808/gcst90200063,gcst90200063/gcst90199808
M_369,GCST90200065,GCST90199808,1-stearoyl-2-docosahexaenoyl-GPE (18:0/22:6),Glycerophosphoethanolamine,溶血磷脂,Lysophospholipids,甘油磷脂-胆碱-肌醇代谢,高,,,GCST90199808 / GCST90200065,GCST90200065 / GCST90199808,Glycerophosphoethanolamine / 1-stearoyl-2-docosahexaenoyl-GPE (18:0/22:6),1-stearoyl-2-docosahexaenoyl-GPE (18:0/22:6) / Glycerophosphoethanolamine,若 ratio_trait 表示 out/in，则 direction_sign=+1；若表示 in/out，则 direction_sign=-1；若该模块无合适 ratio，则留空。,"Fill +1 for out/in-like forward support, -1 for in/out-like reverse support",gcst90199808/gcst90200065,gcst90200065/gcst90199808
M_370,GCST90200067,GCST90200401,1-stearoyl-2-linoleoyl-GPI (18:0/18:2),Myo-inositol,溶血磷脂,Lysophospholipids,甘油磷脂-胆碱-肌醇代谢,中,,,GCST90200401 / GCST90200067,GCST90200067 / GCST90200401,Myo-inositol / 1-stearoyl-2-linoleoyl-GPI (18:0/18:2),1-stearoyl-2-linoleoyl-GPI (18:0/18:2) / Myo-inositol,若 ratio_trait 表示 out/in，则 direction_sign=+1；若表示 in/out，则 direction_sign=-1；若该模块无合适 ratio，则留空。,"Fill +1 for out/in-like forward support, -1 for in/out-like reverse support",gcst90200401/gcst90200067,gcst90200067/gcst90200401
M_371,GCST90200068,GCST90199808,"1,2-dilinoleoyl-GPE (18:2/18:2)",Glycerophosphoethanolamine,溶血磷脂,Lysophospholipids,甘油磷脂-胆碱-肌醇代谢,高,,,GCST90199808 / GCST90200068,GCST90200068 / GCST90199808,"Glycerophosphoethanolamine / 1,2-dilinoleoyl-GPE (18:2/18:2)","1,2-dilinoleoyl-GPE (18:2/18:2) / Glycerophosphoethanolamine",若 ratio_trait 表示 out/in，则 direction_sign=+1；若表示 in/out，则 direction_sign=-1；若该模块无合适 ratio，则留空。,"Fill +1 for out/in-like forward support, -1 for in/out-like reverse support",gcst90199808/gcst90200068,gcst90200068/gcst90199808
M_372,GCST90200028,GCST90199629,1-stearoyl-2-oleoyl-gpc (18:0/18:1),Glycerophosphorylcholine (GPC),溶血磷脂,Lysophospholipids,甘油磷脂-胆碱-肌醇代谢,高,,,GCST90199629 / GCST90200028,GCST90200028 / GCST90199629,Glycerophosphorylcholine (GPC) / 1-stearoyl-2-oleoyl-gpc (18:0/18:1),1-stearoyl-2-oleoyl-gpc (18:0/18:1) / Glycerophosphorylcholine (GPC),若 ratio_trait 表示 out/in，则 direction_sign=+1；若表示 in/out，则 direction_sign=-1；若该模块无合适 ratio，则留空。,"Fill +1 for out/in-like forward support, -1 for in/out-like reverse support",gcst90199629/gcst90200028,gcst90200028/gcst90199629
M_373,GCST90200030,GCST90199629,"1,2-dilinoleoyl-GPC (18:2/18:2)",Glycerophosphorylcholine (GPC),溶血磷脂,Lysophospholipids,甘油磷脂-胆碱-肌醇代谢,高,,,GCST90199629 / GCST90200030,GCST90200030 / GCST90199629,"Glycerophosphorylcholine (GPC) / 1,2-dilinoleoyl-GPC (18:2/18:2)","1,2-dilinoleoyl-GPC (18:2/18:2) / Glycerophosphorylcholine (GPC)",若 ratio_trait 表示 out/in，则 direction_sign=+1；若表示 in/out，则 direction_sign=-1；若该模块无合适 ratio，则留空。,"Fill +1 for out/in-like forward support, -1 for in/out-like reverse support",gcst90199629/gcst90200030,gcst90200030/gcst90199629
M_374,GCST90200037,GCST90199629,1-stearoyl-2-linoleoyl-gpc (18:0/18:2),Glycerophosphorylcholine (GPC),溶血磷脂,Lysophospholipids,甘油磷脂-胆碱-肌醇代谢,高,,,GCST90199629 / GCST90200037,GCST90200037 / GCST90199629,Glycerophosphorylcholine (GPC) / 1-stearoyl-2-linoleoyl-gpc (18:0/18:2),1-stearoyl-2-linoleoyl-gpc (18:0/18:2) / Glycerophosphorylcholine (GPC),若 ratio_trait 表示 out/in，则 direction_sign=+1；若表示 in/out，则 direction_sign=-1；若该模块无合适 ratio，则留空。,"Fill +1 for out/in-like forward support, -1 for in/out-like reverse support",gcst90199629/gcst90200037,gcst90200037/gcst90199629
M_375,GCST90200038,GCST90199629,1-palmitoyl-2-palmitoleoyl-gpc (16:0/16:1),Glycerophosphorylcholine (GPC),溶血磷脂,Lysophospholipids,甘油磷脂-胆碱-肌醇代谢,高,,,GCST90199629 / GCST90200038,GCST90200038 / GCST90199629,Glycerophosphorylcholine (GPC) / 1-palmitoyl-2-palmitoleoyl-gpc (16:0/16:1),1-palmitoyl-2-palmitoleoyl-gpc (16:0/16:1) / Glycerophosphorylcholine (GPC),若 ratio_trait 表示 out/in，则 direction_sign=+1；若表示 in/out，则 direction_sign=-1；若该模块无合适 ratio，则留空。,"Fill +1 for out/in-like forward support, -1 for in/out-like reverse support",gcst90199629/gcst90200038,gcst90200038/gcst90199629
M_376,GCST90200039,GCST90199808,1-stearoyl-2-linoleoyl-GPE (18:0/18:2),Glycerophosphoethanolamine,溶血磷脂,Lysophospholipids,甘油磷脂-胆碱-肌醇代谢,高,,,GCST90199808 / GCST90200039,GCST90200039 / GCST90199808,Glycerophosphoethanolamine / 1-stearoyl-2-linoleoyl-GPE (18:0/18:2),1-stearoyl-2-linoleoyl-GPE (18:0/18:2) / Glycerophosphoethanolamine,若 ratio_trait 表示 out/in，则 direction_sign=+1；若表示 in/out，则 direction_sign=-1；若该模块无合适 ratio，则留空。,"Fill +1 for out/in-like forward support, -1 for in/out-like reverse support",gcst90199808/gcst90200039,gcst90200039/gcst90199808
M_377,GCST90200041,GCST90199629,1-palmitoyl-2-stearoyl-gpc (16:0/18:0),Glycerophosphorylcholine (GPC),溶血磷脂,Lysophospholipids,甘油磷脂-胆碱-肌醇代谢,高,,,GCST90199629 / GCST90200041,GCST90200041 / GCST90199629,Glycerophosphorylcholine (GPC) / 1-palmitoyl-2-stearoyl-gpc (16:0/18:0),1-palmitoyl-2-stearoyl-gpc (16:0/18:0) / Glycerophosphorylcholine (GPC),若 ratio_trait 表示 out/in，则 direction_sign=+1；若表示 in/out，则 direction_sign=-1；若该模块无合适 ratio，则留空。,"Fill +1 for out/in-like forward support, -1 for in/out-like reverse support",gcst90199629/gcst90200041,gcst90200041/gcst90199629
M_378,GCST90200043,GCST90199629,1-palmitoyl-2-docosahexaenoyl-gpc (16:0/22:6),Glycerophosphorylcholine (GPC),溶血磷脂,Lysophospholipids,甘油磷脂-胆碱-肌醇代谢,高,,,GCST90199629 / GCST90200043,GCST90200043 / GCST90199629,Glycerophosphorylcholine (GPC) / 1-palmitoyl-2-docosahexaenoyl-gpc (16:0/22:6),1-palmitoyl-2-docosahexaenoyl-gpc (16:0/22:6) / Glycerophosphorylcholine (GPC),若 ratio_trait 表示 out/in，则 direction_sign=+1；若表示 in/out，则 direction_sign=-1；若该模块无合适 ratio，则留空。,"Fill +1 for out/in-like forward support, -1 for in/out-like reverse support",gcst90199629/gcst90200043,gcst90200043/gcst90199629
M_379,GCST90200044,GCST90199808,1-(1-enyl-stearoyl)-2-oleoyl-GPE (p-18:0/18:1),Glycerophosphoethanolamine,溶血磷脂,Lysophospholipids,甘油磷脂-胆碱-肌醇代谢,高,,,GCST90199808 / GCST90200044,GCST90200044 / GCST90199808,Glycerophosphoethanolamine / 1-(1-enyl-stearoyl)-2-oleoyl-GPE (p-18:0/18:1),1-(1-enyl-stearoyl)-2-oleoyl-GPE (p-18:0/18:1) / Glycerophosphoethanolamine,若 ratio_trait 表示 out/in，则 direction_sign=+1；若表示 in/out，则 direction_sign=-1；若该模块无合适 ratio，则留空。,"Fill +1 for out/in-like forward support, -1 for in/out-like reverse support",gcst90199808/gcst90200044,gcst90200044/gcst90199808
M_380,GCST90199958,GCST90199629,1-linolenoyl-GPC (18:3),Glycerophosphorylcholine (GPC),溶血磷脂,Lysophospholipids,甘油磷脂-胆碱-肌醇代谢,高,,,GCST90199629 / GCST90199958,GCST90199958 / GCST90199629,Glycerophosphorylcholine (GPC) / 1-linolenoyl-GPC (18:3),1-linolenoyl-GPC (18:3) / Glycerophosphorylcholine (GPC),若 ratio_trait 表示 out/in，则 direction_sign=+1；若表示 in/out，则 direction_sign=-1；若该模块无合适 ratio，则留空。,"Fill +1 for out/in-like forward support, -1 for in/out-like reverse support",gcst90199629/gcst90199958,gcst90199958/gcst90199629
M_381,GCST90199966,GCST90199808,1-(1-enyl-oleoyl)-GPE (p-18:1),Glycerophosphoethanolamine,溶血磷脂,Lysophospholipids,甘油磷脂-胆碱-肌醇代谢,高,,,GCST90199808 / GCST90199966,GCST90199966 / GCST90199808,Glycerophosphoethanolamine / 1-(1-enyl-oleoyl)-GPE (p-18:1),1-(1-enyl-oleoyl)-GPE (p-18:1) / Glycerophosphoethanolamine,若 ratio_trait 表示 out/in，则 direction_sign=+1；若表示 in/out，则 direction_sign=-1；若该模块无合适 ratio，则留空。,"Fill +1 for out/in-like forward support, -1 for in/out-like reverse support",gcst90199808/gcst90199966,gcst90199966/gcst90199808
M_382,GCST90199968,GCST90199638,1-palmitoyl-GPG (16:0),Glycerol 3-phosphate,溶血磷脂,Lysophospholipids,甘油磷脂-胆碱-肌醇代谢,中,,,GCST90199638 / GCST90199968,GCST90199968 / GCST90199638,Glycerol 3-phosphate / 1-palmitoyl-GPG (16:0),1-palmitoyl-GPG (16:0) / Glycerol 3-phosphate,若 ratio_trait 表示 out/in，则 direction_sign=+1；若表示 in/out，则 direction_sign=-1；若该模块无合适 ratio，则留空。,"Fill +1 for out/in-like forward support, -1 for in/out-like reverse support",gcst90199638/gcst90199968,gcst90199968/gcst90199638
M_383,GCST90199969,GCST90199638,1-oleoyl-GPG (18:1),Glycerol 3-phosphate,溶血磷脂,Lysophospholipids,甘油磷脂-胆碱-肌醇代谢,中,,,GCST90199638 / GCST90199969,GCST90199969 / GCST90199638,Glycerol 3-phosphate / 1-oleoyl-GPG (18:1),1-oleoyl-GPG (18:1) / Glycerol 3-phosphate,若 ratio_trait 表示 out/in，则 direction_sign=+1；若表示 in/out，则 direction_sign=-1；若该模块无合适 ratio，则留空。,"Fill +1 for out/in-like forward support, -1 for in/out-like reverse support",gcst90199638/gcst90199969,gcst90199969/gcst90199638
M_384,GCST90199928,GCST90199808,2-stearoyl-GPE (18:0),Glycerophosphoethanolamine,溶血磷脂,Lysophospholipids,甘油磷脂-胆碱-肌醇代谢,高,,,GCST90199808 / GCST90199928,GCST90199928 / GCST90199808,Glycerophosphoethanolamine / 2-stearoyl-GPE (18:0),2-stearoyl-GPE (18:0) / Glycerophosphoethanolamine,若 ratio_trait 表示 out/in，则 direction_sign=+1；若表示 in/out，则 direction_sign=-1；若该模块无合适 ratio，则留空。,"Fill +1 for out/in-like forward support, -1 for in/out-like reverse support",gcst90199808/gcst90199928,gcst90199928/gcst90199808
M_385,GCST90200330,GCST90199629,1-palmitoyl-2-linoleoyl-gpc (16:0/18:2),Glycerophosphorylcholine (GPC),溶血磷脂,Lysophospholipids,甘油磷脂-胆碱-肌醇代谢,高,,,GCST90199629 / GCST90200330,GCST90200330 / GCST90199629,Glycerophosphorylcholine (GPC) / 1-palmitoyl-2-linoleoyl-gpc (16:0/18:2),1-palmitoyl-2-linoleoyl-gpc (16:0/18:2) / Glycerophosphorylcholine (GPC),若 ratio_trait 表示 out/in，则 direction_sign=+1；若表示 in/out，则 direction_sign=-1；若该模块无合适 ratio，则留空。,"Fill +1 for out/in-like forward support, -1 for in/out-like reverse support",gcst90199629/gcst90200330,gcst90200330/gcst90199629
M_386,GCST90200331,GCST90199808,1-palmitoyl-2-oleoyl-GPE (16:0/18:1),Glycerophosphoethanolamine,溶血磷脂,Lysophospholipids,甘油磷脂-胆碱-肌醇代谢,高,,,GCST90199808 / GCST90200331,GCST90200331 / GCST90199808,Glycerophosphoethanolamine / 1-palmitoyl-2-oleoyl-GPE (16:0/18:1),1-palmitoyl-2-oleoyl-GPE (16:0/18:1) / Glycerophosphoethanolamine,若 ratio_trait 表示 out/in，则 direction_sign=+1；若表示 in/out，则 direction_sign=-1；若该模块无合适 ratio，则留空。,"Fill +1 for out/in-like forward support, -1 for in/out-like reverse support",gcst90199808/gcst90200331,gcst90200331/gcst90199808
M_387,GCST90200332,GCST90200401,1-palmitoyl-2-linoleoyl-GPI (16:0/18:2),Myo-inositol,溶血磷脂,Lysophospholipids,甘油磷脂-胆碱-肌醇代谢,中,,,GCST90200401 / GCST90200332,GCST90200332 / GCST90200401,Myo-inositol / 1-palmitoyl-2-linoleoyl-GPI (16:0/18:2),1-palmitoyl-2-linoleoyl-GPI (16:0/18:2) / Myo-inositol,若 ratio_trait 表示 out/in，则 direction_sign=+1；若表示 in/out，则 direction_sign=-1；若该模块无合适 ratio，则留空。,"Fill +1 for out/in-like forward support, -1 for in/out-like reverse support",gcst90200401/gcst90200332,gcst90200332/gcst90200401
M_388,GCST90200340,GCST90199629,1-palmitoyl-2-oleoyl-gpc (16:0/18:1),Glycerophosphorylcholine (GPC),溶血磷脂,Lysophospholipids,甘油磷脂-胆碱-肌醇代谢,高,,,GCST90199629 / GCST90200340,GCST90200340 / GCST90199629,Glycerophosphorylcholine (GPC) / 1-palmitoyl-2-oleoyl-gpc (16:0/18:1),1-palmitoyl-2-oleoyl-gpc (16:0/18:1) / Glycerophosphorylcholine (GPC),若 ratio_trait 表示 out/in，则 direction_sign=+1；若表示 in/out，则 direction_sign=-1；若该模块无合适 ratio，则留空。,"Fill +1 for out/in-like forward support, -1 for in/out-like reverse support",gcst90199629/gcst90200340,gcst90200340/gcst90199629
M_389,GCST90200685,GCST90199629,1-stearoyl-2-arachidonoyl-GPC (18:0/20:4),Glycerophosphorylcholine (GPC),溶血磷脂,Lysophospholipids,甘油磷脂-胆碱-肌醇代谢,高,,,GCST90199629 / GCST90200685,GCST90200685 / GCST90199629,Glycerophosphorylcholine (GPC) / 1-stearoyl-2-arachidonoyl-GPC (18:0/20:4),1-stearoyl-2-arachidonoyl-GPC (18:0/20:4) / Glycerophosphorylcholine (GPC),若 ratio_trait 表示 out/in，则 direction_sign=+1；若表示 in/out，则 direction_sign=-1；若该模块无合适 ratio，则留空。,"Fill +1 for out/in-like forward support, -1 for in/out-like reverse support",gcst90199629/gcst90200685,gcst90200685/gcst90199629
M_390,GCST90200692,GCST90199629,1-palmitoyl-2-arachidonoyl-gpc (16:0/20:4n6),Glycerophosphorylcholine (GPC),溶血磷脂,Lysophospholipids,甘油磷脂-胆碱-肌醇代谢,高,,,GCST90199629 / GCST90200692,GCST90200692 / GCST90199629,Glycerophosphorylcholine (GPC) / 1-palmitoyl-2-arachidonoyl-gpc (16:0/20:4n6),1-palmitoyl-2-arachidonoyl-gpc (16:0/20:4n6) / Glycerophosphorylcholine (GPC),若 ratio_trait 表示 out/in，则 direction_sign=+1；若表示 in/out，则 direction_sign=-1；若该模块无合适 ratio，则留空。,"Fill +1 for out/in-like forward support, -1 for in/out-like reverse support",gcst90199629/gcst90200692,gcst90200692/gcst90199629
M_391,GCST90199845,GCST90200374,Sphinganine-1-phosphate,Sphinganine,二氢鞘氨醇/鞘二烯碱支路,Dihydrosphingosine/Sphingadienine Branch,鞘脂/神经酰胺代谢,高,,,GCST90200374 / GCST90199845,GCST90199845 / GCST90200374,Sphinganine / Sphinganine-1-phosphate,Sphinganine-1-phosphate / Sphinganine,若 ratio_trait 表示 out/in，则 direction_sign=+1；若表示 in/out，则 direction_sign=-1；若该模块无合适 ratio，则留空。,"Fill +1 for out/in-like forward support, -1 for in/out-like reverse support",gcst90200374/gcst90199845,gcst90199845/gcst90200374
M_392,GCST90200105,GCST90200120,Glycosyl-N-behenoyl-sphingadienine (d18:2/22:0),Sphingadienine,二氢鞘氨醇/鞘二烯碱支路,Dihydrosphingosine/Sphingadienine Branch,鞘脂/神经酰胺代谢,中,,,GCST90200120 / GCST90200105,GCST90200105 / GCST90200120,Sphingadienine / Glycosyl-N-behenoyl-sphingadienine (d18:2/22:0),Glycosyl-N-behenoyl-sphingadienine (d18:2/22:0) / Sphingadienine,若 ratio_trait 表示 out/in，则 direction_sign=+1；若表示 in/out，则 direction_sign=-1；若该模块无合适 ratio，则留空。,"Fill +1 for out/in-like forward support, -1 for in/out-like reverse support",gcst90200120/gcst90200105,gcst90200105/gcst90200120
M_393,GCST90200108,GCST90200120,N-palmitoyl-sphingadienine (d18:2/16:0),Sphingadienine,二氢鞘氨醇/鞘二烯碱支路,Dihydrosphingosine/Sphingadienine Branch,鞘脂/神经酰胺代谢,中,,,GCST90200120 / GCST90200108,GCST90200108 / GCST90200120,Sphingadienine / N-palmitoyl-sphingadienine (d18:2/16:0),N-palmitoyl-sphingadienine (d18:2/16:0) / Sphingadienine,若 ratio_trait 表示 out/in，则 direction_sign=+1；若表示 in/out，则 direction_sign=-1；若该模块无合适 ratio，则留空。,"Fill +1 for out/in-like forward support, -1 for in/out-like reverse support",gcst90200120/gcst90200108,gcst90200108/gcst90200120
M_394,GCST90200111,GCST90200120,N-stearoyl-sphingadienine (d18:2/18:0),Sphingadienine,二氢鞘氨醇/鞘二烯碱支路,Dihydrosphingosine/Sphingadienine Branch,鞘脂/神经酰胺代谢,中,,,GCST90200120 / GCST90200111,GCST90200111 / GCST90200120,Sphingadienine / N-stearoyl-sphingadienine (d18:2/18:0),N-stearoyl-sphingadienine (d18:2/18:0) / Sphingadienine,若 ratio_trait 表示 out/in，则 direction_sign=+1；若表示 in/out，则 direction_sign=-1；若该模块无合适 ratio，则留空。,"Fill +1 for out/in-like forward support, -1 for in/out-like reverse support",gcst90200120/gcst90200111,gcst90200111/gcst90200120
M_395,GCST90200114,GCST90200120,Glycosyl-N-tricosanoyl-sphingadienine (d18:2/23:0),Sphingadienine,二氢鞘氨醇/鞘二烯碱支路,Dihydrosphingosine/Sphingadienine Branch,鞘脂/神经酰胺代谢,中,,,GCST90200120 / GCST90200114,GCST90200114 / GCST90200120,Sphingadienine / Glycosyl-N-tricosanoyl-sphingadienine (d18:2/23:0),Glycosyl-N-tricosanoyl-sphingadienine (d18:2/23:0) / Sphingadienine,若 ratio_trait 表示 out/in，则 direction_sign=+1；若表示 in/out，则 direction_sign=-1；若该模块无合适 ratio，则留空。,"Fill +1 for out/in-like forward support, -1 for in/out-like reverse support",gcst90200120/gcst90200114,gcst90200114/gcst90200120
M_396,GCST90200049,GCST90200374,Myristoyl dihydrosphingomyelin (d18:0/14:0),Sphinganine,二氢鞘氨醇/鞘二烯碱支路,Dihydrosphingosine/Sphingadienine Branch,鞘脂/神经酰胺代谢,低,,,GCST90200374 / GCST90200049,GCST90200049 / GCST90200374,Sphinganine / Myristoyl dihydrosphingomyelin (d18:0/14:0),Myristoyl dihydrosphingomyelin (d18:0/14:0) / Sphinganine,若 ratio_trait 表示 out/in，则 direction_sign=+1；若表示 in/out，则 direction_sign=-1；若该模块无合适 ratio，则留空。,"Fill +1 for out/in-like forward support, -1 for in/out-like reverse support",gcst90200374/gcst90200049,gcst90200049/gcst90200374
M_397,GCST90200059,GCST90200374,Behenoyl dihydrosphingomyelin (d18:0/22:0),Sphinganine,二氢鞘氨醇/鞘二烯碱支路,Dihydrosphingosine/Sphingadienine Branch,鞘脂/神经酰胺代谢,低,,,GCST90200374 / GCST90200059,GCST90200059 / GCST90200374,Sphinganine / Behenoyl dihydrosphingomyelin (d18:0/22:0),Behenoyl dihydrosphingomyelin (d18:0/22:0) / Sphinganine,若 ratio_trait 表示 out/in，则 direction_sign=+1；若表示 in/out，则 direction_sign=-1；若该模块无合适 ratio，则留空。,"Fill +1 for out/in-like forward support, -1 for in/out-like reverse support",gcst90200374/gcst90200059,gcst90200059/gcst90200374
M_398,GCST90200064,GCST90200374,N-palmitoyl-sphinganine (d18:0/16:0),Sphinganine,二氢鞘氨醇/鞘二烯碱支路,Dihydrosphingosine/Sphingadienine Branch,鞘脂/神经酰胺代谢,中,,,GCST90200374 / GCST90200064,GCST90200064 / GCST90200374,Sphinganine / N-palmitoyl-sphinganine (d18:0/16:0),N-palmitoyl-sphinganine (d18:0/16:0) / Sphinganine,若 ratio_trait 表示 out/in，则 direction_sign=+1；若表示 in/out，则 direction_sign=-1；若该模块无合适 ratio，则留空。,"Fill +1 for out/in-like forward support, -1 for in/out-like reverse support",gcst90200374/gcst90200064,gcst90200064/gcst90200374
M_399,GCST90200035,GCST90200374,Palmitoyl dihydrosphingomyelin (d18:0/16:0),Sphinganine,二氢鞘氨醇/鞘二烯碱支路,Dihydrosphingosine/Sphingadienine Branch,鞘脂/神经酰胺代谢,低,,,GCST90200374 / GCST90200035,GCST90200035 / GCST90200374,Sphinganine / Palmitoyl dihydrosphingomyelin (d18:0/16:0),Palmitoyl dihydrosphingomyelin (d18:0/16:0) / Sphinganine,若 ratio_trait 表示 out/in，则 direction_sign=+1；若表示 in/out，则 direction_sign=-1；若该模块无合适 ratio，则留空。,"Fill +1 for out/in-like forward support, -1 for in/out-like reverse support",gcst90200374/gcst90200035,gcst90200035/gcst90200374
M_400,GCST90200120,GCST90200111,Sphingadienine,N-stearoyl-sphingadienine (d18:2/18:0),二氢鞘氨醇/鞘二烯碱支路,Dihydrosphingosine/Sphingadienine Branch,鞘脂/神经酰胺代谢,高,,,GCST90200111 / GCST90200120,GCST90200120 / GCST90200111,N-stearoyl-sphingadienine (d18:2/18:0) / Sphingadienine,Sphingadienine / N-stearoyl-sphingadienine (d18:2/18:0),若 ratio_trait 表示 out/in，则 direction_sign=+1；若表示 in/out，则 direction_sign=-1；若该模块无合适 ratio，则留空。,"Fill +1 for out/in-like forward support, -1 for in/out-like reverse support",gcst90200111/gcst90200120,gcst90200120/gcst90200111
M_401,GCST90200374,GCST90200064,Sphinganine,N-palmitoyl-sphinganine (d18:0/16:0),二氢鞘氨醇/鞘二烯碱支路,Dihydrosphingosine/Sphingadienine Branch,鞘脂/神经酰胺代谢,高,,,GCST90200064 / GCST90200374,GCST90200374 / GCST90200064,N-palmitoyl-sphinganine (d18:0/16:0) / Sphinganine,Sphinganine / N-palmitoyl-sphinganine (d18:0/16:0),若 ratio_trait 表示 out/in，则 direction_sign=+1；若表示 in/out，则 direction_sign=-1；若该模块无合适 ratio，则留空。,"Fill +1 for out/in-like forward support, -1 for in/out-like reverse support",gcst90200064/gcst90200374,gcst90200374/gcst90200064
M_402,GCST90200374,GCST90200120,Sphinganine,Sphingadienine,二氢鞘氨醇/鞘二烯碱支路,Dihydrosphingosine/Sphingadienine Branch,鞘脂/神经酰胺代谢,中,,,GCST90200120 / GCST90200374,GCST90200374 / GCST90200120,Sphingadienine / Sphinganine,Sphinganine / Sphingadienine,若 ratio_trait 表示 out/in，则 direction_sign=+1；若表示 in/out，则 direction_sign=-1；若该模块无合适 ratio，则留空。,"Fill +1 for out/in-like forward support, -1 for in/out-like reverse support",gcst90200120/gcst90200374,gcst90200374/gcst90200120
M_403,GCST90200448,GCST90200374,N-stearoyl-sphinganine (d18:0/18:0),Sphinganine,二氢鞘氨醇/鞘二烯碱支路,Dihydrosphingosine/Sphingadienine Branch,鞘脂/神经酰胺代谢,中,,,GCST90200374 / GCST90200448,GCST90200448 / GCST90200374,Sphinganine / N-stearoyl-sphinganine (d18:0/18:0),N-stearoyl-sphinganine (d18:0/18:0) / Sphinganine,若 ratio_trait 表示 out/in，则 direction_sign=+1；若表示 in/out，则 direction_sign=-1；若该模块无合适 ratio，则留空。,"Fill +1 for out/in-like forward support, -1 for in/out-like reverse support",gcst90200374/gcst90200448,gcst90200448/gcst90200374
M_404,GCST90199846,GCST90200385,Glycosyl-N-stearoyl-sphingosine (d18:1/18:0),Sphingosine,神经酰胺支路,Ceramide Branch,鞘脂/神经酰胺代谢,中,,,GCST90200385 / GCST90199846,GCST90199846 / GCST90200385,Sphingosine / Glycosyl-N-stearoyl-sphingosine (d18:1/18:0),Glycosyl-N-stearoyl-sphingosine (d18:1/18:0) / Sphingosine,若 ratio_trait 表示 out/in，则 direction_sign=+1；若表示 in/out，则 direction_sign=-1；若该模块无合适 ratio，则留空。,"Fill +1 for out/in-like forward support, -1 for in/out-like reverse support",gcst90200385/gcst90199846,gcst90199846/gcst90200385
M_405,GCST90200116,GCST90200385,"Ceramide (d18:1/14:0, d16:1/16:0)",Sphingosine,神经酰胺支路,Ceramide Branch,鞘脂/神经酰胺代谢,中,,,GCST90200385 / GCST90200116,GCST90200116 / GCST90200385,"Sphingosine / Ceramide (d18:1/14:0, d16:1/16:0)","Ceramide (d18:1/14:0, d16:1/16:0) / Sphingosine",若 ratio_trait 表示 out/in，则 direction_sign=+1；若表示 in/out，则 direction_sign=-1；若该模块无合适 ratio，则留空。,"Fill +1 for out/in-like forward support, -1 for in/out-like reverse support",gcst90200385/gcst90200116,gcst90200116/gcst90200385
M_406,GCST90200085,GCST90200385,Glycosyl-N-palmitoyl-sphingosine (d18:1/16:0),Sphingosine,神经酰胺支路,Ceramide Branch,鞘脂/神经酰胺代谢,中,,,GCST90200385 / GCST90200085,GCST90200085 / GCST90200385,Sphingosine / Glycosyl-N-palmitoyl-sphingosine (d18:1/16:0),Glycosyl-N-palmitoyl-sphingosine (d18:1/16:0) / Sphingosine,若 ratio_trait 表示 out/in，则 direction_sign=+1；若表示 in/out，则 direction_sign=-1；若该模块无合适 ratio，则留空。,"Fill +1 for out/in-like forward support, -1 for in/out-like reverse support",gcst90200385/gcst90200085,gcst90200085/gcst90200385
M_407,GCST90200055,GCST90200385,Lactosyl-N-palmitoyl-sphingosine (d18:1/16:0),Sphingosine,神经酰胺支路,Ceramide Branch,鞘脂/神经酰胺代谢,中,,,GCST90200385 / GCST90200055,GCST90200055 / GCST90200385,Sphingosine / Lactosyl-N-palmitoyl-sphingosine (d18:1/16:0),Lactosyl-N-palmitoyl-sphingosine (d18:1/16:0) / Sphingosine,若 ratio_trait 表示 out/in，则 direction_sign=+1；若表示 in/out，则 direction_sign=-1；若该模块无合适 ratio，则留空。,"Fill +1 for out/in-like forward support, -1 for in/out-like reverse support",gcst90200385/gcst90200055,gcst90200055/gcst90200385
M_408,GCST90200121,GCST90200385,"Ceramide (d18:1/17:0, d17:1/18:0)",Sphingosine,神经酰胺支路,Ceramide Branch,鞘脂/神经酰胺代谢,中,,,GCST90200385 / GCST90200121,GCST90200121 / GCST90200385,"Sphingosine / Ceramide (d18:1/17:0, d17:1/18:0)","Ceramide (d18:1/17:0, d17:1/18:0) / Sphingosine",若 ratio_trait 表示 out/in，则 direction_sign=+1；若表示 in/out，则 direction_sign=-1；若该模块无合适 ratio，则留空。,"Fill +1 for out/in-like forward support, -1 for in/out-like reverse support",gcst90200385/gcst90200121,gcst90200121/gcst90200385
M_409,GCST90200336,GCST90200385,N-palmitoyl-sphingosine (d18:1/16:0),Sphingosine,神经酰胺支路,Ceramide Branch,鞘脂/神经酰胺代谢,高,,,GCST90200385 / GCST90200336,GCST90200336 / GCST90200385,Sphingosine / N-palmitoyl-sphingosine (d18:1/16:0),N-palmitoyl-sphingosine (d18:1/16:0) / Sphingosine,若 ratio_trait 表示 out/in，则 direction_sign=+1；若表示 in/out，则 direction_sign=-1；若该模块无合适 ratio，则留空。,"Fill +1 for out/in-like forward support, -1 for in/out-like reverse support",gcst90200385/gcst90200336,gcst90200336/gcst90200385
M_410,GCST90200341,GCST90200385,N-stearoyl-sphingosine (d18:1/18:0),Sphingosine,神经酰胺支路,Ceramide Branch,鞘脂/神经酰胺代谢,高,,,GCST90200385 / GCST90200341,GCST90200341 / GCST90200385,Sphingosine / N-stearoyl-sphingosine (d18:1/18:0),N-stearoyl-sphingosine (d18:1/18:0) / Sphingosine,若 ratio_trait 表示 out/in，则 direction_sign=+1；若表示 in/out，则 direction_sign=-1；若该模块无合适 ratio，则留空。,"Fill +1 for out/in-like forward support, -1 for in/out-like reverse support",gcst90200385/gcst90200341,gcst90200341/gcst90200385
M_411,GCST90200117,GCST90200336,Glycosyl-N-(2-hydroxynervonoyl)-sphingosine (d18:1/24:1(2OH)),N-palmitoyl-sphingosine (d18:1/16:0),糖基神经酰胺支路,Glycosylceramide Branch,鞘脂/神经酰胺代谢,高,,,GCST90200336 / GCST90200117,GCST90200117 / GCST90200336,N-palmitoyl-sphingosine (d18:1/16:0) / Glycosyl-N-(2-hydroxynervonoyl)-sphingosine (d18:1/24:1(2OH)),Glycosyl-N-(2-hydroxynervonoyl)-sphingosine (d18:1/24:1(2OH)) / N-palmitoyl-sphingosine (d18:1/16:0),若 ratio_trait 表示 out/in，则 direction_sign=+1；若表示 in/out，则 direction_sign=-1；若该模块无合适 ratio，则留空。,"Fill +1 for out/in-like forward support, -1 for in/out-like reverse support",gcst90200336/gcst90200117,gcst90200117/gcst90200336
M_412,GCST90200118,GCST90200336,"Glycosyl ceramide (d18:2/24:1, d18:1/24:2)",N-palmitoyl-sphingosine (d18:1/16:0),糖基神经酰胺支路,Glycosylceramide Branch,鞘脂/神经酰胺代谢,高,,,GCST90200336 / GCST90200118,GCST90200118 / GCST90200336,"N-palmitoyl-sphingosine (d18:1/16:0) / Glycosyl ceramide (d18:2/24:1, d18:1/24:2)","Glycosyl ceramide (d18:2/24:1, d18:1/24:2) / N-palmitoyl-sphingosine (d18:1/16:0)",若 ratio_trait 表示 out/in，则 direction_sign=+1；若表示 in/out，则 direction_sign=-1；若该模块无合适 ratio，则留空。,"Fill +1 for out/in-like forward support, -1 for in/out-like reverse support",gcst90200336/gcst90200118,gcst90200118/gcst90200336
M_413,GCST90200119,GCST90200336,"Glycosyl ceramide (d18:1/23:1, d17:1/24:1)",N-palmitoyl-sphingosine (d18:1/16:0),糖基神经酰胺支路,Glycosylceramide Branch,鞘脂/神经酰胺代谢,高,,,GCST90200336 / GCST90200119,GCST90200119 / GCST90200336,"N-palmitoyl-sphingosine (d18:1/16:0) / Glycosyl ceramide (d18:1/23:1, d17:1/24:1)","Glycosyl ceramide (d18:1/23:1, d17:1/24:1) / N-palmitoyl-sphingosine (d18:1/16:0)",若 ratio_trait 表示 out/in，则 direction_sign=+1；若表示 in/out，则 direction_sign=-1；若该模块无合适 ratio，则留空。,"Fill +1 for out/in-like forward support, -1 for in/out-like reverse support",gcst90200336/gcst90200119,gcst90200119/gcst90200336
M_414,GCST90200145,GCST90200336,"Glycosyl ceramide (d18:1/20:0, d16:1/22:0)",N-palmitoyl-sphingosine (d18:1/16:0),糖基神经酰胺支路,Glycosylceramide Branch,鞘脂/神经酰胺代谢,高,,,GCST90200336 / GCST90200145,GCST90200145 / GCST90200336,"N-palmitoyl-sphingosine (d18:1/16:0) / Glycosyl ceramide (d18:1/20:0, d16:1/22:0)","Glycosyl ceramide (d18:1/20:0, d16:1/22:0) / N-palmitoyl-sphingosine (d18:1/16:0)",若 ratio_trait 表示 out/in，则 direction_sign=+1；若表示 in/out，则 direction_sign=-1；若该模块无合适 ratio，则留空。,"Fill +1 for out/in-like forward support, -1 for in/out-like reverse support",gcst90200336/gcst90200145,gcst90200145/gcst90200336
M_415,GCST90199876,GCST90200336,Palmitoyl sphingomyelin (d18:1/16:0),N-palmitoyl-sphingosine (d18:1/16:0),鞘磷脂支路,Sphingomyelin Branch,鞘脂/神经酰胺代谢,高,,,GCST90200336 / GCST90199876,GCST90199876 / GCST90200336,N-palmitoyl-sphingosine (d18:1/16:0) / Palmitoyl sphingomyelin (d18:1/16:0),Palmitoyl sphingomyelin (d18:1/16:0) / N-palmitoyl-sphingosine (d18:1/16:0),若 ratio_trait 表示 out/in，则 direction_sign=+1；若表示 in/out，则 direction_sign=-1；若该模块无合适 ratio，则留空。,"Fill +1 for out/in-like forward support, -1 for in/out-like reverse support",gcst90200336/gcst90199876,gcst90199876/gcst90200336
M_416,GCST90199878,GCST90200336,"Sphingomyelin (d18:1/18:1, d18:2/18:0)",N-palmitoyl-sphingosine (d18:1/16:0),鞘磷脂支路,Sphingomyelin Branch,鞘脂/神经酰胺代谢,高,,,GCST90200336 / GCST90199878,GCST90199878 / GCST90200336,"N-palmitoyl-sphingosine (d18:1/16:0) / Sphingomyelin (d18:1/18:1, d18:2/18:0)","Sphingomyelin (d18:1/18:1, d18:2/18:0) / N-palmitoyl-sphingosine (d18:1/16:0)",若 ratio_trait 表示 out/in，则 direction_sign=+1；若表示 in/out，则 direction_sign=-1；若该模块无合适 ratio，则留空。,"Fill +1 for out/in-like forward support, -1 for in/out-like reverse support",gcst90200336/gcst90199878,gcst90199878/gcst90200336
M_417,GCST90200047,GCST90200336,"Sphingomyelin (d18:1/17:0, d17:1/18:0, d19:1/16:0)",N-palmitoyl-sphingosine (d18:1/16:0),鞘磷脂支路,Sphingomyelin Branch,鞘脂/神经酰胺代谢,高,,,GCST90200336 / GCST90200047,GCST90200047 / GCST90200336,"N-palmitoyl-sphingosine (d18:1/16:0) / Sphingomyelin (d18:1/17:0, d17:1/18:0, d19:1/16:0)","Sphingomyelin (d18:1/17:0, d17:1/18:0, d19:1/16:0) / N-palmitoyl-sphingosine (d18:1/16:0)",若 ratio_trait 表示 out/in，则 direction_sign=+1；若表示 in/out，则 direction_sign=-1；若该模块无合适 ratio，则留空。,"Fill +1 for out/in-like forward support, -1 for in/out-like reverse support",gcst90200336/gcst90200047,gcst90200047/gcst90200336
M_418,GCST90200053,GCST90200336,"Sphingomyelin (d18:1/21:0, d17:1/22:0, d16:1/23:0)",N-palmitoyl-sphingosine (d18:1/16:0),鞘磷脂支路,Sphingomyelin Branch,鞘脂/神经酰胺代谢,高,,,GCST90200336 / GCST90200053,GCST90200053 / GCST90200336,"N-palmitoyl-sphingosine (d18:1/16:0) / Sphingomyelin (d18:1/21:0, d17:1/22:0, d16:1/23:0)","Sphingomyelin (d18:1/21:0, d17:1/22:0, d16:1/23:0) / N-palmitoyl-sphingosine (d18:1/16:0)",若 ratio_trait 表示 out/in，则 direction_sign=+1；若表示 in/out，则 direction_sign=-1；若该模块无合适 ratio，则留空。,"Fill +1 for out/in-like forward support, -1 for in/out-like reverse support",gcst90200336/gcst90200053,gcst90200053/gcst90200336
M_419,GCST90200056,GCST90200336,"Sphingomyelin (d18:0/18:0, d19:0/17:0)",N-palmitoyl-sphingosine (d18:1/16:0),鞘磷脂支路,Sphingomyelin Branch,鞘脂/神经酰胺代谢,高,,,GCST90200336 / GCST90200056,GCST90200056 / GCST90200336,"N-palmitoyl-sphingosine (d18:1/16:0) / Sphingomyelin (d18:0/18:0, d19:0/17:0)","Sphingomyelin (d18:0/18:0, d19:0/17:0) / N-palmitoyl-sphingosine (d18:1/16:0)",若 ratio_trait 表示 out/in，则 direction_sign=+1；若表示 in/out，则 direction_sign=-1；若该模块无合适 ratio，则留空。,"Fill +1 for out/in-like forward support, -1 for in/out-like reverse support",gcst90200336/gcst90200056,gcst90200056/gcst90200336
M_420,GCST90200020,GCST90200336,Lignoceroyl sphingomyelin (d18:1/24:0),N-palmitoyl-sphingosine (d18:1/16:0),鞘磷脂支路,Sphingomyelin Branch,鞘脂/神经酰胺代谢,高,,,GCST90200336 / GCST90200020,GCST90200020 / GCST90200336,N-palmitoyl-sphingosine (d18:1/16:0) / Lignoceroyl sphingomyelin (d18:1/24:0),Lignoceroyl sphingomyelin (d18:1/24:0) / N-palmitoyl-sphingosine (d18:1/16:0),若 ratio_trait 表示 out/in，则 direction_sign=+1；若表示 in/out，则 direction_sign=-1；若该模块无合适 ratio，则留空。,"Fill +1 for out/in-like forward support, -1 for in/out-like reverse support",gcst90200336/gcst90200020,gcst90200020/gcst90200336
M_421,GCST90200033,GCST90200336,"Sphingomyelin (d18:2/23:0, d18:1/23:1, d17:1/24:1)",N-palmitoyl-sphingosine (d18:1/16:0),鞘磷脂支路,Sphingomyelin Branch,鞘脂/神经酰胺代谢,高,,,GCST90200336 / GCST90200033,GCST90200033 / GCST90200336,"N-palmitoyl-sphingosine (d18:1/16:0) / Sphingomyelin (d18:2/23:0, d18:1/23:1, d17:1/24:1)","Sphingomyelin (d18:2/23:0, d18:1/23:1, d17:1/24:1) / N-palmitoyl-sphingosine (d18:1/16:0)",若 ratio_trait 表示 out/in，则 direction_sign=+1；若表示 in/out，则 direction_sign=-1；若该模块无合适 ratio，则留空。,"Fill +1 for out/in-like forward support, -1 for in/out-like reverse support",gcst90200336/gcst90200033,gcst90200033/gcst90200336
M_422,GCST90200034,GCST90200336,Tricosanoyl sphingomyelin (d18:1/23:0),N-palmitoyl-sphingosine (d18:1/16:0),鞘磷脂支路,Sphingomyelin Branch,鞘脂/神经酰胺代谢,高,,,GCST90200336 / GCST90200034,GCST90200034 / GCST90200336,N-palmitoyl-sphingosine (d18:1/16:0) / Tricosanoyl sphingomyelin (d18:1/23:0),Tricosanoyl sphingomyelin (d18:1/23:0) / N-palmitoyl-sphingosine (d18:1/16:0),若 ratio_trait 表示 out/in，则 direction_sign=+1；若表示 in/out，则 direction_sign=-1；若该模块无合适 ratio，则留空。,"Fill +1 for out/in-like forward support, -1 for in/out-like reverse support",gcst90200336/gcst90200034,gcst90200034/gcst90200336
M_423,GCST90200040,GCST90200336,"Sphingomyelin (d18:2/24:1, d18:1/24:2)",N-palmitoyl-sphingosine (d18:1/16:0),鞘磷脂支路,Sphingomyelin Branch,鞘脂/神经酰胺代谢,高,,,GCST90200336 / GCST90200040,GCST90200040 / GCST90200336,"N-palmitoyl-sphingosine (d18:1/16:0) / Sphingomyelin (d18:2/24:1, d18:1/24:2)","Sphingomyelin (d18:2/24:1, d18:1/24:2) / N-palmitoyl-sphingosine (d18:1/16:0)",若 ratio_trait 表示 out/in，则 direction_sign=+1；若表示 in/out，则 direction_sign=-1；若该模块无合适 ratio，则留空。,"Fill +1 for out/in-like forward support, -1 for in/out-like reverse support",gcst90200336/gcst90200040,gcst90200040/gcst90200336
M_424,GCST90199945,GCST90200336,"Sphingomyelin (d18:1/14:0, d16:1/16:0)",N-palmitoyl-sphingosine (d18:1/16:0),鞘磷脂支路,Sphingomyelin Branch,鞘脂/神经酰胺代谢,高,,,GCST90200336 / GCST90199945,GCST90199945 / GCST90200336,"N-palmitoyl-sphingosine (d18:1/16:0) / Sphingomyelin (d18:1/14:0, d16:1/16:0)","Sphingomyelin (d18:1/14:0, d16:1/16:0) / N-palmitoyl-sphingosine (d18:1/16:0)",若 ratio_trait 表示 out/in，则 direction_sign=+1；若表示 in/out，则 direction_sign=-1；若该模块无合适 ratio，则留空。,"Fill +1 for out/in-like forward support, -1 for in/out-like reverse support",gcst90200336/gcst90199945,gcst90199945/gcst90200336
M_425,GCST90199947,GCST90200336,"Sphingomyelin (d18:2/16:0, d18:1/16:1)",N-palmitoyl-sphingosine (d18:1/16:0),鞘磷脂支路,Sphingomyelin Branch,鞘脂/神经酰胺代谢,高,,,GCST90200336 / GCST90199947,GCST90199947 / GCST90200336,"N-palmitoyl-sphingosine (d18:1/16:0) / Sphingomyelin (d18:2/16:0, d18:1/16:1)","Sphingomyelin (d18:2/16:0, d18:1/16:1) / N-palmitoyl-sphingosine (d18:1/16:0)",若 ratio_trait 表示 out/in，则 direction_sign=+1；若表示 in/out，则 direction_sign=-1；若该模块无合适 ratio，则留空。,"Fill +1 for out/in-like forward support, -1 for in/out-like reverse support",gcst90200336/gcst90199947,gcst90199947/gcst90200336
M_426,GCST90199995,GCST90200336,"Sphingomyelin (d18:1/20:2, d18:2/20:1, d16:1/22:2)",N-palmitoyl-sphingosine (d18:1/16:0),鞘磷脂支路,Sphingomyelin Branch,鞘脂/神经酰胺代谢,高,,,GCST90200336 / GCST90199995,GCST90199995 / GCST90200336,"N-palmitoyl-sphingosine (d18:1/16:0) / Sphingomyelin (d18:1/20:2, d18:2/20:1, d16:1/22:2)","Sphingomyelin (d18:1/20:2, d18:2/20:1, d16:1/22:2) / N-palmitoyl-sphingosine (d18:1/16:0)",若 ratio_trait 表示 out/in，则 direction_sign=+1；若表示 in/out，则 direction_sign=-1；若该模块无合适 ratio，则留空。,"Fill +1 for out/in-like forward support, -1 for in/out-like reverse support",gcst90200336/gcst90199995,gcst90199995/gcst90200336
M_427,GCST90199996,GCST90200336,"Sphingomyelin (d18:1/20:1, d18:2/20:0)",N-palmitoyl-sphingosine (d18:1/16:0),鞘磷脂支路,Sphingomyelin Branch,鞘脂/神经酰胺代谢,高,,,GCST90200336 / GCST90199996,GCST90199996 / GCST90200336,"N-palmitoyl-sphingosine (d18:1/16:0) / Sphingomyelin (d18:1/20:1, d18:2/20:0)","Sphingomyelin (d18:1/20:1, d18:2/20:0) / N-palmitoyl-sphingosine (d18:1/16:0)",若 ratio_trait 表示 out/in，则 direction_sign=+1；若表示 in/out，则 direction_sign=-1；若该模块无合适 ratio，则留空。,"Fill +1 for out/in-like forward support, -1 for in/out-like reverse support",gcst90200336/gcst90199996,gcst90199996/gcst90200336
M_428,GCST90199997,GCST90200336,Behenoyl sphingomyelin (d18:1/22:0),N-palmitoyl-sphingosine (d18:1/16:0),鞘磷脂支路,Sphingomyelin Branch,鞘脂/神经酰胺代谢,高,,,GCST90200336 / GCST90199997,GCST90199997 / GCST90200336,N-palmitoyl-sphingosine (d18:1/16:0) / Behenoyl sphingomyelin (d18:1/22:0),Behenoyl sphingomyelin (d18:1/22:0) / N-palmitoyl-sphingosine (d18:1/16:0),若 ratio_trait 表示 out/in，则 direction_sign=+1；若表示 in/out，则 direction_sign=-1；若该模块无合适 ratio，则留空。,"Fill +1 for out/in-like forward support, -1 for in/out-like reverse support",gcst90200336/gcst90199997,gcst90199997/gcst90200336
M_429,GCST90200001,GCST90200336,"Sphingomyelin (d18:1/20:0, d16:1/22:0)",N-palmitoyl-sphingosine (d18:1/16:0),鞘磷脂支路,Sphingomyelin Branch,鞘脂/神经酰胺代谢,高,,,GCST90200336 / GCST90200001,GCST90200001 / GCST90200336,"N-palmitoyl-sphingosine (d18:1/16:0) / Sphingomyelin (d18:1/20:0, d16:1/22:0)","Sphingomyelin (d18:1/20:0, d16:1/22:0) / N-palmitoyl-sphingosine (d18:1/16:0)",若 ratio_trait 表示 out/in，则 direction_sign=+1；若表示 in/out，则 direction_sign=-1；若该模块无合适 ratio，则留空。,"Fill +1 for out/in-like forward support, -1 for in/out-like reverse support",gcst90200336/gcst90200001,gcst90200001/gcst90200336
M_430,GCST90200010,GCST90200336,"Sphingomyelin (d18:1/22:1, d18:2/22:0, d16:1/24:1)",N-palmitoyl-sphingosine (d18:1/16:0),鞘磷脂支路,Sphingomyelin Branch,鞘脂/神经酰胺代谢,高,,,GCST90200336 / GCST90200010,GCST90200010 / GCST90200336,"N-palmitoyl-sphingosine (d18:1/16:0) / Sphingomyelin (d18:1/22:1, d18:2/22:0, d16:1/24:1)","Sphingomyelin (d18:1/22:1, d18:2/22:0, d16:1/24:1) / N-palmitoyl-sphingosine (d18:1/16:0)",若 ratio_trait 表示 out/in，则 direction_sign=+1；若表示 in/out，则 direction_sign=-1；若该模块无合适 ratio，则留空。,"Fill +1 for out/in-like forward support, -1 for in/out-like reverse support",gcst90200336/gcst90200010,gcst90200010/gcst90200336
M_431,GCST90200013,GCST90200336,"Sphingomyelin (d18:1/22:2, d18:2/22:1, d16:1/24:2)",N-palmitoyl-sphingosine (d18:1/16:0),鞘磷脂支路,Sphingomyelin Branch,鞘脂/神经酰胺代谢,高,,,GCST90200336 / GCST90200013,GCST90200013 / GCST90200336,"N-palmitoyl-sphingosine (d18:1/16:0) / Sphingomyelin (d18:1/22:2, d18:2/22:1, d16:1/24:2)","Sphingomyelin (d18:1/22:2, d18:2/22:1, d16:1/24:2) / N-palmitoyl-sphingosine (d18:1/16:0)",若 ratio_trait 表示 out/in，则 direction_sign=+1；若表示 in/out，则 direction_sign=-1；若该模块无合适 ratio，则留空。,"Fill +1 for out/in-like forward support, -1 for in/out-like reverse support",gcst90200336/gcst90200013,gcst90200013/gcst90200336
M_432,GCST90200017,GCST90200336,"Sphingomyelin (d17:1/16:0, d18:1/15:0, d16:1/17:0)",N-palmitoyl-sphingosine (d18:1/16:0),鞘磷脂支路,Sphingomyelin Branch,鞘脂/神经酰胺代谢,高,,,GCST90200336 / GCST90200017,GCST90200017 / GCST90200336,"N-palmitoyl-sphingosine (d18:1/16:0) / Sphingomyelin (d17:1/16:0, d18:1/15:0, d16:1/17:0)","Sphingomyelin (d17:1/16:0, d18:1/15:0, d16:1/17:0) / N-palmitoyl-sphingosine (d18:1/16:0)",若 ratio_trait 表示 out/in，则 direction_sign=+1；若表示 in/out，则 direction_sign=-1；若该模块无合适 ratio，则留空。,"Fill +1 for out/in-like forward support, -1 for in/out-like reverse support",gcst90200336/gcst90200017,gcst90200017/gcst90200336
M_433,GCST90199972,GCST90200336,"Sphingomyelin (d18:1/24:1, d18:2/24:0)",N-palmitoyl-sphingosine (d18:1/16:0),鞘磷脂支路,Sphingomyelin Branch,鞘脂/神经酰胺代谢,高,,,GCST90200336 / GCST90199972,GCST90199972 / GCST90200336,"N-palmitoyl-sphingosine (d18:1/16:0) / Sphingomyelin (d18:1/24:1, d18:2/24:0)","Sphingomyelin (d18:1/24:1, d18:2/24:0) / N-palmitoyl-sphingosine (d18:1/16:0)",若 ratio_trait 表示 out/in，则 direction_sign=+1；若表示 in/out，则 direction_sign=-1；若该模块无合适 ratio，则留空。,"Fill +1 for out/in-like forward support, -1 for in/out-like reverse support",gcst90200336/gcst90199972,gcst90199972/gcst90200336
M_434,GCST90199975,GCST90200336,"Sphingomyelin (d18:2/14:0, d18:1/14:1)",N-palmitoyl-sphingosine (d18:1/16:0),鞘磷脂支路,Sphingomyelin Branch,鞘脂/神经酰胺代谢,高,,,GCST90200336 / GCST90199975,GCST90199975 / GCST90200336,"N-palmitoyl-sphingosine (d18:1/16:0) / Sphingomyelin (d18:2/14:0, d18:1/14:1)","Sphingomyelin (d18:2/14:0, d18:1/14:1) / N-palmitoyl-sphingosine (d18:1/16:0)",若 ratio_trait 表示 out/in，则 direction_sign=+1；若表示 in/out，则 direction_sign=-1；若该模块无合适 ratio，则留空。,"Fill +1 for out/in-like forward support, -1 for in/out-like reverse support",gcst90200336/gcst90199975,gcst90199975/gcst90200336
M_435,GCST90200169,GCST90200336,"Sphingomyelin (d17:1/14:0, d16:1/15:0)",N-palmitoyl-sphingosine (d18:1/16:0),鞘磷脂支路,Sphingomyelin Branch,鞘脂/神经酰胺代谢,高,,,GCST90200336 / GCST90200169,GCST90200169 / GCST90200336,"N-palmitoyl-sphingosine (d18:1/16:0) / Sphingomyelin (d17:1/14:0, d16:1/15:0)","Sphingomyelin (d17:1/14:0, d16:1/15:0) / N-palmitoyl-sphingosine (d18:1/16:0)",若 ratio_trait 表示 out/in，则 direction_sign=+1；若表示 in/out，则 direction_sign=-1；若该模块无合适 ratio，则留空。,"Fill +1 for out/in-like forward support, -1 for in/out-like reverse support",gcst90200336/gcst90200169,gcst90200169/gcst90200336
M_436,GCST90200243,GCST90200336,Hydroxypalmitoyl sphingomyelin (d18:1/16:0(OH)),N-palmitoyl-sphingosine (d18:1/16:0),鞘磷脂支路,Sphingomyelin Branch,鞘脂/神经酰胺代谢,高,,,GCST90200336 / GCST90200243,GCST90200243 / GCST90200336,N-palmitoyl-sphingosine (d18:1/16:0) / Hydroxypalmitoyl sphingomyelin (d18:1/16:0(OH)),Hydroxypalmitoyl sphingomyelin (d18:1/16:0(OH)) / N-palmitoyl-sphingosine (d18:1/16:0),若 ratio_trait 表示 out/in，则 direction_sign=+1；若表示 in/out，则 direction_sign=-1；若该模块无合适 ratio，则留空。,"Fill +1 for out/in-like forward support, -1 for in/out-like reverse support",gcst90200336/gcst90200243,gcst90200243/gcst90200336
M_437,GCST90200123,GCST90200336,"Sphingomyelin (d18:0/20:0, d16:0/22:0)",N-palmitoyl-sphingosine (d18:1/16:0),鞘磷脂支路,Sphingomyelin Branch,鞘脂/神经酰胺代谢,高,,,GCST90200336 / GCST90200123,GCST90200123 / GCST90200336,"N-palmitoyl-sphingosine (d18:1/16:0) / Sphingomyelin (d18:0/20:0, d16:0/22:0)","Sphingomyelin (d18:0/20:0, d16:0/22:0) / N-palmitoyl-sphingosine (d18:1/16:0)",若 ratio_trait 表示 out/in，则 direction_sign=+1；若表示 in/out，则 direction_sign=-1；若该模块无合适 ratio，则留空。,"Fill +1 for out/in-like forward support, -1 for in/out-like reverse support",gcst90200336/gcst90200123,gcst90200123/gcst90200336
M_438,GCST90200124,GCST90200336,Sphingomyelin (d18:2/24:2),N-palmitoyl-sphingosine (d18:1/16:0),鞘磷脂支路,Sphingomyelin Branch,鞘脂/神经酰胺代谢,高,,,GCST90200336 / GCST90200124,GCST90200124 / GCST90200336,N-palmitoyl-sphingosine (d18:1/16:0) / Sphingomyelin (d18:2/24:2),Sphingomyelin (d18:2/24:2) / N-palmitoyl-sphingosine (d18:1/16:0),若 ratio_trait 表示 out/in，则 direction_sign=+1；若表示 in/out，则 direction_sign=-1；若该模块无合适 ratio，则留空。,"Fill +1 for out/in-like forward support, -1 for in/out-like reverse support",gcst90200336/gcst90200124,gcst90200124/gcst90200336
M_439,GCST90200125,GCST90200336,"Sphingomyelin (d17:2/16:0, d18:2/15:0)",N-palmitoyl-sphingosine (d18:1/16:0),鞘磷脂支路,Sphingomyelin Branch,鞘脂/神经酰胺代谢,高,,,GCST90200336 / GCST90200125,GCST90200125 / GCST90200336,"N-palmitoyl-sphingosine (d18:1/16:0) / Sphingomyelin (d17:2/16:0, d18:2/15:0)","Sphingomyelin (d17:2/16:0, d18:2/15:0) / N-palmitoyl-sphingosine (d18:1/16:0)",若 ratio_trait 表示 out/in，则 direction_sign=+1；若表示 in/out，则 direction_sign=-1；若该模块无合适 ratio，则留空。,"Fill +1 for out/in-like forward support, -1 for in/out-like reverse support",gcst90200336/gcst90200125,gcst90200125/gcst90200336
M_440,GCST90200126,GCST90200336,Sphingomyelin (d18:2/23:1),N-palmitoyl-sphingosine (d18:1/16:0),鞘磷脂支路,Sphingomyelin Branch,鞘脂/神经酰胺代谢,高,,,GCST90200336 / GCST90200126,GCST90200126 / GCST90200336,N-palmitoyl-sphingosine (d18:1/16:0) / Sphingomyelin (d18:2/23:1),Sphingomyelin (d18:2/23:1) / N-palmitoyl-sphingosine (d18:1/16:0),若 ratio_trait 表示 out/in，则 direction_sign=+1；若表示 in/out，则 direction_sign=-1；若该模块无合适 ratio，则留空。,"Fill +1 for out/in-like forward support, -1 for in/out-like reverse support",gcst90200336/gcst90200126,gcst90200126/gcst90200336
M_441,GCST90200128,GCST90200336,Sphingomyelin (d18:2/18:1),N-palmitoyl-sphingosine (d18:1/16:0),鞘磷脂支路,Sphingomyelin Branch,鞘脂/神经酰胺代谢,高,,,GCST90200336 / GCST90200128,GCST90200128 / GCST90200336,N-palmitoyl-sphingosine (d18:1/16:0) / Sphingomyelin (d18:2/18:1),Sphingomyelin (d18:2/18:1) / N-palmitoyl-sphingosine (d18:1/16:0),若 ratio_trait 表示 out/in，则 direction_sign=+1；若表示 in/out，则 direction_sign=-1；若该模块无合适 ratio，则留空。,"Fill +1 for out/in-like forward support, -1 for in/out-like reverse support",gcst90200336/gcst90200128,gcst90200128/gcst90200336
M_442,GCST90200129,GCST90200336,"Sphingomyelin (d18:2/21:0, d16:2/23:0)",N-palmitoyl-sphingosine (d18:1/16:0),鞘磷脂支路,Sphingomyelin Branch,鞘脂/神经酰胺代谢,高,,,GCST90200336 / GCST90200129,GCST90200129 / GCST90200336,"N-palmitoyl-sphingosine (d18:1/16:0) / Sphingomyelin (d18:2/21:0, d16:2/23:0)","Sphingomyelin (d18:2/21:0, d16:2/23:0) / N-palmitoyl-sphingosine (d18:1/16:0)",若 ratio_trait 表示 out/in，则 direction_sign=+1；若表示 in/out，则 direction_sign=-1；若该模块无合适 ratio，则留空。,"Fill +1 for out/in-like forward support, -1 for in/out-like reverse support",gcst90200336/gcst90200129,gcst90200129/gcst90200336
M_443,GCST90200131,GCST90200336,"Sphingomyelin (d18:1/19:0, d19:1/18:0)",N-palmitoyl-sphingosine (d18:1/16:0),鞘磷脂支路,Sphingomyelin Branch,鞘脂/神经酰胺代谢,高,,,GCST90200336 / GCST90200131,GCST90200131 / GCST90200336,"N-palmitoyl-sphingosine (d18:1/16:0) / Sphingomyelin (d18:1/19:0, d19:1/18:0)","Sphingomyelin (d18:1/19:0, d19:1/18:0) / N-palmitoyl-sphingosine (d18:1/16:0)",若 ratio_trait 表示 out/in，则 direction_sign=+1；若表示 in/out，则 direction_sign=-1；若该模块无合适 ratio，则留空。,"Fill +1 for out/in-like forward support, -1 for in/out-like reverse support",gcst90200336/gcst90200131,gcst90200131/gcst90200336
M_444,GCST90200134,GCST90200336,"Sphingomyelin (d18:1/25:0, d19:0/24:1, d20:1/23:0, d19:1/24:0)",N-palmitoyl-sphingosine (d18:1/16:0),鞘磷脂支路,Sphingomyelin Branch,鞘脂/神经酰胺代谢,高,,,GCST90200336 / GCST90200134,GCST90200134 / GCST90200336,"N-palmitoyl-sphingosine (d18:1/16:0) / Sphingomyelin (d18:1/25:0, d19:0/24:1, d20:1/23:0, d19:1/24:0)","Sphingomyelin (d18:1/25:0, d19:0/24:1, d20:1/23:0, d19:1/24:0) / N-palmitoyl-sphingosine (d18:1/16:0)",若 ratio_trait 表示 out/in，则 direction_sign=+1；若表示 in/out，则 direction_sign=-1；若该模块无合适 ratio，则留空。,"Fill +1 for out/in-like forward support, -1 for in/out-like reverse support",gcst90200336/gcst90200134,gcst90200134/gcst90200336
M_445,GCST90200335,GCST90200336,Stearoyl sphingomyelin (d18:1/18:0),N-palmitoyl-sphingosine (d18:1/16:0),鞘磷脂支路,Sphingomyelin Branch,鞘脂/神经酰胺代谢,高,,,GCST90200336 / GCST90200335,GCST90200335 / GCST90200336,N-palmitoyl-sphingosine (d18:1/16:0) / Stearoyl sphingomyelin (d18:1/18:0),Stearoyl sphingomyelin (d18:1/18:0) / N-palmitoyl-sphingosine (d18:1/16:0),若 ratio_trait 表示 out/in，则 direction_sign=+1；若表示 in/out，则 direction_sign=-1；若该模块无合适 ratio，则留空。,"Fill +1 for out/in-like forward support, -1 for in/out-like reverse support",gcst90200336/gcst90200335,gcst90200335/gcst90200336
M_446,GCST90199657,GCST90200385,Sphingosine 1-phosphate,Sphingosine,鞘氨醇支路,Sphingosine Branch,鞘脂/神经酰胺代谢,高,,,GCST90200385 / GCST90199657,GCST90199657 / GCST90200385,Sphingosine / Sphingosine 1-phosphate,Sphingosine 1-phosphate / Sphingosine,若 ratio_trait 表示 out/in，则 direction_sign=+1；若表示 in/out，则 direction_sign=-1；若该模块无合适 ratio，则留空。,"Fill +1 for out/in-like forward support, -1 for in/out-like reverse support",gcst90200385/gcst90199657,gcst90199657/gcst90200385
M_447,GCST90200098,GCST90200385,Lactosyl-N-nervonoyl-sphingosine (d18:1/24:1),Sphingosine,鞘氨醇支路,Sphingosine Branch,鞘脂/神经酰胺代谢,中,,,GCST90200385 / GCST90200098,GCST90200098 / GCST90200385,Sphingosine / Lactosyl-N-nervonoyl-sphingosine (d18:1/24:1),Lactosyl-N-nervonoyl-sphingosine (d18:1/24:1) / Sphingosine,若 ratio_trait 表示 out/in，则 direction_sign=+1；若表示 in/out，则 direction_sign=-1；若该模块无合适 ratio，则留空。,"Fill +1 for out/in-like forward support, -1 for in/out-like reverse support",gcst90200385/gcst90200098,gcst90200098/gcst90200385
M_448,GCST90200115,GCST90200385,N-palmitoyl-heptadecasphingosine (d17:1/16:0),Sphingosine,鞘氨醇支路,Sphingosine Branch,鞘脂/神经酰胺代谢,中,,,GCST90200385 / GCST90200115,GCST90200115 / GCST90200385,Sphingosine / N-palmitoyl-heptadecasphingosine (d17:1/16:0),N-palmitoyl-heptadecasphingosine (d17:1/16:0) / Sphingosine,若 ratio_trait 表示 out/in，则 direction_sign=+1；若表示 in/out，则 direction_sign=-1；若该模块无合适 ratio，则留空。,"Fill +1 for out/in-like forward support, -1 for in/out-like reverse support",gcst90200385/gcst90200115,gcst90200115/gcst90200385
M_449,GCST90200237,GCST90200385,Palmitoyl-sphingosine-phosphoethanolamine (d18:1/16:0),Sphingosine,鞘氨醇支路,Sphingosine Branch,鞘脂/神经酰胺代谢,中,,,GCST90200385 / GCST90200237,GCST90200237 / GCST90200385,Sphingosine / Palmitoyl-sphingosine-phosphoethanolamine (d18:1/16:0),Palmitoyl-sphingosine-phosphoethanolamine (d18:1/16:0) / Sphingosine,若 ratio_trait 表示 out/in，则 direction_sign=+1；若表示 in/out，则 direction_sign=-1；若该模块无合适 ratio，则留空。,"Fill +1 for out/in-like forward support, -1 for in/out-like reverse support",gcst90200385/gcst90200237,gcst90200237/gcst90200385
M_450,GCST90200385,GCST90199657,Sphingosine,Sphingosine 1-phosphate,鞘氨醇支路,Sphingosine Branch,鞘脂/神经酰胺代谢,高,,,GCST90199657 / GCST90200385,GCST90200385 / GCST90199657,Sphingosine 1-phosphate / Sphingosine,Sphingosine / Sphingosine 1-phosphate,若 ratio_trait 表示 out/in，则 direction_sign=+1；若表示 in/out，则 direction_sign=-1；若该模块无合适 ratio，则留空。,"Fill +1 for out/in-like forward support, -1 for in/out-like reverse support",gcst90199657/gcst90200385,gcst90200385/gcst90199657
M_451,GCST90199673,GCST90200368,DHEAS,Cholesterol,类固醇前体/激素支路,Steroid Precursor/Hormone Branch,类固醇-胆汁酸-葡萄糖醛酸化代谢,低,,,GCST90200368 / GCST90199673,GCST90199673 / GCST90200368,Cholesterol / DHEAS,DHEAS / Cholesterol,若 ratio_trait 表示 out/in，则 direction_sign=+1；若表示 in/out，则 direction_sign=-1；若该模块无合适 ratio，则留空。,"Fill +1 for out/in-like forward support, -1 for in/out-like reverse support",gcst90200368/gcst90199673,gcst90199673/gcst90200368
M_452,GCST90199673,GCST90199896,DHEAS,Sulfate,类固醇前体/激素支路,Steroid Precursor/Hormone Branch,类固醇-胆汁酸-葡萄糖醛酸化代谢,中,,,GCST90199896 / GCST90199673,GCST90199673 / GCST90199896,Sulfate / DHEAS,DHEAS / Sulfate,若 ratio_trait 表示 out/in，则 direction_sign=+1；若表示 in/out，则 direction_sign=-1；若该模块无合适 ratio，则留空。,"Fill +1 for out/in-like forward support, -1 for in/out-like reverse support",gcst90199896/gcst90199673,gcst90199673/gcst90199896
M_453,GCST90199849,GCST90200368,21-hydroxypregnenolone disulfate,Cholesterol,类固醇前体/激素支路,Steroid Precursor/Hormone Branch,类固醇-胆汁酸-葡萄糖醛酸化代谢,低,,,GCST90200368 / GCST90199849,GCST90199849 / GCST90200368,Cholesterol / 21-hydroxypregnenolone disulfate,21-hydroxypregnenolone disulfate / Cholesterol,若 ratio_trait 表示 out/in，则 direction_sign=+1；若表示 in/out，则 direction_sign=-1；若该模块无合适 ratio，则留空。,"Fill +1 for out/in-like forward support, -1 for in/out-like reverse support",gcst90200368/gcst90199849,gcst90199849/gcst90200368
M_454,GCST90199849,GCST90199896,21-hydroxypregnenolone disulfate,Sulfate,类固醇前体/激素支路,Steroid Precursor/Hormone Branch,类固醇-胆汁酸-葡萄糖醛酸化代谢,中,,,GCST90199896 / GCST90199849,GCST90199849 / GCST90199896,Sulfate / 21-hydroxypregnenolone disulfate,21-hydroxypregnenolone disulfate / Sulfate,若 ratio_trait 表示 out/in，则 direction_sign=+1；若表示 in/out，则 direction_sign=-1；若该模块无合适 ratio，则留空。,"Fill +1 for out/in-like forward support, -1 for in/out-like reverse support",gcst90199896/gcst90199849,gcst90199849/gcst90199896
M_455,GCST90199853,GCST90200368,"5alpha-pregnan-3beta,20beta-diol monosulfate (1)",Cholesterol,类固醇前体/激素支路,Steroid Precursor/Hormone Branch,类固醇-胆汁酸-葡萄糖醛酸化代谢,低,,,GCST90200368 / GCST90199853,GCST90199853 / GCST90200368,"Cholesterol / 5alpha-pregnan-3beta,20beta-diol monosulfate (1)","5alpha-pregnan-3beta,20beta-diol monosulfate (1) / Cholesterol",若 ratio_trait 表示 out/in，则 direction_sign=+1；若表示 in/out，则 direction_sign=-1；若该模块无合适 ratio，则留空。,"Fill +1 for out/in-like forward support, -1 for in/out-like reverse support",gcst90200368/gcst90199853,gcst90199853/gcst90200368
M_456,GCST90199853,GCST90199896,"5alpha-pregnan-3beta,20beta-diol monosulfate (1)",Sulfate,类固醇前体/激素支路,Steroid Precursor/Hormone Branch,类固醇-胆汁酸-葡萄糖醛酸化代谢,中,,,GCST90199896 / GCST90199853,GCST90199853 / GCST90199896,"Sulfate / 5alpha-pregnan-3beta,20beta-diol monosulfate (1)","5alpha-pregnan-3beta,20beta-diol monosulfate (1) / Sulfate",若 ratio_trait 表示 out/in，则 direction_sign=+1；若表示 in/out，则 direction_sign=-1；若该模块无合适 ratio，则留空。,"Fill +1 for out/in-like forward support, -1 for in/out-like reverse support",gcst90199896/gcst90199853,gcst90199853/gcst90199896
M_457,GCST90199854,GCST90200368,"5alpha-pregnan-3beta,20alpha-diol monosulfate (2)",Cholesterol,类固醇前体/激素支路,Steroid Precursor/Hormone Branch,类固醇-胆汁酸-葡萄糖醛酸化代谢,低,,,GCST90200368 / GCST90199854,GCST90199854 / GCST90200368,"Cholesterol / 5alpha-pregnan-3beta,20alpha-diol monosulfate (2)","5alpha-pregnan-3beta,20alpha-diol monosulfate (2) / Cholesterol",若 ratio_trait 表示 out/in，则 direction_sign=+1；若表示 in/out，则 direction_sign=-1；若该模块无合适 ratio，则留空。,"Fill +1 for out/in-like forward support, -1 for in/out-like reverse support",gcst90200368/gcst90199854,gcst90199854/gcst90200368
M_458,GCST90199854,GCST90199896,"5alpha-pregnan-3beta,20alpha-diol monosulfate (2)",Sulfate,类固醇前体/激素支路,Steroid Precursor/Hormone Branch,类固醇-胆汁酸-葡萄糖醛酸化代谢,中,,,GCST90199896 / GCST90199854,GCST90199854 / GCST90199896,"Sulfate / 5alpha-pregnan-3beta,20alpha-diol monosulfate (2)","5alpha-pregnan-3beta,20alpha-diol monosulfate (2) / Sulfate",若 ratio_trait 表示 out/in，则 direction_sign=+1；若表示 in/out，则 direction_sign=-1；若该模块无合适 ratio，则留空。,"Fill +1 for out/in-like forward support, -1 for in/out-like reverse support",gcst90199896/gcst90199854,gcst90199854/gcst90199896
M_459,GCST90199857,GCST90200368,5alpha-pregnan-diol disulfate,Cholesterol,类固醇前体/激素支路,Steroid Precursor/Hormone Branch,类固醇-胆汁酸-葡萄糖醛酸化代谢,低,,,GCST90200368 / GCST90199857,GCST90199857 / GCST90200368,Cholesterol / 5alpha-pregnan-diol disulfate,5alpha-pregnan-diol disulfate / Cholesterol,若 ratio_trait 表示 out/in，则 direction_sign=+1；若表示 in/out，则 direction_sign=-1；若该模块无合适 ratio，则留空。,"Fill +1 for out/in-like forward support, -1 for in/out-like reverse support",gcst90200368/gcst90199857,gcst90199857/gcst90200368
M_460,GCST90199857,GCST90199896,5alpha-pregnan-diol disulfate,Sulfate,类固醇前体/激素支路,Steroid Precursor/Hormone Branch,类固醇-胆汁酸-葡萄糖醛酸化代谢,中,,,GCST90199896 / GCST90199857,GCST90199857 / GCST90199896,Sulfate / 5alpha-pregnan-diol disulfate,5alpha-pregnan-diol disulfate / Sulfate,若 ratio_trait 表示 out/in，则 direction_sign=+1；若表示 in/out，则 direction_sign=-1；若该模块无合适 ratio，则留空。,"Fill +1 for out/in-like forward support, -1 for in/out-like reverse support",gcst90199896/gcst90199857,gcst90199857/gcst90199896
M_461,GCST90199804,GCST90200368,7-alpha-hydroxy-3-oxo-4-cholestenoate (7-hoca),Cholesterol,类固醇前体/激素支路,Steroid Precursor/Hormone Branch,类固醇-胆汁酸-葡萄糖醛酸化代谢,高,,,GCST90200368 / GCST90199804,GCST90199804 / GCST90200368,Cholesterol / 7-alpha-hydroxy-3-oxo-4-cholestenoate (7-hoca),7-alpha-hydroxy-3-oxo-4-cholestenoate (7-hoca) / Cholesterol,若 ratio_trait 表示 out/in，则 direction_sign=+1；若表示 in/out，则 direction_sign=-1；若该模块无合适 ratio，则留空。,"Fill +1 for out/in-like forward support, -1 for in/out-like reverse support",gcst90200368/gcst90199804,gcst90199804/gcst90200368
M_462,GCST90199838,GCST90200368,"5alpha-pregnan-3beta,20alpha-diol disulfate",Cholesterol,类固醇前体/激素支路,Steroid Precursor/Hormone Branch,类固醇-胆汁酸-葡萄糖醛酸化代谢,低,,,GCST90200368 / GCST90199838,GCST90199838 / GCST90200368,"Cholesterol / 5alpha-pregnan-3beta,20alpha-diol disulfate","5alpha-pregnan-3beta,20alpha-diol disulfate / Cholesterol",若 ratio_trait 表示 out/in，则 direction_sign=+1；若表示 in/out，则 direction_sign=-1；若该模块无合适 ratio，则留空。,"Fill +1 for out/in-like forward support, -1 for in/out-like reverse support",gcst90200368/gcst90199838,gcst90199838/gcst90200368
M_463,GCST90199838,GCST90199896,"5alpha-pregnan-3beta,20alpha-diol disulfate",Sulfate,类固醇前体/激素支路,Steroid Precursor/Hormone Branch,类固醇-胆汁酸-葡萄糖醛酸化代谢,中,,,GCST90199896 / GCST90199838,GCST90199838 / GCST90199896,"Sulfate / 5alpha-pregnan-3beta,20alpha-diol disulfate","5alpha-pregnan-3beta,20alpha-diol disulfate / Sulfate",若 ratio_trait 表示 out/in，则 direction_sign=+1；若表示 in/out，则 direction_sign=-1；若该模块无合适 ratio，则留空。,"Fill +1 for out/in-like forward support, -1 for in/out-like reverse support",gcst90199896/gcst90199838,gcst90199838/gcst90199896
M_464,GCST90199870,GCST90200368,4-cholesten-3-one,Cholesterol,类固醇前体/激素支路,Steroid Precursor/Hormone Branch,类固醇-胆汁酸-葡萄糖醛酸化代谢,高,,,GCST90200368 / GCST90199870,GCST90199870 / GCST90200368,Cholesterol / 4-cholesten-3-one,4-cholesten-3-one / Cholesterol,若 ratio_trait 表示 out/in，则 direction_sign=+1；若表示 in/out，则 direction_sign=-1；若该模块无合适 ratio，则留空。,"Fill +1 for out/in-like forward support, -1 for in/out-like reverse support",gcst90200368/gcst90199870,gcst90199870/gcst90200368
M_465,GCST90199873,GCST90200368,Pregnenolone sulfate,Cholesterol,类固醇前体/激素支路,Steroid Precursor/Hormone Branch,类固醇-胆汁酸-葡萄糖醛酸化代谢,低,,,GCST90200368 / GCST90199873,GCST90199873 / GCST90200368,Cholesterol / Pregnenolone sulfate,Pregnenolone sulfate / Cholesterol,若 ratio_trait 表示 out/in，则 direction_sign=+1；若表示 in/out，则 direction_sign=-1；若该模块无合适 ratio，则留空。,"Fill +1 for out/in-like forward support, -1 for in/out-like reverse support",gcst90200368/gcst90199873,gcst90199873/gcst90200368
M_466,GCST90199873,GCST90199896,Pregnenolone sulfate,Sulfate,类固醇前体/激素支路,Steroid Precursor/Hormone Branch,类固醇-胆汁酸-葡萄糖醛酸化代谢,中,,,GCST90199896 / GCST90199873,GCST90199873 / GCST90199896,Sulfate / Pregnenolone sulfate,Pregnenolone sulfate / Sulfate,若 ratio_trait 表示 out/in，则 direction_sign=+1；若表示 in/out，则 direction_sign=-1；若该模块无合适 ratio，则留空。,"Fill +1 for out/in-like forward support, -1 for in/out-like reverse support",gcst90199896/gcst90199873,gcst90199873/gcst90199896
M_467,GCST90199917,GCST90200368,Pregnanediol-3-glucuronide,Cholesterol,类固醇前体/激素支路,Steroid Precursor/Hormone Branch,类固醇-胆汁酸-葡萄糖醛酸化代谢,中,,,GCST90200368 / GCST90199917,GCST90199917 / GCST90200368,Cholesterol / Pregnanediol-3-glucuronide,Pregnanediol-3-glucuronide / Cholesterol,若 ratio_trait 表示 out/in，则 direction_sign=+1；若表示 in/out，则 direction_sign=-1；若该模块无合适 ratio，则留空。,"Fill +1 for out/in-like forward support, -1 for in/out-like reverse support",gcst90200368/gcst90199917,gcst90199917/gcst90200368
M_468,GCST90199917,GCST90199641,Pregnanediol-3-glucuronide,Glucuronate,类固醇前体/激素支路,Steroid Precursor/Hormone Branch,类固醇-胆汁酸-葡萄糖醛酸化代谢,中,,,GCST90199641 / GCST90199917,GCST90199917 / GCST90199641,Glucuronate / Pregnanediol-3-glucuronide,Pregnanediol-3-glucuronide / Glucuronate,若 ratio_trait 表示 out/in，则 direction_sign=+1；若表示 in/out，则 direction_sign=-1；若该模块无合适 ratio，则留空。,"Fill +1 for out/in-like forward support, -1 for in/out-like reverse support",gcst90199641/gcst90199917,gcst90199917/gcst90199641
M_469,GCST90199752,GCST90200368,Epiandrosterone sulfate,Cholesterol,类固醇前体/激素支路,Steroid Precursor/Hormone Branch,类固醇-胆汁酸-葡萄糖醛酸化代谢,低,,,GCST90200368 / GCST90199752,GCST90199752 / GCST90200368,Cholesterol / Epiandrosterone sulfate,Epiandrosterone sulfate / Cholesterol,若 ratio_trait 表示 out/in，则 direction_sign=+1；若表示 in/out，则 direction_sign=-1；若该模块无合适 ratio，则留空。,"Fill +1 for out/in-like forward support, -1 for in/out-like reverse support",gcst90200368/gcst90199752,gcst90199752/gcst90200368
M_470,GCST90199752,GCST90199896,Epiandrosterone sulfate,Sulfate,类固醇前体/激素支路,Steroid Precursor/Hormone Branch,类固醇-胆汁酸-葡萄糖醛酸化代谢,中,,,GCST90199896 / GCST90199752,GCST90199752 / GCST90199896,Sulfate / Epiandrosterone sulfate,Epiandrosterone sulfate / Sulfate,若 ratio_trait 表示 out/in，则 direction_sign=+1；若表示 in/out，则 direction_sign=-1；若该模块无合适 ratio，则留空。,"Fill +1 for out/in-like forward support, -1 for in/out-like reverse support",gcst90199896/gcst90199752,gcst90199752/gcst90199896
M_471,GCST90199963,GCST90200368,17alpha-hydroxypregnanolone glucuronide,Cholesterol,类固醇前体/激素支路,Steroid Precursor/Hormone Branch,类固醇-胆汁酸-葡萄糖醛酸化代谢,中,,,GCST90200368 / GCST90199963,GCST90199963 / GCST90200368,Cholesterol / 17alpha-hydroxypregnanolone glucuronide,17alpha-hydroxypregnanolone glucuronide / Cholesterol,若 ratio_trait 表示 out/in，则 direction_sign=+1；若表示 in/out，则 direction_sign=-1；若该模块无合适 ratio，则留空。,"Fill +1 for out/in-like forward support, -1 for in/out-like reverse support",gcst90200368/gcst90199963,gcst90199963/gcst90200368
M_472,GCST90199963,GCST90199641,17alpha-hydroxypregnanolone glucuronide,Glucuronate,类固醇前体/激素支路,Steroid Precursor/Hormone Branch,类固醇-胆汁酸-葡萄糖醛酸化代谢,中,,,GCST90199641 / GCST90199963,GCST90199963 / GCST90199641,Glucuronate / 17alpha-hydroxypregnanolone glucuronide,17alpha-hydroxypregnanolone glucuronide / Glucuronate,若 ratio_trait 表示 out/in，则 direction_sign=+1；若表示 in/out，则 direction_sign=-1；若该模块无合适 ratio，则留空。,"Fill +1 for out/in-like forward support, -1 for in/out-like reverse support",gcst90199641/gcst90199963,gcst90199963/gcst90199641
M_473,GCST90199964,GCST90200368,Etiocholanolone glucuronide,Cholesterol,类固醇前体/激素支路,Steroid Precursor/Hormone Branch,类固醇-胆汁酸-葡萄糖醛酸化代谢,中,,,GCST90200368 / GCST90199964,GCST90199964 / GCST90200368,Cholesterol / Etiocholanolone glucuronide,Etiocholanolone glucuronide / Cholesterol,若 ratio_trait 表示 out/in，则 direction_sign=+1；若表示 in/out，则 direction_sign=-1；若该模块无合适 ratio，则留空。,"Fill +1 for out/in-like forward support, -1 for in/out-like reverse support",gcst90200368/gcst90199964,gcst90199964/gcst90200368
M_474,GCST90199964,GCST90199641,Etiocholanolone glucuronide,Glucuronate,类固醇前体/激素支路,Steroid Precursor/Hormone Branch,类固醇-胆汁酸-葡萄糖醛酸化代谢,中,GCST90201019,1.0,GCST90199641 / GCST90199964,GCST90199964 / GCST90199641,Glucuronate / Etiocholanolone glucuronide,Etiocholanolone glucuronide / Glucuronate,若 ratio_trait 表示 out/in，则 direction_sign=+1；若表示 in/out，则 direction_sign=-1；若该模块无合适 ratio，则留空。,"Fill +1 for out/in-like forward support, -1 for in/out-like reverse support",gcst90199641/gcst90199964,gcst90199964/gcst90199641
M_475,GCST90200014,GCST90200368,3beta-hydroxy-5-cholestenoate,Cholesterol,类固醇前体/激素支路,Steroid Precursor/Hormone Branch,类固醇-胆汁酸-葡萄糖醛酸化代谢,高,,,GCST90200368 / GCST90200014,GCST90200014 / GCST90200368,Cholesterol / 3beta-hydroxy-5-cholestenoate,3beta-hydroxy-5-cholestenoate / Cholesterol,若 ratio_trait 表示 out/in，则 direction_sign=+1；若表示 in/out，则 direction_sign=-1；若该模块无合适 ratio，则留空。,"Fill +1 for out/in-like forward support, -1 for in/out-like reverse support",gcst90200368/gcst90200014,gcst90200014/gcst90200368
M_476,GCST90199933,GCST90200368,3b-hydroxy-5-cholenoic acid,Cholesterol,类固醇前体/激素支路,Steroid Precursor/Hormone Branch,类固醇-胆汁酸-葡萄糖醛酸化代谢,高,,,GCST90200368 / GCST90199933,GCST90199933 / GCST90200368,Cholesterol / 3b-hydroxy-5-cholenoic acid,3b-hydroxy-5-cholenoic acid / Cholesterol,若 ratio_trait 表示 out/in，则 direction_sign=+1；若表示 in/out，则 direction_sign=-1；若该模块无合适 ratio，则留空。,"Fill +1 for out/in-like forward support, -1 for in/out-like reverse support",gcst90200368/gcst90199933,gcst90199933/gcst90200368
M_477,GCST90200267,GCST90200378,Tetrahydrocortisol glucuronide,Cortisol,类固醇前体/激素支路,Steroid Precursor/Hormone Branch,类固醇-胆汁酸-葡萄糖醛酸化代谢,高,,,GCST90200378 / GCST90200267,GCST90200267 / GCST90200378,Cortisol / Tetrahydrocortisol glucuronide,Tetrahydrocortisol glucuronide / Cortisol,若 ratio_trait 表示 out/in，则 direction_sign=+1；若表示 in/out，则 direction_sign=-1；若该模块无合适 ratio，则留空。,"Fill +1 for out/in-like forward support, -1 for in/out-like reverse support",gcst90200378/gcst90200267,gcst90200267/gcst90200378
M_478,GCST90200214,GCST90200368,11beta-hydroxyandrosterone glucuronide,Cholesterol,类固醇前体/激素支路,Steroid Precursor/Hormone Branch,类固醇-胆汁酸-葡萄糖醛酸化代谢,中,,,GCST90200368 / GCST90200214,GCST90200214 / GCST90200368,Cholesterol / 11beta-hydroxyandrosterone glucuronide,11beta-hydroxyandrosterone glucuronide / Cholesterol,若 ratio_trait 表示 out/in，则 direction_sign=+1；若表示 in/out，则 direction_sign=-1；若该模块无合适 ratio，则留空。,"Fill +1 for out/in-like forward support, -1 for in/out-like reverse support",gcst90200368/gcst90200214,gcst90200214/gcst90200368
M_479,GCST90200214,GCST90199641,11beta-hydroxyandrosterone glucuronide,Glucuronate,类固醇前体/激素支路,Steroid Precursor/Hormone Branch,类固醇-胆汁酸-葡萄糖醛酸化代谢,中,,,GCST90199641 / GCST90200214,GCST90200214 / GCST90199641,Glucuronate / 11beta-hydroxyandrosterone glucuronide,11beta-hydroxyandrosterone glucuronide / Glucuronate,若 ratio_trait 表示 out/in，则 direction_sign=+1；若表示 in/out，则 direction_sign=-1；若该模块无合适 ratio，则留空。,"Fill +1 for out/in-like forward support, -1 for in/out-like reverse support",gcst90199641/gcst90200214,gcst90200214/gcst90199641
M_480,GCST90200218,GCST90200368,11beta-hydroxyetiocholanolone glucuronide,Cholesterol,类固醇前体/激素支路,Steroid Precursor/Hormone Branch,类固醇-胆汁酸-葡萄糖醛酸化代谢,中,,,GCST90200368 / GCST90200218,GCST90200218 / GCST90200368,Cholesterol / 11beta-hydroxyetiocholanolone glucuronide,11beta-hydroxyetiocholanolone glucuronide / Cholesterol,若 ratio_trait 表示 out/in，则 direction_sign=+1；若表示 in/out，则 direction_sign=-1；若该模块无合适 ratio，则留空。,"Fill +1 for out/in-like forward support, -1 for in/out-like reverse support",gcst90200368/gcst90200218,gcst90200218/gcst90200368
M_481,GCST90200218,GCST90199641,11beta-hydroxyetiocholanolone glucuronide,Glucuronate,类固醇前体/激素支路,Steroid Precursor/Hormone Branch,类固醇-胆汁酸-葡萄糖醛酸化代谢,中,,,GCST90199641 / GCST90200218,GCST90200218 / GCST90199641,Glucuronate / 11beta-hydroxyetiocholanolone glucuronide,11beta-hydroxyetiocholanolone glucuronide / Glucuronate,若 ratio_trait 表示 out/in，则 direction_sign=+1；若表示 in/out，则 direction_sign=-1；若该模块无合适 ratio，则留空。,"Fill +1 for out/in-like forward support, -1 for in/out-like reverse support",gcst90199641/gcst90200218,gcst90200218/gcst90199641
M_482,GCST90200360,GCST90200378,Cortisone,Cortisol,类固醇前体/激素支路,Steroid Precursor/Hormone Branch,类固醇-胆汁酸-葡萄糖醛酸化代谢,高,GCST90200751,-1.0,GCST90200378 / GCST90200360,GCST90200360 / GCST90200378,Cortisol / Cortisone,Cortisone / Cortisol,若 ratio_trait 表示 out/in，则 direction_sign=+1；若表示 in/out，则 direction_sign=-1；若该模块无合适 ratio，则留空。,"Fill +1 for out/in-like forward support, -1 for in/out-like reverse support",gcst90200378/gcst90200360,gcst90200360/gcst90200378
M_483,GCST90200368,GCST90199873,Cholesterol,Pregnenolone sulfate,类固醇前体/激素支路,Steroid Precursor/Hormone Branch,类固醇-胆汁酸-葡萄糖醛酸化代谢,中,,,GCST90199873 / GCST90200368,GCST90200368 / GCST90199873,Pregnenolone sulfate / Cholesterol,Cholesterol / Pregnenolone sulfate,若 ratio_trait 表示 out/in，则 direction_sign=+1；若表示 in/out，则 direction_sign=-1；若该模块无合适 ratio，则留空。,"Fill +1 for out/in-like forward support, -1 for in/out-like reverse support",gcst90199873/gcst90200368,gcst90200368/gcst90199873
M_484,GCST90200368,GCST90200321,Cholesterol,Cholate,类固醇前体/激素支路,Steroid Precursor/Hormone Branch,类固醇-胆汁酸-葡萄糖醛酸化代谢,中,,,GCST90200321 / GCST90200368,GCST90200368 / GCST90200321,Cholate / Cholesterol,Cholesterol / Cholate,若 ratio_trait 表示 out/in，则 direction_sign=+1；若表示 in/out，则 direction_sign=-1；若该模块无合适 ratio，则留空。,"Fill +1 for out/in-like forward support, -1 for in/out-like reverse support",gcst90200321/gcst90200368,gcst90200368/gcst90200321
M_485,GCST90200378,GCST90200360,Cortisol,Cortisone,类固醇前体/激素支路,Steroid Precursor/Hormone Branch,类固醇-胆汁酸-葡萄糖醛酸化代谢,高,GCST90200751,1.0,GCST90200360 / GCST90200378,GCST90200378 / GCST90200360,Cortisone / Cortisol,Cortisol / Cortisone,若 ratio_trait 表示 out/in，则 direction_sign=+1；若表示 in/out，则 direction_sign=-1；若该模块无合适 ratio，则留空。,"Fill +1 for out/in-like forward support, -1 for in/out-like reverse support",gcst90200360/gcst90200378,gcst90200378/gcst90200360
M_486,GCST90200688,GCST90200368,Androsterone glucuronide,Cholesterol,类固醇前体/激素支路,Steroid Precursor/Hormone Branch,类固醇-胆汁酸-葡萄糖醛酸化代谢,中,,,GCST90200368 / GCST90200688,GCST90200688 / GCST90200368,Cholesterol / Androsterone glucuronide,Androsterone glucuronide / Cholesterol,若 ratio_trait 表示 out/in，则 direction_sign=+1；若表示 in/out，则 direction_sign=-1；若该模块无合适 ratio，则留空。,"Fill +1 for out/in-like forward support, -1 for in/out-like reverse support",gcst90200368/gcst90200688,gcst90200688/gcst90200368
M_487,GCST90200688,GCST90199641,Androsterone glucuronide,Glucuronate,类固醇前体/激素支路,Steroid Precursor/Hormone Branch,类固醇-胆汁酸-葡萄糖醛酸化代谢,中,GCST90201014,1.0,GCST90199641 / GCST90200688,GCST90200688 / GCST90199641,Glucuronate / Androsterone glucuronide,Androsterone glucuronide / Glucuronate,若 ratio_trait 表示 out/in，则 direction_sign=+1；若表示 in/out，则 direction_sign=-1；若该模块无合适 ratio，则留空。,"Fill +1 for out/in-like forward support, -1 for in/out-like reverse support",gcst90199641/gcst90200688,gcst90200688/gcst90199641
M_488,GCST90200674,GCST90200368,Androsterone sulfate,Cholesterol,类固醇前体/激素支路,Steroid Precursor/Hormone Branch,类固醇-胆汁酸-葡萄糖醛酸化代谢,低,,,GCST90200368 / GCST90200674,GCST90200674 / GCST90200368,Cholesterol / Androsterone sulfate,Androsterone sulfate / Cholesterol,若 ratio_trait 表示 out/in，则 direction_sign=+1；若表示 in/out，则 direction_sign=-1；若该模块无合适 ratio，则留空。,"Fill +1 for out/in-like forward support, -1 for in/out-like reverse support",gcst90200368/gcst90200674,gcst90200674/gcst90200368
M_489,GCST90200674,GCST90199896,Androsterone sulfate,Sulfate,类固醇前体/激素支路,Steroid Precursor/Hormone Branch,类固醇-胆汁酸-葡萄糖醛酸化代谢,中,,,GCST90199896 / GCST90200674,GCST90200674 / GCST90199896,Sulfate / Androsterone sulfate,Androsterone sulfate / Sulfate,若 ratio_trait 表示 out/in，则 direction_sign=+1；若表示 in/out，则 direction_sign=-1；若该模块无合适 ratio，则留空。,"Fill +1 for out/in-like forward support, -1 for in/out-like reverse support",gcst90199896/gcst90200674,gcst90200674/gcst90199896
M_490,GCST90199689,GCST90200321,Glycolithocholate,Cholate,胆汁酸支路,Bile Acid Branch,类固醇-胆汁酸-葡萄糖醛酸化代谢,中,,,GCST90200321 / GCST90199689,GCST90199689 / GCST90200321,Cholate / Glycolithocholate,Glycolithocholate / Cholate,若 ratio_trait 表示 out/in，则 direction_sign=+1；若表示 in/out，则 direction_sign=-1；若该模块无合适 ratio，则留空。,"Fill +1 for out/in-like forward support, -1 for in/out-like reverse support",gcst90200321/gcst90199689,gcst90199689/gcst90200321
M_491,GCST90199643,GCST90200386,Glycodeoxycholate,Deoxycholate,胆汁酸支路,Bile Acid Branch,类固醇-胆汁酸-葡萄糖醛酸化代谢,高,,,GCST90200386 / GCST90199643,GCST90199643 / GCST90200386,Deoxycholate / Glycodeoxycholate,Glycodeoxycholate / Deoxycholate,若 ratio_trait 表示 out/in，则 direction_sign=+1；若表示 in/out，则 direction_sign=-1；若该模块无合适 ratio，则留空。,"Fill +1 for out/in-like forward support, -1 for in/out-like reverse support",gcst90200386/gcst90199643,gcst90199643/gcst90200386
M_492,GCST90199809,GCST90200321,Taurolithocholate 3-sulfate,Cholate,胆汁酸支路,Bile Acid Branch,类固醇-胆汁酸-葡萄糖醛酸化代谢,中,,,GCST90200321 / GCST90199809,GCST90199809 / GCST90200321,Cholate / Taurolithocholate 3-sulfate,Taurolithocholate 3-sulfate / Cholate,若 ratio_trait 表示 out/in，则 direction_sign=+1；若表示 in/out，则 direction_sign=-1；若该模块无合适 ratio，则留空。,"Fill +1 for out/in-like forward support, -1 for in/out-like reverse support",gcst90200321/gcst90199809,gcst90199809/gcst90200321
M_493,GCST90199811,GCST90200321,Glycolithocholate sulfate,Cholate,胆汁酸支路,Bile Acid Branch,类固醇-胆汁酸-葡萄糖醛酸化代谢,中,,,GCST90200321 / GCST90199811,GCST90199811 / GCST90200321,Cholate / Glycolithocholate sulfate,Glycolithocholate sulfate / Cholate,若 ratio_trait 表示 out/in，则 direction_sign=+1；若表示 in/out，则 direction_sign=-1；若该模块无合适 ratio，则留空。,"Fill +1 for out/in-like forward support, -1 for in/out-like reverse support",gcst90200321/gcst90199811,gcst90199811/gcst90200321
M_494,GCST90199892,GCST90200321,Isoursodeoxycholate,Cholate,胆汁酸支路,Bile Acid Branch,类固醇-胆汁酸-葡萄糖醛酸化代谢,低,,,GCST90200321 / GCST90199892,GCST90199892 / GCST90200321,Cholate / Isoursodeoxycholate,Isoursodeoxycholate / Cholate,若 ratio_trait 表示 out/in，则 direction_sign=+1；若表示 in/out，则 direction_sign=-1；若该模块无合适 ratio，则留空。,"Fill +1 for out/in-like forward support, -1 for in/out-like reverse support",gcst90200321/gcst90199892,gcst90199892/gcst90200321
M_495,GCST90199719,GCST90200321,Tauro-beta-muricholate,Cholate,胆汁酸支路,Bile Acid Branch,类固醇-胆汁酸-葡萄糖醛酸化代谢,中,,,GCST90200321 / GCST90199719,GCST90199719 / GCST90200321,Cholate / Tauro-beta-muricholate,Tauro-beta-muricholate / Cholate,若 ratio_trait 表示 out/in，则 direction_sign=+1；若表示 in/out，则 direction_sign=-1；若该模块无合适 ratio，则留空。,"Fill +1 for out/in-like forward support, -1 for in/out-like reverse support",gcst90200321/gcst90199719,gcst90199719/gcst90200321
M_496,GCST90199898,GCST90200297,Glycoursodeoxycholate,Ursodeoxycholate,胆汁酸支路,Bile Acid Branch,类固醇-胆汁酸-葡萄糖醛酸化代谢,高,,,GCST90200297 / GCST90199898,GCST90199898 / GCST90200297,Ursodeoxycholate / Glycoursodeoxycholate,Glycoursodeoxycholate / Ursodeoxycholate,若 ratio_trait 表示 out/in，则 direction_sign=+1；若表示 in/out，则 direction_sign=-1；若该模块无合适 ratio，则留空。,"Fill +1 for out/in-like forward support, -1 for in/out-like reverse support",gcst90200297/gcst90199898,gcst90199898/gcst90200297
M_497,GCST90199734,GCST90200321,Hyocholate,Cholate,胆汁酸支路,Bile Acid Branch,类固醇-胆汁酸-葡萄糖醛酸化代谢,低,,,GCST90200321 / GCST90199734,GCST90199734 / GCST90200321,Cholate / Hyocholate,Hyocholate / Cholate,若 ratio_trait 表示 out/in，则 direction_sign=+1；若表示 in/out，则 direction_sign=-1；若该模块无合适 ratio，则留空。,"Fill +1 for out/in-like forward support, -1 for in/out-like reverse support",gcst90200321/gcst90199734,gcst90199734/gcst90200321
M_498,GCST90200092,GCST90200321,Glycocholate glucuronide (1),Cholate,胆汁酸支路,Bile Acid Branch,类固醇-胆汁酸-葡萄糖醛酸化代谢,中,,,GCST90200321 / GCST90200092,GCST90200092 / GCST90200321,Cholate / Glycocholate glucuronide (1),Glycocholate glucuronide (1) / Cholate,若 ratio_trait 表示 out/in，则 direction_sign=+1；若表示 in/out，则 direction_sign=-1；若该模块无合适 ratio，则留空。,"Fill +1 for out/in-like forward support, -1 for in/out-like reverse support",gcst90200321/gcst90200092,gcst90200092/gcst90200321
M_499,GCST90200022,GCST90200321,Glycochenodeoxycholate 3-sulfate,Cholate,胆汁酸支路,Bile Acid Branch,类固醇-胆汁酸-葡萄糖醛酸化代谢,中,,,GCST90200321 / GCST90200022,GCST90200022 / GCST90200321,Cholate / Glycochenodeoxycholate 3-sulfate,Glycochenodeoxycholate 3-sulfate / Cholate,若 ratio_trait 表示 out/in，则 direction_sign=+1；若表示 in/out，则 direction_sign=-1；若该模块无合适 ratio，则留空。,"Fill +1 for out/in-like forward support, -1 for in/out-like reverse support",gcst90200321/gcst90200022,gcst90200022/gcst90200321
M_500,GCST90200026,GCST90200321,Glycodeoxycholate 3-sulfate,Cholate,胆汁酸支路,Bile Acid Branch,类固醇-胆汁酸-葡萄糖醛酸化代谢,中,,,GCST90200321 / GCST90200026,GCST90200026 / GCST90200321,Cholate / Glycodeoxycholate 3-sulfate,Glycodeoxycholate 3-sulfate / Cholate,若 ratio_trait 表示 out/in，则 direction_sign=+1；若表示 in/out，则 direction_sign=-1；若该模块无合适 ratio，则留空。,"Fill +1 for out/in-like forward support, -1 for in/out-like reverse support",gcst90200321/gcst90200026,gcst90200026/gcst90200321
M_501,GCST90199935,GCST90200321,Glycohyocholate,Cholate,胆汁酸支路,Bile Acid Branch,类固醇-胆汁酸-葡萄糖醛酸化代谢,中,,,GCST90200321 / GCST90199935,GCST90199935 / GCST90200321,Cholate / Glycohyocholate,Glycohyocholate / Cholate,若 ratio_trait 表示 out/in，则 direction_sign=+1；若表示 in/out，则 direction_sign=-1；若该模块无合适 ratio，则留空。,"Fill +1 for out/in-like forward support, -1 for in/out-like reverse support",gcst90200321/gcst90199935,gcst90199935/gcst90200321
M_502,GCST90200221,GCST90200297,Glycoursodeoxycholic acid sulfate (1),Ursodeoxycholate,胆汁酸支路,Bile Acid Branch,类固醇-胆汁酸-葡萄糖醛酸化代谢,中,,,GCST90200297 / GCST90200221,GCST90200221 / GCST90200297,Ursodeoxycholate / Glycoursodeoxycholic acid sulfate (1),Glycoursodeoxycholic acid sulfate (1) / Ursodeoxycholate,若 ratio_trait 表示 out/in，则 direction_sign=+1；若表示 in/out，则 direction_sign=-1；若该模块无合适 ratio，则留空。,"Fill +1 for out/in-like forward support, -1 for in/out-like reverse support",gcst90200297/gcst90200221,gcst90200221/gcst90200297
M_503,GCST90200231,GCST90200321,Lithocholate sulfate (1),Cholate,胆汁酸支路,Bile Acid Branch,类固醇-胆汁酸-葡萄糖醛酸化代谢,低,,,GCST90200321 / GCST90200231,GCST90200231 / GCST90200321,Cholate / Lithocholate sulfate (1),Lithocholate sulfate (1) / Cholate,若 ratio_trait 表示 out/in，则 direction_sign=+1；若表示 in/out，则 direction_sign=-1；若该模块无合适 ratio，则留空。,"Fill +1 for out/in-like forward support, -1 for in/out-like reverse support",gcst90200321/gcst90200231,gcst90200231/gcst90200321
M_504,GCST90200242,GCST90200337,Taurochenodeoxycholic acid 3-sulfate,Taurochenodeoxycholate,胆汁酸支路,Bile Acid Branch,类固醇-胆汁酸-葡萄糖醛酸化代谢,低,,,GCST90200337 / GCST90200242,GCST90200242 / GCST90200337,Taurochenodeoxycholate / Taurochenodeoxycholic acid 3-sulfate,Taurochenodeoxycholic acid 3-sulfate / Taurochenodeoxycholate,若 ratio_trait 表示 out/in，则 direction_sign=+1；若表示 in/out，则 direction_sign=-1；若该模块无合适 ratio，则留空。,"Fill +1 for out/in-like forward support, -1 for in/out-like reverse support",gcst90200337/gcst90200242,gcst90200242/gcst90200337
M_505,GCST90200179,GCST90200321,Glyco-beta-muricholate,Cholate,胆汁酸支路,Bile Acid Branch,类固醇-胆汁酸-葡萄糖醛酸化代谢,中,,,GCST90200321 / GCST90200179,GCST90200179 / GCST90200321,Cholate / Glyco-beta-muricholate,Glyco-beta-muricholate / Cholate,若 ratio_trait 表示 out/in，则 direction_sign=+1；若表示 in/out，则 direction_sign=-1；若该模块无合适 ratio，则留空。,"Fill +1 for out/in-like forward support, -1 for in/out-like reverse support",gcst90200321/gcst90200179,gcst90200179/gcst90200321
M_506,GCST90200321,GCST90200333,Cholate,Taurocholate,胆汁酸支路,Bile Acid Branch,类固醇-胆汁酸-葡萄糖醛酸化代谢,高,GCST90200724,-1.0,GCST90200333 / GCST90200321,GCST90200321 / GCST90200333,Taurocholate / Cholate,Cholate / Taurocholate,若 ratio_trait 表示 out/in，则 direction_sign=+1；若表示 in/out，则 direction_sign=-1；若该模块无合适 ratio，则留空。,"Fill +1 for out/in-like forward support, -1 for in/out-like reverse support",gcst90200333/gcst90200321,gcst90200321/gcst90200333
M_507,GCST90200321,GCST90200387,Cholate,Glycocholate,胆汁酸支路,Bile Acid Branch,类固醇-胆汁酸-葡萄糖醛酸化代谢,高,,,GCST90200387 / GCST90200321,GCST90200321 / GCST90200387,Glycocholate / Cholate,Cholate / Glycocholate,若 ratio_trait 表示 out/in，则 direction_sign=+1；若表示 in/out，则 direction_sign=-1；若该模块无合适 ratio，则留空。,"Fill +1 for out/in-like forward support, -1 for in/out-like reverse support",gcst90200387/gcst90200321,gcst90200321/gcst90200387
M_508,GCST90200333,GCST90200321,Taurocholate,Cholate,胆汁酸支路,Bile Acid Branch,类固醇-胆汁酸-葡萄糖醛酸化代谢,高,GCST90200724,1.0,GCST90200321 / GCST90200333,GCST90200333 / GCST90200321,Cholate / Taurocholate,Taurocholate / Cholate,若 ratio_trait 表示 out/in，则 direction_sign=+1；若表示 in/out，则 direction_sign=-1；若该模块无合适 ratio，则留空。,"Fill +1 for out/in-like forward support, -1 for in/out-like reverse support",gcst90200321/gcst90200333,gcst90200333/gcst90200321
M_509,GCST90200334,GCST90200386,Taurodeoxycholate,Deoxycholate,胆汁酸支路,Bile Acid Branch,类固醇-胆汁酸-葡萄糖醛酸化代谢,高,,,GCST90200386 / GCST90200334,GCST90200334 / GCST90200386,Deoxycholate / Taurodeoxycholate,Taurodeoxycholate / Deoxycholate,若 ratio_trait 表示 out/in，则 direction_sign=+1；若表示 in/out，则 direction_sign=-1；若该模块无合适 ratio，则留空。,"Fill +1 for out/in-like forward support, -1 for in/out-like reverse support",gcst90200386/gcst90200334,gcst90200334/gcst90200386
M_510,GCST90200337,GCST90200321,Taurochenodeoxycholate,Cholate,胆汁酸支路,Bile Acid Branch,类固醇-胆汁酸-葡萄糖醛酸化代谢,中,,,GCST90200321 / GCST90200337,GCST90200337 / GCST90200321,Cholate / Taurochenodeoxycholate,Taurochenodeoxycholate / Cholate,若 ratio_trait 表示 out/in，则 direction_sign=+1；若表示 in/out，则 direction_sign=-1；若该模块无合适 ratio，则留空。,"Fill +1 for out/in-like forward support, -1 for in/out-like reverse support",gcst90200321/gcst90200337,gcst90200337/gcst90200321
M_511,GCST90200342,GCST90200321,Glycochenodeoxycholate,Cholate,胆汁酸支路,Bile Acid Branch,类固醇-胆汁酸-葡萄糖醛酸化代谢,中,,,GCST90200321 / GCST90200342,GCST90200342 / GCST90200321,Cholate / Glycochenodeoxycholate,Glycochenodeoxycholate / Cholate,若 ratio_trait 表示 out/in，则 direction_sign=+1；若表示 in/out，则 direction_sign=-1；若该模块无合适 ratio，则留空。,"Fill +1 for out/in-like forward support, -1 for in/out-like reverse support",gcst90200321/gcst90200342,gcst90200342/gcst90200321
M_512,GCST90200297,GCST90199898,Ursodeoxycholate,Glycoursodeoxycholate,胆汁酸支路,Bile Acid Branch,类固醇-胆汁酸-葡萄糖醛酸化代谢,高,,,GCST90199898 / GCST90200297,GCST90200297 / GCST90199898,Glycoursodeoxycholate / Ursodeoxycholate,Ursodeoxycholate / Glycoursodeoxycholate,若 ratio_trait 表示 out/in，则 direction_sign=+1；若表示 in/out，则 direction_sign=-1；若该模块无合适 ratio，则留空。,"Fill +1 for out/in-like forward support, -1 for in/out-like reverse support",gcst90199898/gcst90200297,gcst90200297/gcst90199898
M_513,GCST90200386,GCST90199643,Deoxycholate,Glycodeoxycholate,胆汁酸支路,Bile Acid Branch,类固醇-胆汁酸-葡萄糖醛酸化代谢,高,,,GCST90199643 / GCST90200386,GCST90200386 / GCST90199643,Glycodeoxycholate / Deoxycholate,Deoxycholate / Glycodeoxycholate,若 ratio_trait 表示 out/in，则 direction_sign=+1；若表示 in/out，则 direction_sign=-1；若该模块无合适 ratio，则留空。,"Fill +1 for out/in-like forward support, -1 for in/out-like reverse support",gcst90199643/gcst90200386,gcst90200386/gcst90199643
M_514,GCST90200386,GCST90200334,Deoxycholate,Taurodeoxycholate,胆汁酸支路,Bile Acid Branch,类固醇-胆汁酸-葡萄糖醛酸化代谢,高,,,GCST90200334 / GCST90200386,GCST90200386 / GCST90200334,Taurodeoxycholate / Deoxycholate,Deoxycholate / Taurodeoxycholate,若 ratio_trait 表示 out/in，则 direction_sign=+1；若表示 in/out，则 direction_sign=-1；若该模块无合适 ratio，则留空。,"Fill +1 for out/in-like forward support, -1 for in/out-like reverse support",gcst90200334/gcst90200386,gcst90200386/gcst90200334
M_515,GCST90200387,GCST90200321,Glycocholate,Cholate,胆汁酸支路,Bile Acid Branch,类固醇-胆汁酸-葡萄糖醛酸化代谢,高,,,GCST90200321 / GCST90200387,GCST90200387 / GCST90200321,Cholate / Glycocholate,Glycocholate / Cholate,若 ratio_trait 表示 out/in，则 direction_sign=+1；若表示 in/out，则 direction_sign=-1；若该模块无合适 ratio，则留空。,"Fill +1 for out/in-like forward support, -1 for in/out-like reverse support",gcst90200321/gcst90200387,gcst90200387/gcst90200321
M_516,GCST90200693,GCST90200321,Glycochenodeoxycholate glucuronide (1),Cholate,胆汁酸支路,Bile Acid Branch,类固醇-胆汁酸-葡萄糖醛酸化代谢,中,,,GCST90200321 / GCST90200693,GCST90200693 / GCST90200321,Cholate / Glycochenodeoxycholate glucuronide (1),Glycochenodeoxycholate glucuronide (1) / Cholate,若 ratio_trait 表示 out/in，则 direction_sign=+1；若表示 in/out，则 direction_sign=-1；若该模块无合适 ratio，则留空。,"Fill +1 for out/in-like forward support, -1 for in/out-like reverse support",gcst90200321/gcst90200693,gcst90200693/gcst90200321
M_517,GCST90199671,GCST90199896,Cysteine s-sulfate,Sulfate,葡糖醛酸/硫酸结合物,Glucuronide/Sulfate Conjugates,类固醇-胆汁酸-葡萄糖醛酸化代谢,高,,,GCST90199896 / GCST90199671,GCST90199671 / GCST90199896,Sulfate / Cysteine s-sulfate,Cysteine s-sulfate / Sulfate,若 ratio_trait 表示 out/in，则 direction_sign=+1；若表示 in/out，则 direction_sign=-1；若该模块无合适 ratio，则留空。,"Fill +1 for out/in-like forward support, -1 for in/out-like reverse support",gcst90199896/gcst90199671,gcst90199671/gcst90199896
M_518,GCST90199671,GCST90200439,Cysteine s-sulfate,Cysteine,葡糖醛酸/硫酸结合物,Glucuronide/Sulfate Conjugates,类固醇-胆汁酸-葡萄糖醛酸化代谢,中,,,GCST90200439 / GCST90199671,GCST90199671 / GCST90200439,Cysteine / Cysteine s-sulfate,Cysteine s-sulfate / Cysteine,若 ratio_trait 表示 out/in，则 direction_sign=+1；若表示 in/out，则 direction_sign=-1；若该模块无合适 ratio，则留空。,"Fill +1 for out/in-like forward support, -1 for in/out-like reverse support",gcst90200439/gcst90199671,gcst90199671/gcst90200439
M_519,GCST90199656,GCST90199896,3-indoxyl sulfate,Sulfate,葡糖醛酸/硫酸结合物,Glucuronide/Sulfate Conjugates,类固醇-胆汁酸-葡萄糖醛酸化代谢,高,,,GCST90199896 / GCST90199656,GCST90199656 / GCST90199896,Sulfate / 3-indoxyl sulfate,3-indoxyl sulfate / Sulfate,若 ratio_trait 表示 out/in，则 direction_sign=+1；若表示 in/out，则 direction_sign=-1；若该模块无合适 ratio，则留空。,"Fill +1 for out/in-like forward support, -1 for in/out-like reverse support",gcst90199896/gcst90199656,gcst90199656/gcst90199896
M_520,GCST90199663,GCST90199896,4-acetylphenol sulfate,Sulfate,葡糖醛酸/硫酸结合物,Glucuronide/Sulfate Conjugates,类固醇-胆汁酸-葡萄糖醛酸化代谢,高,,,GCST90199896 / GCST90199663,GCST90199663 / GCST90199896,Sulfate / 4-acetylphenol sulfate,4-acetylphenol sulfate / Sulfate,若 ratio_trait 表示 out/in，则 direction_sign=+1；若表示 in/out，则 direction_sign=-1；若该模块无合适 ratio，则留空。,"Fill +1 for out/in-like forward support, -1 for in/out-like reverse support",gcst90199896/gcst90199663,gcst90199663/gcst90199896
M_521,GCST90199847,GCST90199896,4-allylphenol sulfate,Sulfate,葡糖醛酸/硫酸结合物,Glucuronide/Sulfate Conjugates,类固醇-胆汁酸-葡萄糖醛酸化代谢,高,,,GCST90199896 / GCST90199847,GCST90199847 / GCST90199896,Sulfate / 4-allylphenol sulfate,4-allylphenol sulfate / Sulfate,若 ratio_trait 表示 out/in，则 direction_sign=+1；若表示 in/out，则 direction_sign=-1；若该模块无合适 ratio，则留空。,"Fill +1 for out/in-like forward support, -1 for in/out-like reverse support",gcst90199896/gcst90199847,gcst90199847/gcst90199896
M_522,GCST90199850,GCST90199896,"5alpha-androstan-3alpha,17alpha-diol monosulfate",Sulfate,葡糖醛酸/硫酸结合物,Glucuronide/Sulfate Conjugates,类固醇-胆汁酸-葡萄糖醛酸化代谢,高,,,GCST90199896 / GCST90199850,GCST90199850 / GCST90199896,"Sulfate / 5alpha-androstan-3alpha,17alpha-diol monosulfate","5alpha-androstan-3alpha,17alpha-diol monosulfate / Sulfate",若 ratio_trait 表示 out/in，则 direction_sign=+1；若表示 in/out，则 direction_sign=-1；若该模块无合适 ratio，则留空。,"Fill +1 for out/in-like forward support, -1 for in/out-like reverse support",gcst90199896/gcst90199850,gcst90199850/gcst90199896
M_523,GCST90199851,GCST90199896,"Androstenediol (3beta,17beta) disulfate (2)",Sulfate,葡糖醛酸/硫酸结合物,Glucuronide/Sulfate Conjugates,类固醇-胆汁酸-葡萄糖醛酸化代谢,高,,,GCST90199896 / GCST90199851,GCST90199851 / GCST90199896,"Sulfate / Androstenediol (3beta,17beta) disulfate (2)","Androstenediol (3beta,17beta) disulfate (2) / Sulfate",若 ratio_trait 表示 out/in，则 direction_sign=+1；若表示 in/out，则 direction_sign=-1；若该模块无合适 ratio，则留空。,"Fill +1 for out/in-like forward support, -1 for in/out-like reverse support",gcst90199896/gcst90199851,gcst90199851/gcst90199896
M_524,GCST90199852,GCST90199896,"5alpha-androstan-3beta,17alpha-diol disulfate",Sulfate,葡糖醛酸/硫酸结合物,Glucuronide/Sulfate Conjugates,类固醇-胆汁酸-葡萄糖醛酸化代谢,高,,,GCST90199896 / GCST90199852,GCST90199852 / GCST90199896,"Sulfate / 5alpha-androstan-3beta,17alpha-diol disulfate","5alpha-androstan-3beta,17alpha-diol disulfate / Sulfate",若 ratio_trait 表示 out/in，则 direction_sign=+1；若表示 in/out，则 direction_sign=-1；若该模块无合适 ratio，则留空。,"Fill +1 for out/in-like forward support, -1 for in/out-like reverse support",gcst90199896/gcst90199852,gcst90199852/gcst90199896
M_525,GCST90199855,GCST90199835,"5alpha-androstan-3beta,17beta-diol monosulfate (2)","5alpha-androstan-3beta,17beta-diol disulfate",葡糖醛酸/硫酸结合物,Glucuronide/Sulfate Conjugates,类固醇-胆汁酸-葡萄糖醛酸化代谢,中,,,GCST90199835 / GCST90199855,GCST90199855 / GCST90199835,"5alpha-androstan-3beta,17beta-diol disulfate / 5alpha-androstan-3beta,17beta-diol monosulfate (2)","5alpha-androstan-3beta,17beta-diol monosulfate (2) / 5alpha-androstan-3beta,17beta-diol disulfate",若 ratio_trait 表示 out/in，则 direction_sign=+1；若表示 in/out，则 direction_sign=-1；若该模块无合适 ratio，则留空。,"Fill +1 for out/in-like forward support, -1 for in/out-like reverse support",gcst90199835/gcst90199855,gcst90199855/gcst90199835
M_526,GCST90199855,GCST90199896,"5alpha-androstan-3beta,17beta-diol monosulfate (2)",Sulfate,葡糖醛酸/硫酸结合物,Glucuronide/Sulfate Conjugates,类固醇-胆汁酸-葡萄糖醛酸化代谢,高,,,GCST90199896 / GCST90199855,GCST90199855 / GCST90199896,"Sulfate / 5alpha-androstan-3beta,17beta-diol monosulfate (2)","5alpha-androstan-3beta,17beta-diol monosulfate (2) / Sulfate",若 ratio_trait 表示 out/in，则 direction_sign=+1；若表示 in/out，则 direction_sign=-1；若该模块无合适 ratio，则留空。,"Fill +1 for out/in-like forward support, -1 for in/out-like reverse support",gcst90199896/gcst90199855,gcst90199855/gcst90199896
M_527,GCST90199856,GCST90199851,"Androstenediol (3alpha, 17alpha) monosulfate (3)","Androstenediol (3beta,17beta) disulfate (2)",葡糖醛酸/硫酸结合物,Glucuronide/Sulfate Conjugates,类固醇-胆汁酸-葡萄糖醛酸化代谢,中,,,GCST90199851 / GCST90199856,GCST90199856 / GCST90199851,"Androstenediol (3beta,17beta) disulfate (2) / Androstenediol (3alpha, 17alpha) monosulfate (3)","Androstenediol (3alpha, 17alpha) monosulfate (3) / Androstenediol (3beta,17beta) disulfate (2)",若 ratio_trait 表示 out/in，则 direction_sign=+1；若表示 in/out，则 direction_sign=-1；若该模块无合适 ratio，则留空。,"Fill +1 for out/in-like forward support, -1 for in/out-like reverse support",gcst90199851/gcst90199856,gcst90199856/gcst90199851
M_528,GCST90199856,GCST90199896,"Androstenediol (3alpha, 17alpha) monosulfate (3)",Sulfate,葡糖醛酸/硫酸结合物,Glucuronide/Sulfate Conjugates,类固醇-胆汁酸-葡萄糖醛酸化代谢,高,,,GCST90199896 / GCST90199856,GCST90199856 / GCST90199896,"Sulfate / Androstenediol (3alpha, 17alpha) monosulfate (3)","Androstenediol (3alpha, 17alpha) monosulfate (3) / Sulfate",若 ratio_trait 表示 out/in，则 direction_sign=+1；若表示 in/out，则 direction_sign=-1；若该模块无合适 ratio，则留空。,"Fill +1 for out/in-like forward support, -1 for in/out-like reverse support",gcst90199896/gcst90199856,gcst90199856/gcst90199896
M_529,GCST90199858,GCST90199859,"5alpha-androstan-3alpha,17beta-diol monosulfate (1)","5alpha-androstan-3alpha,17beta-diol disulfate",葡糖醛酸/硫酸结合物,Glucuronide/Sulfate Conjugates,类固醇-胆汁酸-葡萄糖醛酸化代谢,中,,,GCST90199859 / GCST90199858,GCST90199858 / GCST90199859,"5alpha-androstan-3alpha,17beta-diol disulfate / 5alpha-androstan-3alpha,17beta-diol monosulfate (1)","5alpha-androstan-3alpha,17beta-diol monosulfate (1) / 5alpha-androstan-3alpha,17beta-diol disulfate",若 ratio_trait 表示 out/in，则 direction_sign=+1；若表示 in/out，则 direction_sign=-1；若该模块无合适 ratio，则留空。,"Fill +1 for out/in-like forward support, -1 for in/out-like reverse support",gcst90199859/gcst90199858,gcst90199858/gcst90199859
M_530,GCST90199858,GCST90199896,"5alpha-androstan-3alpha,17beta-diol monosulfate (1)",Sulfate,葡糖醛酸/硫酸结合物,Glucuronide/Sulfate Conjugates,类固醇-胆汁酸-葡萄糖醛酸化代谢,高,,,GCST90199896 / GCST90199858,GCST90199858 / GCST90199896,"Sulfate / 5alpha-androstan-3alpha,17beta-diol monosulfate (1)","5alpha-androstan-3alpha,17beta-diol monosulfate (1) / Sulfate",若 ratio_trait 表示 out/in，则 direction_sign=+1；若表示 in/out，则 direction_sign=-1；若该模块无合适 ratio，则留空。,"Fill +1 for out/in-like forward support, -1 for in/out-like reverse support",gcst90199896/gcst90199858,gcst90199858/gcst90199896
M_531,GCST90199859,GCST90199896,"5alpha-androstan-3alpha,17beta-diol disulfate",Sulfate,葡糖醛酸/硫酸结合物,Glucuronide/Sulfate Conjugates,类固醇-胆汁酸-葡萄糖醛酸化代谢,高,,,GCST90199896 / GCST90199859,GCST90199859 / GCST90199896,"Sulfate / 5alpha-androstan-3alpha,17beta-diol disulfate","5alpha-androstan-3alpha,17beta-diol disulfate / Sulfate",若 ratio_trait 表示 out/in，则 direction_sign=+1；若表示 in/out，则 direction_sign=-1；若该模块无合适 ratio，则留空。,"Fill +1 for out/in-like forward support, -1 for in/out-like reverse support",gcst90199896/gcst90199859,gcst90199859/gcst90199896
M_532,GCST90199860,GCST90199896,Andro steroid monosulfate C19H28O6S (1),Sulfate,葡糖醛酸/硫酸结合物,Glucuronide/Sulfate Conjugates,类固醇-胆汁酸-葡萄糖醛酸化代谢,高,,,GCST90199896 / GCST90199860,GCST90199860 / GCST90199896,Sulfate / Andro steroid monosulfate C19H28O6S (1),Andro steroid monosulfate C19H28O6S (1) / Sulfate,若 ratio_trait 表示 out/in，则 direction_sign=+1；若表示 in/out，则 direction_sign=-1；若该模块无合适 ratio，则留空。,"Fill +1 for out/in-like forward support, -1 for in/out-like reverse support",gcst90199896/gcst90199860,gcst90199860/gcst90199896
M_533,GCST90199861,GCST90199896,Pregnenediol sulfate (C21H34O5S),Sulfate,葡糖醛酸/硫酸结合物,Glucuronide/Sulfate Conjugates,类固醇-胆汁酸-葡萄糖醛酸化代谢,高,,,GCST90199896 / GCST90199861,GCST90199861 / GCST90199896,Sulfate / Pregnenediol sulfate (C21H34O5S),Pregnenediol sulfate (C21H34O5S) / Sulfate,若 ratio_trait 表示 out/in，则 direction_sign=+1；若表示 in/out，则 direction_sign=-1；若该模块无合适 ratio，则留空。,"Fill +1 for out/in-like forward support, -1 for in/out-like reverse support",gcst90199896/gcst90199861,gcst90199861/gcst90199896
M_534,GCST90199863,GCST90199896,16a-hydroxy DHEA 3-sulfate,Sulfate,葡糖醛酸/硫酸结合物,Glucuronide/Sulfate Conjugates,类固醇-胆汁酸-葡萄糖醛酸化代谢,高,,,GCST90199896 / GCST90199863,GCST90199863 / GCST90199896,Sulfate / 16a-hydroxy DHEA 3-sulfate,16a-hydroxy DHEA 3-sulfate / Sulfate,若 ratio_trait 表示 out/in，则 direction_sign=+1；若表示 in/out，则 direction_sign=-1；若该模块无合适 ratio，则留空。,"Fill +1 for out/in-like forward support, -1 for in/out-like reverse support",gcst90199896/gcst90199863,gcst90199863/gcst90199896
M_535,GCST90199801,GCST90199896,Hydroquinone sulfate,Sulfate,葡糖醛酸/硫酸结合物,Glucuronide/Sulfate Conjugates,类固醇-胆汁酸-葡萄糖醛酸化代谢,高,,,GCST90199896 / GCST90199801,GCST90199801 / GCST90199896,Sulfate / Hydroquinone sulfate,Hydroquinone sulfate / Sulfate,若 ratio_trait 表示 out/in，则 direction_sign=+1；若表示 in/out，则 direction_sign=-1；若该模块无合适 ratio，则留空。,"Fill +1 for out/in-like forward support, -1 for in/out-like reverse support",gcst90199896/gcst90199801,gcst90199801/gcst90199896
M_536,GCST90199803,GCST90199896,Catechol sulfate,Sulfate,葡糖醛酸/硫酸结合物,Glucuronide/Sulfate Conjugates,类固醇-胆汁酸-葡萄糖醛酸化代谢,高,,,GCST90199896 / GCST90199803,GCST90199803 / GCST90199896,Sulfate / Catechol sulfate,Catechol sulfate / Sulfate,若 ratio_trait 表示 out/in，则 direction_sign=+1；若表示 in/out，则 direction_sign=-1；若该模块无合适 ratio，则留空。,"Fill +1 for out/in-like forward support, -1 for in/out-like reverse support",gcst90199896/gcst90199803,gcst90199803/gcst90199896
M_537,GCST90199823,GCST90199896,O-cresol sulfate,Sulfate,葡糖醛酸/硫酸结合物,Glucuronide/Sulfate Conjugates,类固醇-胆汁酸-葡萄糖醛酸化代谢,高,,,GCST90199896 / GCST90199823,GCST90199823 / GCST90199896,Sulfate / O-cresol sulfate,O-cresol sulfate / Sulfate,若 ratio_trait 表示 out/in，则 direction_sign=+1；若表示 in/out，则 direction_sign=-1；若该模块无合适 ratio，则留空。,"Fill +1 for out/in-like forward support, -1 for in/out-like reverse support",gcst90199896/gcst90199823,gcst90199823/gcst90199896
M_538,GCST90199824,GCST90199896,4-vinylphenol sulfate,Sulfate,葡糖醛酸/硫酸结合物,Glucuronide/Sulfate Conjugates,类固醇-胆汁酸-葡萄糖醛酸化代谢,高,,,GCST90199896 / GCST90199824,GCST90199824 / GCST90199896,Sulfate / 4-vinylphenol sulfate,4-vinylphenol sulfate / Sulfate,若 ratio_trait 表示 out/in，则 direction_sign=+1；若表示 in/out，则 direction_sign=-1；若该模块无合适 ratio，则留空。,"Fill +1 for out/in-like forward support, -1 for in/out-like reverse support",gcst90199896/gcst90199824,gcst90199824/gcst90199896
M_539,GCST90199827,GCST90199896,Thymol sulfate,Sulfate,葡糖醛酸/硫酸结合物,Glucuronide/Sulfate Conjugates,类固醇-胆汁酸-葡萄糖醛酸化代谢,高,,,GCST90199896 / GCST90199827,GCST90199827 / GCST90199896,Sulfate / Thymol sulfate,Thymol sulfate / Sulfate,若 ratio_trait 表示 out/in，则 direction_sign=+1；若表示 in/out，则 direction_sign=-1；若该模块无合适 ratio，则留空。,"Fill +1 for out/in-like forward support, -1 for in/out-like reverse support",gcst90199896/gcst90199827,gcst90199827/gcst90199896
M_540,GCST90199830,GCST90199896,4-ethylphenylsulfate,Sulfate,葡糖醛酸/硫酸结合物,Glucuronide/Sulfate Conjugates,类固醇-胆汁酸-葡萄糖醛酸化代谢,高,,,GCST90199896 / GCST90199830,GCST90199830 / GCST90199896,Sulfate / 4-ethylphenylsulfate,4-ethylphenylsulfate / Sulfate,若 ratio_trait 表示 out/in，则 direction_sign=+1；若表示 in/out，则 direction_sign=-1；若该模块无合适 ratio，则留空。,"Fill +1 for out/in-like forward support, -1 for in/out-like reverse support",gcst90199896/gcst90199830,gcst90199830/gcst90199896
M_541,GCST90199835,GCST90199896,"5alpha-androstan-3beta,17beta-diol disulfate",Sulfate,葡糖醛酸/硫酸结合物,Glucuronide/Sulfate Conjugates,类固醇-胆汁酸-葡萄糖醛酸化代谢,高,,,GCST90199896 / GCST90199835,GCST90199835 / GCST90199896,"Sulfate / 5alpha-androstan-3beta,17beta-diol disulfate","5alpha-androstan-3beta,17beta-diol disulfate / Sulfate",若 ratio_trait 表示 out/in，则 direction_sign=+1；若表示 in/out，则 direction_sign=-1；若该模块无合适 ratio，则留空。,"Fill +1 for out/in-like forward support, -1 for in/out-like reverse support",gcst90199896/gcst90199835,gcst90199835/gcst90199896
M_542,GCST90199839,GCST90199896,Taurocholenate sulfate,Sulfate,葡糖醛酸/硫酸结合物,Glucuronide/Sulfate Conjugates,类固醇-胆汁酸-葡萄糖醛酸化代谢,高,,,GCST90199896 / GCST90199839,GCST90199839 / GCST90199896,Sulfate / Taurocholenate sulfate,Taurocholenate sulfate / Sulfate,若 ratio_trait 表示 out/in，则 direction_sign=+1；若表示 in/out，则 direction_sign=-1；若该模块无合适 ratio，则留空。,"Fill +1 for out/in-like forward support, -1 for in/out-like reverse support",gcst90199896/gcst90199839,gcst90199839/gcst90199896
M_543,GCST90199840,GCST90199861,Pregnenediol disulfate (C21H34O8S2),Pregnenediol sulfate (C21H34O5S),葡糖醛酸/硫酸结合物,Glucuronide/Sulfate Conjugates,类固醇-胆汁酸-葡萄糖醛酸化代谢,中,,,GCST90199861 / GCST90199840,GCST90199840 / GCST90199861,Pregnenediol sulfate (C21H34O5S) / Pregnenediol disulfate (C21H34O8S2),Pregnenediol disulfate (C21H34O8S2) / Pregnenediol sulfate (C21H34O5S),若 ratio_trait 表示 out/in，则 direction_sign=+1；若表示 in/out，则 direction_sign=-1；若该模块无合适 ratio，则留空。,"Fill +1 for out/in-like forward support, -1 for in/out-like reverse support",gcst90199861/gcst90199840,gcst90199840/gcst90199861
M_544,GCST90199840,GCST90199896,Pregnenediol disulfate (C21H34O8S2),Sulfate,葡糖醛酸/硫酸结合物,Glucuronide/Sulfate Conjugates,类固醇-胆汁酸-葡萄糖醛酸化代谢,高,,,GCST90199896 / GCST90199840,GCST90199840 / GCST90199896,Sulfate / Pregnenediol disulfate (C21H34O8S2),Pregnenediol disulfate (C21H34O8S2) / Sulfate,若 ratio_trait 表示 out/in，则 direction_sign=+1；若表示 in/out，则 direction_sign=-1；若该模块无合适 ratio，则留空。,"Fill +1 for out/in-like forward support, -1 for in/out-like reverse support",gcst90199896/gcst90199840,gcst90199840/gcst90199896
M_545,GCST90199841,GCST90199896,Glycocholenate sulfate,Sulfate,葡糖醛酸/硫酸结合物,Glucuronide/Sulfate Conjugates,类固醇-胆汁酸-葡萄糖醛酸化代谢,高,,,GCST90199896 / GCST90199841,GCST90199841 / GCST90199896,Sulfate / Glycocholenate sulfate,Glycocholenate sulfate / Sulfate,若 ratio_trait 表示 out/in，则 direction_sign=+1；若表示 in/out，则 direction_sign=-1；若该模块无合适 ratio，则留空。,"Fill +1 for out/in-like forward support, -1 for in/out-like reverse support",gcst90199896/gcst90199841,gcst90199841/gcst90199896
M_546,GCST90199842,GCST90199851,"Androstenediol (3beta,17beta) disulfate (1)","Androstenediol (3beta,17beta) disulfate (2)",葡糖醛酸/硫酸结合物,Glucuronide/Sulfate Conjugates,类固醇-胆汁酸-葡萄糖醛酸化代谢,中,,,GCST90199851 / GCST90199842,GCST90199842 / GCST90199851,"Androstenediol (3beta,17beta) disulfate (2) / Androstenediol (3beta,17beta) disulfate (1)","Androstenediol (3beta,17beta) disulfate (1) / Androstenediol (3beta,17beta) disulfate (2)",若 ratio_trait 表示 out/in，则 direction_sign=+1；若表示 in/out，则 direction_sign=-1；若该模块无合适 ratio，则留空。,"Fill +1 for out/in-like forward support, -1 for in/out-like reverse support",gcst90199851/gcst90199842,gcst90199842/gcst90199851
M_547,GCST90199842,GCST90199896,"Androstenediol (3beta,17beta) disulfate (1)",Sulfate,葡糖醛酸/硫酸结合物,Glucuronide/Sulfate Conjugates,类固醇-胆汁酸-葡萄糖醛酸化代谢,高,,,GCST90199896 / GCST90199842,GCST90199842 / GCST90199896,"Sulfate / Androstenediol (3beta,17beta) disulfate (1)","Androstenediol (3beta,17beta) disulfate (1) / Sulfate",若 ratio_trait 表示 out/in，则 direction_sign=+1；若表示 in/out，则 direction_sign=-1；若该模块无合适 ratio，则留空。,"Fill +1 for out/in-like forward support, -1 for in/out-like reverse support",gcst90199896/gcst90199842,gcst90199842/gcst90199896
M_548,GCST90199871,GCST90199851,"Androstenediol (3beta,17beta) monosulfate (2)","Androstenediol (3beta,17beta) disulfate (2)",葡糖醛酸/硫酸结合物,Glucuronide/Sulfate Conjugates,类固醇-胆汁酸-葡萄糖醛酸化代谢,中,,,GCST90199851 / GCST90199871,GCST90199871 / GCST90199851,"Androstenediol (3beta,17beta) disulfate (2) / Androstenediol (3beta,17beta) monosulfate (2)","Androstenediol (3beta,17beta) monosulfate (2) / Androstenediol (3beta,17beta) disulfate (2)",若 ratio_trait 表示 out/in，则 direction_sign=+1；若表示 in/out，则 direction_sign=-1；若该模块无合适 ratio，则留空。,"Fill +1 for out/in-like forward support, -1 for in/out-like reverse support",gcst90199851/gcst90199871,gcst90199871/gcst90199851
M_549,GCST90199871,GCST90199896,"Androstenediol (3beta,17beta) monosulfate (2)",Sulfate,葡糖醛酸/硫酸结合物,Glucuronide/Sulfate Conjugates,类固醇-胆汁酸-葡萄糖醛酸化代谢,高,,,GCST90199896 / GCST90199871,GCST90199871 / GCST90199896,"Sulfate / Androstenediol (3beta,17beta) monosulfate (2)","Androstenediol (3beta,17beta) monosulfate (2) / Sulfate",若 ratio_trait 表示 out/in，则 direction_sign=+1；若表示 in/out，则 direction_sign=-1；若该模块无合适 ratio，则留空。,"Fill +1 for out/in-like forward support, -1 for in/out-like reverse support",gcst90199896/gcst90199871,gcst90199871/gcst90199896
M_550,GCST90199872,GCST90199851,"Androstenediol (3beta,17beta) monosulfate (1)","Androstenediol (3beta,17beta) disulfate (2)",葡糖醛酸/硫酸结合物,Glucuronide/Sulfate Conjugates,类固醇-胆汁酸-葡萄糖醛酸化代谢,中,,,GCST90199851 / GCST90199872,GCST90199872 / GCST90199851,"Androstenediol (3beta,17beta) disulfate (2) / Androstenediol (3beta,17beta) monosulfate (1)","Androstenediol (3beta,17beta) monosulfate (1) / Androstenediol (3beta,17beta) disulfate (2)",若 ratio_trait 表示 out/in，则 direction_sign=+1；若表示 in/out，则 direction_sign=-1；若该模块无合适 ratio，则留空。,"Fill +1 for out/in-like forward support, -1 for in/out-like reverse support",gcst90199851/gcst90199872,gcst90199872/gcst90199851
M_551,GCST90199872,GCST90199896,"Androstenediol (3beta,17beta) monosulfate (1)",Sulfate,葡糖醛酸/硫酸结合物,Glucuronide/Sulfate Conjugates,类固醇-胆汁酸-葡萄糖醛酸化代谢,高,,,GCST90199896 / GCST90199872,GCST90199872 / GCST90199896,"Sulfate / Androstenediol (3beta,17beta) monosulfate (1)","Androstenediol (3beta,17beta) monosulfate (1) / Sulfate",若 ratio_trait 表示 out/in，则 direction_sign=+1；若表示 in/out，则 direction_sign=-1；若该模块无合适 ratio，则留空。,"Fill +1 for out/in-like forward support, -1 for in/out-like reverse support",gcst90199896/gcst90199872,gcst90199872/gcst90199896
M_552,GCST90199773,GCST90199896,Phenol sulfate,Sulfate,葡糖醛酸/硫酸结合物,Glucuronide/Sulfate Conjugates,类固醇-胆汁酸-葡萄糖醛酸化代谢,高,,,GCST90199896 / GCST90199773,GCST90199773 / GCST90199896,Sulfate / Phenol sulfate,Phenol sulfate / Sulfate,若 ratio_trait 表示 out/in，则 direction_sign=+1；若表示 in/out，则 direction_sign=-1；若该模块无合适 ratio，则留空。,"Fill +1 for out/in-like forward support, -1 for in/out-like reverse support",gcst90199896/gcst90199773,gcst90199773/gcst90199896
M_553,GCST90199773,GCST90200276,Phenol sulfate,"2,4-di-tert-butylphenol",葡糖醛酸/硫酸结合物,Glucuronide/Sulfate Conjugates,类固醇-胆汁酸-葡萄糖醛酸化代谢,中,,,GCST90200276 / GCST90199773,GCST90199773 / GCST90200276,"2,4-di-tert-butylphenol / Phenol sulfate","Phenol sulfate / 2,4-di-tert-butylphenol",若 ratio_trait 表示 out/in，则 direction_sign=+1；若表示 in/out，则 direction_sign=-1；若该模块无合适 ratio，则留空。,"Fill +1 for out/in-like forward support, -1 for in/out-like reverse support",gcst90200276/gcst90199773,gcst90199773/gcst90200276
M_554,GCST90199896,GCST90200368,Sulfate,Cholesterol,葡糖醛酸/硫酸结合物,Glucuronide/Sulfate Conjugates,类固醇-胆汁酸-葡萄糖醛酸化代谢,低,,,GCST90200368 / GCST90199896,GCST90199896 / GCST90200368,Cholesterol / Sulfate,Sulfate / Cholesterol,若 ratio_trait 表示 out/in，则 direction_sign=+1；若表示 in/out，则 direction_sign=-1；若该模块无合适 ratio，则留空。,"Fill +1 for out/in-like forward support, -1 for in/out-like reverse support",gcst90200368/gcst90199896,gcst90199896/gcst90200368
M_555,GCST90199739,GCST90199641,Salicyluric glucuronide,Glucuronate,葡糖醛酸/硫酸结合物,Glucuronide/Sulfate Conjugates,类固醇-胆汁酸-葡萄糖醛酸化代谢,高,,,GCST90199641 / GCST90199739,GCST90199739 / GCST90199641,Glucuronate / Salicyluric glucuronide,Salicyluric glucuronide / Glucuronate,若 ratio_trait 表示 out/in，则 direction_sign=+1；若表示 in/out，则 direction_sign=-1；若该模块无合适 ratio，则留空。,"Fill +1 for out/in-like forward support, -1 for in/out-like reverse support",gcst90199641/gcst90199739,gcst90199739/gcst90199641
M_556,GCST90199740,GCST90199896,P-cresol sulfate,Sulfate,葡糖醛酸/硫酸结合物,Glucuronide/Sulfate Conjugates,类固醇-胆汁酸-葡萄糖醛酸化代谢,高,,,GCST90199896 / GCST90199740,GCST90199740 / GCST90199896,Sulfate / P-cresol sulfate,P-cresol sulfate / Sulfate,若 ratio_trait 表示 out/in，则 direction_sign=+1；若表示 in/out，则 direction_sign=-1；若该模块无合适 ratio，则留空。,"Fill +1 for out/in-like forward support, -1 for in/out-like reverse support",gcst90199896/gcst90199740,gcst90199740/gcst90199896
M_557,GCST90200096,GCST90199803,Catechol glucuronide,Catechol sulfate,葡糖醛酸/硫酸结合物,Glucuronide/Sulfate Conjugates,类固醇-胆汁酸-葡萄糖醛酸化代谢,中,,,GCST90199803 / GCST90200096,GCST90200096 / GCST90199803,Catechol sulfate / Catechol glucuronide,Catechol glucuronide / Catechol sulfate,若 ratio_trait 表示 out/in，则 direction_sign=+1；若表示 in/out，则 direction_sign=-1；若该模块无合适 ratio，则留空。,"Fill +1 for out/in-like forward support, -1 for in/out-like reverse support",gcst90199803/gcst90200096,gcst90200096/gcst90199803
M_558,GCST90200096,GCST90199641,Catechol glucuronide,Glucuronate,葡糖醛酸/硫酸结合物,Glucuronide/Sulfate Conjugates,类固醇-胆汁酸-葡萄糖醛酸化代谢,高,,,GCST90199641 / GCST90200096,GCST90200096 / GCST90199641,Glucuronate / Catechol glucuronide,Catechol glucuronide / Glucuronate,若 ratio_trait 表示 out/in，则 direction_sign=+1；若表示 in/out，则 direction_sign=-1；若该模块无合适 ratio，则留空。,"Fill +1 for out/in-like forward support, -1 for in/out-like reverse support",gcst90199641/gcst90200096,gcst90200096/gcst90199641
M_559,GCST90200097,GCST90199896,Furaneol sulfate,Sulfate,葡糖醛酸/硫酸结合物,Glucuronide/Sulfate Conjugates,类固醇-胆汁酸-葡萄糖醛酸化代谢,高,,,GCST90199896 / GCST90200097,GCST90200097 / GCST90199896,Sulfate / Furaneol sulfate,Furaneol sulfate / Sulfate,若 ratio_trait 表示 out/in，则 direction_sign=+1；若表示 in/out，则 direction_sign=-1；若该模块无合适 ratio，则留空。,"Fill +1 for out/in-like forward support, -1 for in/out-like reverse support",gcst90199896/gcst90200097,gcst90200097/gcst90199896
M_560,GCST90200093,GCST90199896,Caffeic acid sulfate,Sulfate,葡糖醛酸/硫酸结合物,Glucuronide/Sulfate Conjugates,类固醇-胆汁酸-葡萄糖醛酸化代谢,高,,,GCST90199896 / GCST90200093,GCST90200093 / GCST90199896,Sulfate / Caffeic acid sulfate,Caffeic acid sulfate / Sulfate,若 ratio_trait 表示 out/in，则 direction_sign=+1；若表示 in/out，则 direction_sign=-1；若该模块无合适 ratio，则留空。,"Fill +1 for out/in-like forward support, -1 for in/out-like reverse support",gcst90199896/gcst90200093,gcst90200093/gcst90199896
M_561,GCST90200094,GCST90199896,Ascorbic acid 2-sulfate,Sulfate,葡糖醛酸/硫酸结合物,Glucuronide/Sulfate Conjugates,类固醇-胆汁酸-葡萄糖醛酸化代谢,高,,,GCST90199896 / GCST90200094,GCST90200094 / GCST90199896,Sulfate / Ascorbic acid 2-sulfate,Ascorbic acid 2-sulfate / Sulfate,若 ratio_trait 表示 out/in，则 direction_sign=+1；若表示 in/out，则 direction_sign=-1；若该模块无合适 ratio，则留空。,"Fill +1 for out/in-like forward support, -1 for in/out-like reverse support",gcst90199896/gcst90200094,gcst90200094/gcst90199896
M_562,GCST90200050,GCST90199896,5-hydroxyindole sulfate,Sulfate,葡糖醛酸/硫酸结合物,Glucuronide/Sulfate Conjugates,类固醇-胆汁酸-葡萄糖醛酸化代谢,高,,,GCST90199896 / GCST90200050,GCST90200050 / GCST90199896,Sulfate / 5-hydroxyindole sulfate,5-hydroxyindole sulfate / Sulfate,若 ratio_trait 表示 out/in，则 direction_sign=+1；若表示 in/out，则 direction_sign=-1；若该模块无合适 ratio，则留空。,"Fill +1 for out/in-like forward support, -1 for in/out-like reverse support",gcst90199896/gcst90200050,gcst90200050/gcst90199896
M_563,GCST90200024,GCST90199896,Taurodeoxycholic acid 3-sulfate,Sulfate,葡糖醛酸/硫酸结合物,Glucuronide/Sulfate Conjugates,类固醇-胆汁酸-葡萄糖醛酸化代谢,高,,,GCST90199896 / GCST90200024,GCST90200024 / GCST90199896,Sulfate / Taurodeoxycholic acid 3-sulfate,Taurodeoxycholic acid 3-sulfate / Sulfate,若 ratio_trait 表示 out/in，则 direction_sign=+1；若表示 in/out，则 direction_sign=-1；若该模块无合适 ratio，则留空。,"Fill +1 for out/in-like forward support, -1 for in/out-like reverse support",gcst90199896/gcst90200024,gcst90200024/gcst90199896
M_564,GCST90200025,GCST90199641,Phenol glucuronide,Glucuronate,葡糖醛酸/硫酸结合物,Glucuronide/Sulfate Conjugates,类固醇-胆汁酸-葡萄糖醛酸化代谢,高,,,GCST90199641 / GCST90200025,GCST90200025 / GCST90199641,Glucuronate / Phenol glucuronide,Phenol glucuronide / Glucuronate,若 ratio_trait 表示 out/in，则 direction_sign=+1；若表示 in/out，则 direction_sign=-1；若该模块无合适 ratio，则留空。,"Fill +1 for out/in-like forward support, -1 for in/out-like reverse support",gcst90199641/gcst90200025,gcst90200025/gcst90199641
M_565,GCST90200025,GCST90200276,Phenol glucuronide,"2,4-di-tert-butylphenol",葡糖醛酸/硫酸结合物,Glucuronide/Sulfate Conjugates,类固醇-胆汁酸-葡萄糖醛酸化代谢,中,,,GCST90200276 / GCST90200025,GCST90200025 / GCST90200276,"2,4-di-tert-butylphenol / Phenol glucuronide","Phenol glucuronide / 2,4-di-tert-butylphenol",若 ratio_trait 表示 out/in，则 direction_sign=+1；若表示 in/out，则 direction_sign=-1；若该模块无合适 ratio，则留空。,"Fill +1 for out/in-like forward support, -1 for in/out-like reverse support",gcst90200276/gcst90200025,gcst90200025/gcst90200276
M_566,GCST90199946,GCST90199896,3-acetylphenol sulfate,Sulfate,葡糖醛酸/硫酸结合物,Glucuronide/Sulfate Conjugates,类固醇-胆汁酸-葡萄糖醛酸化代谢,高,,,GCST90199896 / GCST90199946,GCST90199946 / GCST90199896,Sulfate / 3-acetylphenol sulfate,3-acetylphenol sulfate / Sulfate,若 ratio_trait 表示 out/in，则 direction_sign=+1；若表示 in/out，则 direction_sign=-1；若该模块无合适 ratio，则留空。,"Fill +1 for out/in-like forward support, -1 for in/out-like reverse support",gcst90199896/gcst90199946,gcst90199946/gcst90199896
M_567,GCST90199950,GCST90199896,2-aminophenol sulfate,Sulfate,葡糖醛酸/硫酸结合物,Glucuronide/Sulfate Conjugates,类固醇-胆汁酸-葡萄糖醛酸化代谢,高,,,GCST90199896 / GCST90199950,GCST90199950 / GCST90199896,Sulfate / 2-aminophenol sulfate,2-aminophenol sulfate / Sulfate,若 ratio_trait 表示 out/in，则 direction_sign=+1；若表示 in/out，则 direction_sign=-1；若该模块无合适 ratio，则留空。,"Fill +1 for out/in-like forward support, -1 for in/out-like reverse support",gcst90199896/gcst90199950,gcst90199950/gcst90199896
M_568,GCST90199953,GCST90199896,3-methoxytyramine sulfate,Sulfate,葡糖醛酸/硫酸结合物,Glucuronide/Sulfate Conjugates,类固醇-胆汁酸-葡萄糖醛酸化代谢,高,,,GCST90199896 / GCST90199953,GCST90199953 / GCST90199896,Sulfate / 3-methoxytyramine sulfate,3-methoxytyramine sulfate / Sulfate,若 ratio_trait 表示 out/in，则 direction_sign=+1；若表示 in/out，则 direction_sign=-1；若该模块无合适 ratio，则留空。,"Fill +1 for out/in-like forward support, -1 for in/out-like reverse support",gcst90199896/gcst90199953,gcst90199953/gcst90199896
M_569,GCST90199955,GCST90199896,Ferulic acid 4-sulfate,Sulfate,葡糖醛酸/硫酸结合物,Glucuronide/Sulfate Conjugates,类固醇-胆汁酸-葡萄糖醛酸化代谢,高,,,GCST90199896 / GCST90199955,GCST90199955 / GCST90199896,Sulfate / Ferulic acid 4-sulfate,Ferulic acid 4-sulfate / Sulfate,若 ratio_trait 表示 out/in，则 direction_sign=+1；若表示 in/out，则 direction_sign=-1；若该模块无合适 ratio，则留空。,"Fill +1 for out/in-like forward support, -1 for in/out-like reverse support",gcst90199896/gcst90199955,gcst90199955/gcst90199896
M_570,GCST90199957,GCST90199896,3-(3-hydroxyphenyl)propionate sulfate,Sulfate,葡糖醛酸/硫酸结合物,Glucuronide/Sulfate Conjugates,类固醇-胆汁酸-葡萄糖醛酸化代谢,高,,,GCST90199896 / GCST90199957,GCST90199957 / GCST90199896,Sulfate / 3-(3-hydroxyphenyl)propionate sulfate,3-(3-hydroxyphenyl)propionate sulfate / Sulfate,若 ratio_trait 表示 out/in，则 direction_sign=+1；若表示 in/out，则 direction_sign=-1；若该模块无合适 ratio，则留空。,"Fill +1 for out/in-like forward support, -1 for in/out-like reverse support",gcst90199896/gcst90199957,gcst90199957/gcst90199896
M_571,GCST90199957,GCST90199812,3-(3-hydroxyphenyl)propionate sulfate,3-(3-hydroxyphenyl)propionate,葡糖醛酸/硫酸结合物,Glucuronide/Sulfate Conjugates,类固醇-胆汁酸-葡萄糖醛酸化代谢,中,,,GCST90199812 / GCST90199957,GCST90199957 / GCST90199812,3-(3-hydroxyphenyl)propionate / 3-(3-hydroxyphenyl)propionate sulfate,3-(3-hydroxyphenyl)propionate sulfate / 3-(3-hydroxyphenyl)propionate,若 ratio_trait 表示 out/in，则 direction_sign=+1；若表示 in/out，则 direction_sign=-1；若该模块无合适 ratio，则留空。,"Fill +1 for out/in-like forward support, -1 for in/out-like reverse support",gcst90199812/gcst90199957,gcst90199957/gcst90199812
M_572,GCST90199998,GCST90199896,Propyl 4-hydroxybenzoate sulfate,Sulfate,葡糖醛酸/硫酸结合物,Glucuronide/Sulfate Conjugates,类固醇-胆汁酸-葡萄糖醛酸化代谢,高,,,GCST90199896 / GCST90199998,GCST90199998 / GCST90199896,Sulfate / Propyl 4-hydroxybenzoate sulfate,Propyl 4-hydroxybenzoate sulfate / Sulfate,若 ratio_trait 表示 out/in，则 direction_sign=+1；若表示 in/out，则 direction_sign=-1；若该模块无合适 ratio，则留空。,"Fill +1 for out/in-like forward support, -1 for in/out-like reverse support",gcst90199896/gcst90199998,gcst90199998/gcst90199896
M_573,GCST90199998,GCST90199622,Propyl 4-hydroxybenzoate sulfate,Benzoate,葡糖醛酸/硫酸结合物,Glucuronide/Sulfate Conjugates,类固醇-胆汁酸-葡萄糖醛酸化代谢,中,,,GCST90199622 / GCST90199998,GCST90199998 / GCST90199622,Benzoate / Propyl 4-hydroxybenzoate sulfate,Propyl 4-hydroxybenzoate sulfate / Benzoate,若 ratio_trait 表示 out/in，则 direction_sign=+1；若表示 in/out，则 direction_sign=-1；若该模块无合适 ratio，则留空。,"Fill +1 for out/in-like forward support, -1 for in/out-like reverse support",gcst90199622/gcst90199998,gcst90199998/gcst90199622
M_574,GCST90199999,GCST90199896,4-methoxyphenol sulfate,Sulfate,葡糖醛酸/硫酸结合物,Glucuronide/Sulfate Conjugates,类固醇-胆汁酸-葡萄糖醛酸化代谢,高,,,GCST90199896 / GCST90199999,GCST90199999 / GCST90199896,Sulfate / 4-methoxyphenol sulfate,4-methoxyphenol sulfate / Sulfate,若 ratio_trait 表示 out/in，则 direction_sign=+1；若表示 in/out，则 direction_sign=-1；若该模块无合适 ratio，则留空。,"Fill +1 for out/in-like forward support, -1 for in/out-like reverse support",gcst90199896/gcst90199999,gcst90199999/gcst90199896
M_575,GCST90200000,GCST90199896,Umbelliferone sulfate,Sulfate,葡糖醛酸/硫酸结合物,Glucuronide/Sulfate Conjugates,类固醇-胆汁酸-葡萄糖醛酸化代谢,高,,,GCST90199896 / GCST90200000,GCST90200000 / GCST90199896,Sulfate / Umbelliferone sulfate,Umbelliferone sulfate / Sulfate,若 ratio_trait 表示 out/in，则 direction_sign=+1；若表示 in/out，则 direction_sign=-1；若该模块无合适 ratio，则留空。,"Fill +1 for out/in-like forward support, -1 for in/out-like reverse support",gcst90199896/gcst90200000,gcst90200000/gcst90199896
M_576,GCST90200002,GCST90199896,6-hydroxyindole sulfate,Sulfate,葡糖醛酸/硫酸结合物,Glucuronide/Sulfate Conjugates,类固醇-胆汁酸-葡萄糖醛酸化代谢,高,,,GCST90199896 / GCST90200002,GCST90200002 / GCST90199896,Sulfate / 6-hydroxyindole sulfate,6-hydroxyindole sulfate / Sulfate,若 ratio_trait 表示 out/in，则 direction_sign=+1；若表示 in/out，则 direction_sign=-1；若该模块无合适 ratio，则留空。,"Fill +1 for out/in-like forward support, -1 for in/out-like reverse support",gcst90199896/gcst90200002,gcst90200002/gcst90199896
M_577,GCST90200003,GCST90199740,P-cresol glucuronide,P-cresol sulfate,葡糖醛酸/硫酸结合物,Glucuronide/Sulfate Conjugates,类固醇-胆汁酸-葡萄糖醛酸化代谢,中,,,GCST90199740 / GCST90200003,GCST90200003 / GCST90199740,P-cresol sulfate / P-cresol glucuronide,P-cresol glucuronide / P-cresol sulfate,若 ratio_trait 表示 out/in，则 direction_sign=+1；若表示 in/out，则 direction_sign=-1；若该模块无合适 ratio，则留空。,"Fill +1 for out/in-like forward support, -1 for in/out-like reverse support",gcst90199740/gcst90200003,gcst90200003/gcst90199740
M_578,GCST90200003,GCST90199641,P-cresol glucuronide,Glucuronate,葡糖醛酸/硫酸结合物,Glucuronide/Sulfate Conjugates,类固醇-胆汁酸-葡萄糖醛酸化代谢,高,,,GCST90199641 / GCST90200003,GCST90200003 / GCST90199641,Glucuronate / P-cresol glucuronide,P-cresol glucuronide / Glucuronate,若 ratio_trait 表示 out/in，则 direction_sign=+1；若表示 in/out，则 direction_sign=-1；若该模块无合适 ratio，则留空。,"Fill +1 for out/in-like forward support, -1 for in/out-like reverse support",gcst90199641/gcst90200003,gcst90200003/gcst90199641
M_579,GCST90200006,GCST90199896,"1,2,3-benzenetriol sulfate (2)",Sulfate,葡糖醛酸/硫酸结合物,Glucuronide/Sulfate Conjugates,类固醇-胆汁酸-葡萄糖醛酸化代谢,高,,,GCST90199896 / GCST90200006,GCST90200006 / GCST90199896,"Sulfate / 1,2,3-benzenetriol sulfate (2)","1,2,3-benzenetriol sulfate (2) / Sulfate",若 ratio_trait 表示 out/in，则 direction_sign=+1；若表示 in/out，则 direction_sign=-1；若该模块无合适 ratio，则留空。,"Fill +1 for out/in-like forward support, -1 for in/out-like reverse support",gcst90199896/gcst90200006,gcst90200006/gcst90199896
M_580,GCST90200007,GCST90199896,3-methoxycatechol sulfate (2),Sulfate,葡糖醛酸/硫酸结合物,Glucuronide/Sulfate Conjugates,类固醇-胆汁酸-葡萄糖醛酸化代谢,高,,,GCST90199896 / GCST90200007,GCST90200007 / GCST90199896,Sulfate / 3-methoxycatechol sulfate (2),3-methoxycatechol sulfate (2) / Sulfate,若 ratio_trait 表示 out/in，则 direction_sign=+1；若表示 in/out，则 direction_sign=-1；若该模块无合适 ratio，则留空。,"Fill +1 for out/in-like forward support, -1 for in/out-like reverse support",gcst90199896/gcst90200007,gcst90200007/gcst90199896
M_581,GCST90200009,GCST90199896,3-methoxycatechol sulfate (1),Sulfate,葡糖醛酸/硫酸结合物,Glucuronide/Sulfate Conjugates,类固醇-胆汁酸-葡萄糖醛酸化代谢,高,,,GCST90199896 / GCST90200009,GCST90200009 / GCST90199896,Sulfate / 3-methoxycatechol sulfate (1),3-methoxycatechol sulfate (1) / Sulfate,若 ratio_trait 表示 out/in，则 direction_sign=+1；若表示 in/out，则 direction_sign=-1；若该模块无合适 ratio，则留空。,"Fill +1 for out/in-like forward support, -1 for in/out-like reverse support",gcst90199896/gcst90200009,gcst90200009/gcst90199896
M_582,GCST90200009,GCST90200007,3-methoxycatechol sulfate (1),3-methoxycatechol sulfate (2),葡糖醛酸/硫酸结合物,Glucuronide/Sulfate Conjugates,类固醇-胆汁酸-葡萄糖醛酸化代谢,中,,,GCST90200007 / GCST90200009,GCST90200009 / GCST90200007,3-methoxycatechol sulfate (2) / 3-methoxycatechol sulfate (1),3-methoxycatechol sulfate (1) / 3-methoxycatechol sulfate (2),若 ratio_trait 表示 out/in，则 direction_sign=+1；若表示 in/out，则 direction_sign=-1；若该模块无合适 ratio，则留空。,"Fill +1 for out/in-like forward support, -1 for in/out-like reverse support",gcst90200007/gcst90200009,gcst90200009/gcst90200007
M_583,GCST90200016,GCST90199896,Dopamine 4-sulfate,Sulfate,葡糖醛酸/硫酸结合物,Glucuronide/Sulfate Conjugates,类固醇-胆汁酸-葡萄糖醛酸化代谢,高,,,GCST90199896 / GCST90200016,GCST90200016 / GCST90199896,Sulfate / Dopamine 4-sulfate,Dopamine 4-sulfate / Sulfate,若 ratio_trait 表示 out/in，则 direction_sign=+1；若表示 in/out，则 direction_sign=-1；若该模块无合适 ratio，则留空。,"Fill +1 for out/in-like forward support, -1 for in/out-like reverse support",gcst90199896/gcst90200016,gcst90200016/gcst90199896
M_584,GCST90200019,GCST90199896,Dopamine 3-O-sulfate,Sulfate,葡糖醛酸/硫酸结合物,Glucuronide/Sulfate Conjugates,类固醇-胆汁酸-葡萄糖醛酸化代谢,高,,,GCST90199896 / GCST90200019,GCST90200019 / GCST90199896,Sulfate / Dopamine 3-O-sulfate,Dopamine 3-O-sulfate / Sulfate,若 ratio_trait 表示 out/in，则 direction_sign=+1；若表示 in/out，则 direction_sign=-1；若该模块无合适 ratio，则留空。,"Fill +1 for out/in-like forward support, -1 for in/out-like reverse support",gcst90199896/gcst90200019,gcst90200019/gcst90199896
M_585,GCST90199981,GCST90199896,2-acetamidophenol sulfate,Sulfate,葡糖醛酸/硫酸结合物,Glucuronide/Sulfate Conjugates,类固醇-胆汁酸-葡萄糖醛酸化代谢,高,,,GCST90199896 / GCST90199981,GCST90199981 / GCST90199896,Sulfate / 2-acetamidophenol sulfate,2-acetamidophenol sulfate / Sulfate,若 ratio_trait 表示 out/in，则 direction_sign=+1；若表示 in/out，则 direction_sign=-1；若该模块无合适 ratio，则留空。,"Fill +1 for out/in-like forward support, -1 for in/out-like reverse support",gcst90199896/gcst90199981,gcst90199981/gcst90199896
M_586,GCST90199982,GCST90199896,4-vinylguaiacol sulfate,Sulfate,葡糖醛酸/硫酸结合物,Glucuronide/Sulfate Conjugates,类固醇-胆汁酸-葡萄糖醛酸化代谢,高,,,GCST90199896 / GCST90199982,GCST90199982 / GCST90199896,Sulfate / 4-vinylguaiacol sulfate,4-vinylguaiacol sulfate / Sulfate,若 ratio_trait 表示 out/in，则 direction_sign=+1；若表示 in/out，则 direction_sign=-1；若该模块无合适 ratio，则留空。,"Fill +1 for out/in-like forward support, -1 for in/out-like reverse support",gcst90199896/gcst90199982,gcst90199982/gcst90199896
M_587,GCST90199983,GCST90199859,"5alpha-androstan-3alpha,17beta-diol monosulfate (2)","5alpha-androstan-3alpha,17beta-diol disulfate",葡糖醛酸/硫酸结合物,Glucuronide/Sulfate Conjugates,类固醇-胆汁酸-葡萄糖醛酸化代谢,中,,,GCST90199859 / GCST90199983,GCST90199983 / GCST90199859,"5alpha-androstan-3alpha,17beta-diol disulfate / 5alpha-androstan-3alpha,17beta-diol monosulfate (2)","5alpha-androstan-3alpha,17beta-diol monosulfate (2) / 5alpha-androstan-3alpha,17beta-diol disulfate",若 ratio_trait 表示 out/in，则 direction_sign=+1；若表示 in/out，则 direction_sign=-1；若该模块无合适 ratio，则留空。,"Fill +1 for out/in-like forward support, -1 for in/out-like reverse support",gcst90199859/gcst90199983,gcst90199983/gcst90199859
M_588,GCST90199983,GCST90199896,"5alpha-androstan-3alpha,17beta-diol monosulfate (2)",Sulfate,葡糖醛酸/硫酸结合物,Glucuronide/Sulfate Conjugates,类固醇-胆汁酸-葡萄糖醛酸化代谢,高,,,GCST90199896 / GCST90199983,GCST90199983 / GCST90199896,"Sulfate / 5alpha-androstan-3alpha,17beta-diol monosulfate (2)","5alpha-androstan-3alpha,17beta-diol monosulfate (2) / Sulfate",若 ratio_trait 表示 out/in，则 direction_sign=+1；若表示 in/out，则 direction_sign=-1；若该模块无合适 ratio，则留空。,"Fill +1 for out/in-like forward support, -1 for in/out-like reverse support",gcst90199896/gcst90199983,gcst90199983/gcst90199896
M_589,GCST90199984,GCST90199896,Vanillic alcohol sulfate,Sulfate,葡糖醛酸/硫酸结合物,Glucuronide/Sulfate Conjugates,类固醇-胆汁酸-葡萄糖醛酸化代谢,高,,,GCST90199896 / GCST90199984,GCST90199984 / GCST90199896,Sulfate / Vanillic alcohol sulfate,Vanillic alcohol sulfate / Sulfate,若 ratio_trait 表示 out/in，则 direction_sign=+1；若表示 in/out，则 direction_sign=-1；若该模块无合适 ratio，则留空。,"Fill +1 for out/in-like forward support, -1 for in/out-like reverse support",gcst90199896/gcst90199984,gcst90199984/gcst90199896
M_590,GCST90199985,GCST90199896,Methyl-4-hydroxybenzoate sulfate,Sulfate,葡糖醛酸/硫酸结合物,Glucuronide/Sulfate Conjugates,类固醇-胆汁酸-葡萄糖醛酸化代谢,高,,,GCST90199896 / GCST90199985,GCST90199985 / GCST90199896,Sulfate / Methyl-4-hydroxybenzoate sulfate,Methyl-4-hydroxybenzoate sulfate / Sulfate,若 ratio_trait 表示 out/in，则 direction_sign=+1；若表示 in/out，则 direction_sign=-1；若该模块无合适 ratio，则留空。,"Fill +1 for out/in-like forward support, -1 for in/out-like reverse support",gcst90199896/gcst90199985,gcst90199985/gcst90199896
M_591,GCST90199985,GCST90199622,Methyl-4-hydroxybenzoate sulfate,Benzoate,葡糖醛酸/硫酸结合物,Glucuronide/Sulfate Conjugates,类固醇-胆汁酸-葡萄糖醛酸化代谢,中,,,GCST90199622 / GCST90199985,GCST90199985 / GCST90199622,Benzoate / Methyl-4-hydroxybenzoate sulfate,Methyl-4-hydroxybenzoate sulfate / Benzoate,若 ratio_trait 表示 out/in，则 direction_sign=+1；若表示 in/out，则 direction_sign=-1；若该模块无合适 ratio，则留空。,"Fill +1 for out/in-like forward support, -1 for in/out-like reverse support",gcst90199622/gcst90199985,gcst90199985/gcst90199622
M_592,GCST90199986,GCST90199896,Eugenol sulfate,Sulfate,葡糖醛酸/硫酸结合物,Glucuronide/Sulfate Conjugates,类固醇-胆汁酸-葡萄糖醛酸化代谢,高,,,GCST90199896 / GCST90199986,GCST90199986 / GCST90199896,Sulfate / Eugenol sulfate,Eugenol sulfate / Sulfate,若 ratio_trait 表示 out/in，则 direction_sign=+1；若表示 in/out，则 direction_sign=-1；若该模块无合适 ratio，则留空。,"Fill +1 for out/in-like forward support, -1 for in/out-like reverse support",gcst90199896/gcst90199986,gcst90199986/gcst90199896
M_593,GCST90199987,GCST90199896,2-methoxyresorcinol sulfate,Sulfate,葡糖醛酸/硫酸结合物,Glucuronide/Sulfate Conjugates,类固醇-胆汁酸-葡萄糖醛酸化代谢,高,,,GCST90199896 / GCST90199987,GCST90199987 / GCST90199896,Sulfate / 2-methoxyresorcinol sulfate,2-methoxyresorcinol sulfate / Sulfate,若 ratio_trait 表示 out/in，则 direction_sign=+1；若表示 in/out，则 direction_sign=-1；若该模块无合适 ratio，则留空。,"Fill +1 for out/in-like forward support, -1 for in/out-like reverse support",gcst90199896/gcst90199987,gcst90199987/gcst90199896
M_594,GCST90199988,GCST90199896,Tyramine O-sulfate,Sulfate,葡糖醛酸/硫酸结合物,Glucuronide/Sulfate Conjugates,类固醇-胆汁酸-葡萄糖醛酸化代谢,高,,,GCST90199896 / GCST90199988,GCST90199988 / GCST90199896,Sulfate / Tyramine O-sulfate,Tyramine O-sulfate / Sulfate,若 ratio_trait 表示 out/in，则 direction_sign=+1；若表示 in/out，则 direction_sign=-1；若该模块无合适 ratio，则留空。,"Fill +1 for out/in-like forward support, -1 for in/out-like reverse support",gcst90199896/gcst90199988,gcst90199988/gcst90199896
M_595,GCST90199989,GCST90199896,4-methylguaiacol sulfate,Sulfate,葡糖醛酸/硫酸结合物,Glucuronide/Sulfate Conjugates,类固醇-胆汁酸-葡萄糖醛酸化代谢,高,,,GCST90199896 / GCST90199989,GCST90199989 / GCST90199896,Sulfate / 4-methylguaiacol sulfate,4-methylguaiacol sulfate / Sulfate,若 ratio_trait 表示 out/in，则 direction_sign=+1；若表示 in/out，则 direction_sign=-1；若该模块无合适 ratio，则留空。,"Fill +1 for out/in-like forward support, -1 for in/out-like reverse support",gcst90199896/gcst90199989,gcst90199989/gcst90199896
M_596,GCST90199990,GCST90199896,3-hydroxypyridine sulfate,Sulfate,葡糖醛酸/硫酸结合物,Glucuronide/Sulfate Conjugates,类固醇-胆汁酸-葡萄糖醛酸化代谢,高,,,GCST90199896 / GCST90199990,GCST90199990 / GCST90199896,Sulfate / 3-hydroxypyridine sulfate,3-hydroxypyridine sulfate / Sulfate,若 ratio_trait 表示 out/in，则 direction_sign=+1；若表示 in/out，则 direction_sign=-1；若该模块无合适 ratio，则留空。,"Fill +1 for out/in-like forward support, -1 for in/out-like reverse support",gcst90199896/gcst90199990,gcst90199990/gcst90199896
M_597,GCST90199994,GCST90199896,Ethylparaben sulfate,Sulfate,葡糖醛酸/硫酸结合物,Glucuronide/Sulfate Conjugates,类固醇-胆汁酸-葡萄糖醛酸化代谢,高,,,GCST90199896 / GCST90199994,GCST90199994 / GCST90199896,Sulfate / Ethylparaben sulfate,Ethylparaben sulfate / Sulfate,若 ratio_trait 表示 out/in，则 direction_sign=+1；若表示 in/out，则 direction_sign=-1；若该模块无合适 ratio，则留空。,"Fill +1 for out/in-like forward support, -1 for in/out-like reverse support",gcst90199896/gcst90199994,gcst90199994/gcst90199896
M_598,GCST90199936,GCST90199896,3-methyl catechol sulfate (2),Sulfate,葡糖醛酸/硫酸结合物,Glucuronide/Sulfate Conjugates,类固醇-胆汁酸-葡萄糖醛酸化代谢,高,,,GCST90199896 / GCST90199936,GCST90199936 / GCST90199896,Sulfate / 3-methyl catechol sulfate (2),3-methyl catechol sulfate (2) / Sulfate,若 ratio_trait 表示 out/in，则 direction_sign=+1；若表示 in/out，则 direction_sign=-1；若该模块无合适 ratio，则留空。,"Fill +1 for out/in-like forward support, -1 for in/out-like reverse support",gcst90199896/gcst90199936,gcst90199936/gcst90199896
M_599,GCST90199938,GCST90199896,3-methyl catechol sulfate (1),Sulfate,葡糖醛酸/硫酸结合物,Glucuronide/Sulfate Conjugates,类固醇-胆汁酸-葡萄糖醛酸化代谢,高,,,GCST90199896 / GCST90199938,GCST90199938 / GCST90199896,Sulfate / 3-methyl catechol sulfate (1),3-methyl catechol sulfate (1) / Sulfate,若 ratio_trait 表示 out/in，则 direction_sign=+1；若表示 in/out，则 direction_sign=-1；若该模块无合适 ratio，则留空。,"Fill +1 for out/in-like forward support, -1 for in/out-like reverse support",gcst90199896/gcst90199938,gcst90199938/gcst90199896
M_600,GCST90199938,GCST90199936,3-methyl catechol sulfate (1),3-methyl catechol sulfate (2),葡糖醛酸/硫酸结合物,Glucuronide/Sulfate Conjugates,类固醇-胆汁酸-葡萄糖醛酸化代谢,中,,,GCST90199936 / GCST90199938,GCST90199938 / GCST90199936,3-methyl catechol sulfate (2) / 3-methyl catechol sulfate (1),3-methyl catechol sulfate (1) / 3-methyl catechol sulfate (2),若 ratio_trait 表示 out/in，则 direction_sign=+1；若表示 in/out，则 direction_sign=-1；若该模块无合适 ratio，则留空。,"Fill +1 for out/in-like forward support, -1 for in/out-like reverse support",gcst90199936/gcst90199938,gcst90199938/gcst90199936
M_601,GCST90199939,GCST90199896,4-methylcatechol sulfate,Sulfate,葡糖醛酸/硫酸结合物,Glucuronide/Sulfate Conjugates,类固醇-胆汁酸-葡萄糖醛酸化代谢,高,,,GCST90199896 / GCST90199939,GCST90199939 / GCST90199896,Sulfate / 4-methylcatechol sulfate,4-methylcatechol sulfate / Sulfate,若 ratio_trait 表示 out/in，则 direction_sign=+1；若表示 in/out，则 direction_sign=-1；若该模块无合适 ratio，则留空。,"Fill +1 for out/in-like forward support, -1 for in/out-like reverse support",gcst90199896/gcst90199939,gcst90199939/gcst90199896
M_602,GCST90199940,GCST90199896,Guaiacol sulfate,Sulfate,葡糖醛酸/硫酸结合物,Glucuronide/Sulfate Conjugates,类固醇-胆汁酸-葡萄糖醛酸化代谢,高,,,GCST90199896 / GCST90199940,GCST90199940 / GCST90199896,Sulfate / Guaiacol sulfate,Guaiacol sulfate / Sulfate,若 ratio_trait 表示 out/in，则 direction_sign=+1；若表示 in/out，则 direction_sign=-1；若该模块无合适 ratio，则留空。,"Fill +1 for out/in-like forward support, -1 for in/out-like reverse support",gcst90199896/gcst90199940,gcst90199940/gcst90199896
M_603,GCST90199941,GCST90199641,Gamma-CEHC glucuronide,Glucuronate,葡糖醛酸/硫酸结合物,Glucuronide/Sulfate Conjugates,类固醇-胆汁酸-葡萄糖醛酸化代谢,高,,,GCST90199641 / GCST90199941,GCST90199941 / GCST90199641,Glucuronate / Gamma-CEHC glucuronide,Gamma-CEHC glucuronide / Glucuronate,若 ratio_trait 表示 out/in，则 direction_sign=+1；若表示 in/out，则 direction_sign=-1；若该模块无合适 ratio，则留空。,"Fill +1 for out/in-like forward support, -1 for in/out-like reverse support",gcst90199641/gcst90199941,gcst90199941/gcst90199641
M_604,GCST90199941,GCST90199864,Gamma-CEHC glucuronide,Gamma-CEHC,葡糖醛酸/硫酸结合物,Glucuronide/Sulfate Conjugates,类固醇-胆汁酸-葡萄糖醛酸化代谢,中,,,GCST90199864 / GCST90199941,GCST90199941 / GCST90199864,Gamma-CEHC / Gamma-CEHC glucuronide,Gamma-CEHC glucuronide / Gamma-CEHC,若 ratio_trait 表示 out/in，则 direction_sign=+1；若表示 in/out，则 direction_sign=-1；若该模块无合适 ratio，则留空。,"Fill +1 for out/in-like forward support, -1 for in/out-like reverse support",gcst90199864/gcst90199941,gcst90199941/gcst90199864
M_605,GCST90200156,GCST90199641,Cortolone glucuronide (1),Glucuronate,葡糖醛酸/硫酸结合物,Glucuronide/Sulfate Conjugates,类固醇-胆汁酸-葡萄糖醛酸化代谢,高,,,GCST90199641 / GCST90200156,GCST90200156 / GCST90199641,Glucuronate / Cortolone glucuronide (1),Cortolone glucuronide (1) / Glucuronate,若 ratio_trait 表示 out/in，则 direction_sign=+1；若表示 in/out，则 direction_sign=-1；若该模块无合适 ratio，则留空。,"Fill +1 for out/in-like forward support, -1 for in/out-like reverse support",gcst90199641/gcst90200156,gcst90200156/gcst90199641
M_606,GCST90200166,GCST90199896,Dihydroferulic acid sulfate,Sulfate,葡糖醛酸/硫酸结合物,Glucuronide/Sulfate Conjugates,类固醇-胆汁酸-葡萄糖醛酸化代谢,高,,,GCST90199896 / GCST90200166,GCST90200166 / GCST90199896,Sulfate / Dihydroferulic acid sulfate,Dihydroferulic acid sulfate / Sulfate,若 ratio_trait 表示 out/in，则 direction_sign=+1；若表示 in/out，则 direction_sign=-1；若该模块无合适 ratio，则留空。,"Fill +1 for out/in-like forward support, -1 for in/out-like reverse support",gcst90199896/gcst90200166,gcst90200166/gcst90199896
M_607,GCST90200220,GCST90199896,4-allylcatechol sulfate,Sulfate,葡糖醛酸/硫酸结合物,Glucuronide/Sulfate Conjugates,类固醇-胆汁酸-葡萄糖醛酸化代谢,高,,,GCST90199896 / GCST90200220,GCST90200220 / GCST90199896,Sulfate / 4-allylcatechol sulfate,4-allylcatechol sulfate / Sulfate,若 ratio_trait 表示 out/in，则 direction_sign=+1；若表示 in/out，则 direction_sign=-1；若该模块无合适 ratio，则留空。,"Fill +1 for out/in-like forward support, -1 for in/out-like reverse support",gcst90199896/gcst90200220,gcst90200220/gcst90199896
M_608,GCST90200222,GCST90199896,Dihydrocaffeate sulfate (2),Sulfate,葡糖醛酸/硫酸结合物,Glucuronide/Sulfate Conjugates,类固醇-胆汁酸-葡萄糖醛酸化代谢,高,,,GCST90199896 / GCST90200222,GCST90200222 / GCST90199896,Sulfate / Dihydrocaffeate sulfate (2),Dihydrocaffeate sulfate (2) / Sulfate,若 ratio_trait 表示 out/in，则 direction_sign=+1；若表示 in/out，则 direction_sign=-1；若该模块无合适 ratio，则留空。,"Fill +1 for out/in-like forward support, -1 for in/out-like reverse support",gcst90199896/gcst90200222,gcst90200222/gcst90199896
M_609,GCST90200225,GCST90199896,3-hydroxy-2-methylpyridine sulfate,Sulfate,葡糖醛酸/硫酸结合物,Glucuronide/Sulfate Conjugates,类固醇-胆汁酸-葡萄糖醛酸化代谢,高,,,GCST90199896 / GCST90200225,GCST90200225 / GCST90199896,Sulfate / 3-hydroxy-2-methylpyridine sulfate,3-hydroxy-2-methylpyridine sulfate / Sulfate,若 ratio_trait 表示 out/in，则 direction_sign=+1；若表示 in/out，则 direction_sign=-1；若该模块无合适 ratio，则留空。,"Fill +1 for out/in-like forward support, -1 for in/out-like reverse support",gcst90199896/gcst90200225,gcst90200225/gcst90199896
M_610,GCST90200226,GCST90199896,5-hydroxy-2-methylpyridine sulfate,Sulfate,葡糖醛酸/硫酸结合物,Glucuronide/Sulfate Conjugates,类固醇-胆汁酸-葡萄糖醛酸化代谢,高,,,GCST90199896 / GCST90200226,GCST90200226 / GCST90199896,Sulfate / 5-hydroxy-2-methylpyridine sulfate,5-hydroxy-2-methylpyridine sulfate / Sulfate,若 ratio_trait 表示 out/in，则 direction_sign=+1；若表示 in/out，则 direction_sign=-1；若该模块无合适 ratio，则留空。,"Fill +1 for out/in-like forward support, -1 for in/out-like reverse support",gcst90199896/gcst90200226,gcst90200226/gcst90199896
M_611,GCST90200227,GCST90199896,3-ethylcatechol sulfate (2),Sulfate,葡糖醛酸/硫酸结合物,Glucuronide/Sulfate Conjugates,类固醇-胆汁酸-葡萄糖醛酸化代谢,高,,,GCST90199896 / GCST90200227,GCST90200227 / GCST90199896,Sulfate / 3-ethylcatechol sulfate (2),3-ethylcatechol sulfate (2) / Sulfate,若 ratio_trait 表示 out/in，则 direction_sign=+1；若表示 in/out，则 direction_sign=-1；若该模块无合适 ratio，则留空。,"Fill +1 for out/in-like forward support, -1 for in/out-like reverse support",gcst90199896/gcst90200227,gcst90200227/gcst90199896
M_612,GCST90200230,GCST90199896,3-ethylcatechol sulfate (1),Sulfate,葡糖醛酸/硫酸结合物,Glucuronide/Sulfate Conjugates,类固醇-胆汁酸-葡萄糖醛酸化代谢,高,,,GCST90199896 / GCST90200230,GCST90200230 / GCST90199896,Sulfate / 3-ethylcatechol sulfate (1),3-ethylcatechol sulfate (1) / Sulfate,若 ratio_trait 表示 out/in，则 direction_sign=+1；若表示 in/out，则 direction_sign=-1；若该模块无合适 ratio，则留空。,"Fill +1 for out/in-like forward support, -1 for in/out-like reverse support",gcst90199896/gcst90200230,gcst90200230/gcst90199896
M_613,GCST90200230,GCST90200227,3-ethylcatechol sulfate (1),3-ethylcatechol sulfate (2),葡糖醛酸/硫酸结合物,Glucuronide/Sulfate Conjugates,类固醇-胆汁酸-葡萄糖醛酸化代谢,中,,,GCST90200227 / GCST90200230,GCST90200230 / GCST90200227,3-ethylcatechol sulfate (2) / 3-ethylcatechol sulfate (1),3-ethylcatechol sulfate (1) / 3-ethylcatechol sulfate (2),若 ratio_trait 表示 out/in，则 direction_sign=+1；若表示 in/out，则 direction_sign=-1；若该模块无合适 ratio，则留空。,"Fill +1 for out/in-like forward support, -1 for in/out-like reverse support",gcst90200227/gcst90200230,gcst90200230/gcst90200227
M_614,GCST90200232,GCST90199896,4-acetylcatechol sulfate (1),Sulfate,葡糖醛酸/硫酸结合物,Glucuronide/Sulfate Conjugates,类固醇-胆汁酸-葡萄糖醛酸化代谢,高,,,GCST90199896 / GCST90200232,GCST90200232 / GCST90199896,Sulfate / 4-acetylcatechol sulfate (1),4-acetylcatechol sulfate (1) / Sulfate,若 ratio_trait 表示 out/in，则 direction_sign=+1；若表示 in/out，则 direction_sign=-1；若该模块无合适 ratio，则留空。,"Fill +1 for out/in-like forward support, -1 for in/out-like reverse support",gcst90199896/gcst90200232,gcst90200232/gcst90199896
M_615,GCST90200238,GCST90199896,Pregnenetriol disulfate,Sulfate,葡糖醛酸/硫酸结合物,Glucuronide/Sulfate Conjugates,类固醇-胆汁酸-葡萄糖醛酸化代谢,高,,,GCST90199896 / GCST90200238,GCST90200238 / GCST90199896,Sulfate / Pregnenetriol disulfate,Pregnenetriol disulfate / Sulfate,若 ratio_trait 表示 out/in，则 direction_sign=+1；若表示 in/out，则 direction_sign=-1；若该模块无合适 ratio，则留空。,"Fill +1 for out/in-like forward support, -1 for in/out-like reverse support",gcst90199896/gcst90200238,gcst90200238/gcst90199896
M_616,GCST90200238,GCST90200241,Pregnenetriol disulfate,Pregnenetriol sulfate,葡糖醛酸/硫酸结合物,Glucuronide/Sulfate Conjugates,类固醇-胆汁酸-葡萄糖醛酸化代谢,中,,,GCST90200241 / GCST90200238,GCST90200238 / GCST90200241,Pregnenetriol sulfate / Pregnenetriol disulfate,Pregnenetriol disulfate / Pregnenetriol sulfate,若 ratio_trait 表示 out/in，则 direction_sign=+1；若表示 in/out，则 direction_sign=-1；若该模块无合适 ratio，则留空。,"Fill +1 for out/in-like forward support, -1 for in/out-like reverse support",gcst90200241/gcst90200238,gcst90200238/gcst90200241
M_617,GCST90200241,GCST90199896,Pregnenetriol sulfate,Sulfate,葡糖醛酸/硫酸结合物,Glucuronide/Sulfate Conjugates,类固醇-胆汁酸-葡萄糖醛酸化代谢,高,,,GCST90199896 / GCST90200241,GCST90200241 / GCST90199896,Sulfate / Pregnenetriol sulfate,Pregnenetriol sulfate / Sulfate,若 ratio_trait 表示 out/in，则 direction_sign=+1；若表示 in/out，则 direction_sign=-1；若该模块无合适 ratio，则留空。,"Fill +1 for out/in-like forward support, -1 for in/out-like reverse support",gcst90199896/gcst90200241,gcst90200241/gcst90199896
M_618,GCST90200178,GCST90199641,Glucuronide of C10H18O2 (7),Glucuronate,葡糖醛酸/硫酸结合物,Glucuronide/Sulfate Conjugates,类固醇-胆汁酸-葡萄糖醛酸化代谢,高,,,GCST90199641 / GCST90200178,GCST90200178 / GCST90199641,Glucuronate / Glucuronide of C10H18O2 (7),Glucuronide of C10H18O2 (7) / Glucuronate,若 ratio_trait 表示 out/in，则 direction_sign=+1；若表示 in/out，则 direction_sign=-1；若该模块无合适 ratio，则留空。,"Fill +1 for out/in-like forward support, -1 for in/out-like reverse support",gcst90199641/gcst90200178,gcst90200178/gcst90199641
M_619,GCST90200180,GCST90199641,Glucuronide of C12H22O4 (1),Glucuronate,葡糖醛酸/硫酸结合物,Glucuronide/Sulfate Conjugates,类固醇-胆汁酸-葡萄糖醛酸化代谢,高,,,GCST90199641 / GCST90200180,GCST90200180 / GCST90199641,Glucuronate / Glucuronide of C12H22O4 (1),Glucuronide of C12H22O4 (1) / Glucuronate,若 ratio_trait 表示 out/in，则 direction_sign=+1；若表示 in/out，则 direction_sign=-1；若该模块无合适 ratio，则留空。,"Fill +1 for out/in-like forward support, -1 for in/out-like reverse support",gcst90199641/gcst90200180,gcst90200180/gcst90199641
M_620,GCST90200189,GCST90199641,Glucuronide of piperine metabolite C17H21NO3 (3),Glucuronate,葡糖醛酸/硫酸结合物,Glucuronide/Sulfate Conjugates,类固醇-胆汁酸-葡萄糖醛酸化代谢,高,,,GCST90199641 / GCST90200189,GCST90200189 / GCST90199641,Glucuronate / Glucuronide of piperine metabolite C17H21NO3 (3),Glucuronide of piperine metabolite C17H21NO3 (3) / Glucuronate,若 ratio_trait 表示 out/in，则 direction_sign=+1；若表示 in/out，则 direction_sign=-1；若该模块无合适 ratio，则留空。,"Fill +1 for out/in-like forward support, -1 for in/out-like reverse support",gcst90199641/gcst90200189,gcst90200189/gcst90199641
M_621,GCST90200250,GCST90199896,Deoxycholic acid 12-sulfate,Sulfate,葡糖醛酸/硫酸结合物,Glucuronide/Sulfate Conjugates,类固醇-胆汁酸-葡萄糖醛酸化代谢,高,,,GCST90199896 / GCST90200250,GCST90200250 / GCST90199896,Sulfate / Deoxycholic acid 12-sulfate,Deoxycholic acid 12-sulfate / Sulfate,若 ratio_trait 表示 out/in，则 direction_sign=+1；若表示 in/out，则 direction_sign=-1；若该模块无合适 ratio，则留空。,"Fill +1 for out/in-like forward support, -1 for in/out-like reverse support",gcst90199896/gcst90200250,gcst90200250/gcst90199896
M_622,GCST90200257,GCST90199896,Metabolonic lactone sulfate,Sulfate,葡糖醛酸/硫酸结合物,Glucuronide/Sulfate Conjugates,类固醇-胆汁酸-葡萄糖醛酸化代谢,高,,,GCST90199896 / GCST90200257,GCST90200257 / GCST90199896,Sulfate / Metabolonic lactone sulfate,Metabolonic lactone sulfate / Sulfate,若 ratio_trait 表示 out/in，则 direction_sign=+1；若表示 in/out，则 direction_sign=-1；若该模块无合适 ratio，则留空。,"Fill +1 for out/in-like forward support, -1 for in/out-like reverse support",gcst90199896/gcst90200257,gcst90200257/gcst90199896
M_623,GCST90200199,GCST90199896,Ascorbic acid 3-sulfate,Sulfate,葡糖醛酸/硫酸结合物,Glucuronide/Sulfate Conjugates,类固醇-胆汁酸-葡萄糖醛酸化代谢,高,,,GCST90199896 / GCST90200199,GCST90200199 / GCST90199896,Sulfate / Ascorbic acid 3-sulfate,Ascorbic acid 3-sulfate / Sulfate,若 ratio_trait 表示 out/in，则 direction_sign=+1；若表示 in/out，则 direction_sign=-1；若该模块无合适 ratio，则留空。,"Fill +1 for out/in-like forward support, -1 for in/out-like reverse support",gcst90199896/gcst90200199,gcst90200199/gcst90199896
M_624,GCST90200199,GCST90200094,Ascorbic acid 3-sulfate,Ascorbic acid 2-sulfate,葡糖醛酸/硫酸结合物,Glucuronide/Sulfate Conjugates,类固醇-胆汁酸-葡萄糖醛酸化代谢,中,,,GCST90200094 / GCST90200199,GCST90200199 / GCST90200094,Ascorbic acid 2-sulfate / Ascorbic acid 3-sulfate,Ascorbic acid 3-sulfate / Ascorbic acid 2-sulfate,若 ratio_trait 表示 out/in，则 direction_sign=+1；若表示 in/out，则 direction_sign=-1；若该模块无合适 ratio，则留空。,"Fill +1 for out/in-like forward support, -1 for in/out-like reverse support",gcst90200094/gcst90200199,gcst90200199/gcst90200094
M_625,GCST90200206,GCST90199896,Sulfate of piperine metabolite C18H21NO3 (1),Sulfate,葡糖醛酸/硫酸结合物,Glucuronide/Sulfate Conjugates,类固醇-胆汁酸-葡萄糖醛酸化代谢,高,,,GCST90199896 / GCST90200206,GCST90200206 / GCST90199896,Sulfate / Sulfate of piperine metabolite C18H21NO3 (1),Sulfate of piperine metabolite C18H21NO3 (1) / Sulfate,若 ratio_trait 表示 out/in，则 direction_sign=+1；若表示 in/out，则 direction_sign=-1；若该模块无合适 ratio，则留空。,"Fill +1 for out/in-like forward support, -1 for in/out-like reverse support",gcst90199896/gcst90200206,gcst90200206/gcst90199896
M_626,GCST90200207,GCST90199896,Methyl vanillate sulfate,Sulfate,葡糖醛酸/硫酸结合物,Glucuronide/Sulfate Conjugates,类固醇-胆汁酸-葡萄糖醛酸化代谢,高,,,GCST90199896 / GCST90200207,GCST90200207 / GCST90199896,Sulfate / Methyl vanillate sulfate,Methyl vanillate sulfate / Sulfate,若 ratio_trait 表示 out/in，则 direction_sign=+1；若表示 in/out，则 direction_sign=-1；若该模块无合适 ratio，则留空。,"Fill +1 for out/in-like forward support, -1 for in/out-like reverse support",gcst90199896/gcst90200207,gcst90200207/gcst90199896
M_627,GCST90200208,GCST90199641,Glucuronide of piperine metabolite C17H21NO3 (4),Glucuronate,葡糖醛酸/硫酸结合物,Glucuronide/Sulfate Conjugates,类固醇-胆汁酸-葡萄糖醛酸化代谢,高,,,GCST90199641 / GCST90200208,GCST90200208 / GCST90199641,Glucuronate / Glucuronide of piperine metabolite C17H21NO3 (4),Glucuronide of piperine metabolite C17H21NO3 (4) / Glucuronate,若 ratio_trait 表示 out/in，则 direction_sign=+1；若表示 in/out，则 direction_sign=-1；若该模块无合适 ratio，则留空。,"Fill +1 for out/in-like forward support, -1 for in/out-like reverse support",gcst90199641/gcst90200208,gcst90200208/gcst90199641
M_628,GCST90200209,GCST90199896,Sulfate of piperine metabolite C16H19NO3 (3),Sulfate,葡糖醛酸/硫酸结合物,Glucuronide/Sulfate Conjugates,类固醇-胆汁酸-葡萄糖醛酸化代谢,高,,,GCST90199896 / GCST90200209,GCST90200209 / GCST90199896,Sulfate / Sulfate of piperine metabolite C16H19NO3 (3),Sulfate of piperine metabolite C16H19NO3 (3) / Sulfate,若 ratio_trait 表示 out/in，则 direction_sign=+1；若表示 in/out，则 direction_sign=-1；若该模块无合适 ratio，则留空。,"Fill +1 for out/in-like forward support, -1 for in/out-like reverse support",gcst90199896/gcst90200209,gcst90200209/gcst90199896
M_629,GCST90200210,GCST90199896,Sulfate of piperine metabolite C16H19NO3 (2),Sulfate,葡糖醛酸/硫酸结合物,Glucuronide/Sulfate Conjugates,类固醇-胆汁酸-葡萄糖醛酸化代谢,高,,,GCST90199896 / GCST90200210,GCST90200210 / GCST90199896,Sulfate / Sulfate of piperine metabolite C16H19NO3 (2),Sulfate of piperine metabolite C16H19NO3 (2) / Sulfate,若 ratio_trait 表示 out/in，则 direction_sign=+1；若表示 in/out，则 direction_sign=-1；若该模块无合适 ratio，则留空。,"Fill +1 for out/in-like forward support, -1 for in/out-like reverse support",gcst90199896/gcst90200210,gcst90200210/gcst90199896
M_630,GCST90200211,GCST90199990,3-hydroxypyridine glucuronide,3-hydroxypyridine sulfate,葡糖醛酸/硫酸结合物,Glucuronide/Sulfate Conjugates,类固醇-胆汁酸-葡萄糖醛酸化代谢,中,,,GCST90199990 / GCST90200211,GCST90200211 / GCST90199990,3-hydroxypyridine sulfate / 3-hydroxypyridine glucuronide,3-hydroxypyridine glucuronide / 3-hydroxypyridine sulfate,若 ratio_trait 表示 out/in，则 direction_sign=+1；若表示 in/out，则 direction_sign=-1；若该模块无合适 ratio，则留空。,"Fill +1 for out/in-like forward support, -1 for in/out-like reverse support",gcst90199990/gcst90200211,gcst90200211/gcst90199990
M_631,GCST90200211,GCST90199641,3-hydroxypyridine glucuronide,Glucuronate,葡糖醛酸/硫酸结合物,Glucuronide/Sulfate Conjugates,类固醇-胆汁酸-葡萄糖醛酸化代谢,高,,,GCST90199641 / GCST90200211,GCST90200211 / GCST90199641,Glucuronate / 3-hydroxypyridine glucuronide,3-hydroxypyridine glucuronide / Glucuronate,若 ratio_trait 表示 out/in，则 direction_sign=+1；若表示 in/out，则 direction_sign=-1；若该模块无合适 ratio，则留空。,"Fill +1 for out/in-like forward support, -1 for in/out-like reverse support",gcst90199641/gcst90200211,gcst90200211/gcst90199641
M_632,GCST90200212,GCST90199641,Glucuronide of piperine metabolite C17H21NO3 (5),Glucuronate,葡糖醛酸/硫酸结合物,Glucuronide/Sulfate Conjugates,类固醇-胆汁酸-葡萄糖醛酸化代谢,高,,,GCST90199641 / GCST90200212,GCST90200212 / GCST90199641,Glucuronate / Glucuronide of piperine metabolite C17H21NO3 (5),Glucuronide of piperine metabolite C17H21NO3 (5) / Glucuronate,若 ratio_trait 表示 out/in，则 direction_sign=+1；若表示 in/out，则 direction_sign=-1；若该模块无合适 ratio，则留空。,"Fill +1 for out/in-like forward support, -1 for in/out-like reverse support",gcst90199641/gcst90200212,gcst90200212/gcst90199641
M_633,GCST90200213,GCST90199896,2-naphthol sulfate,Sulfate,葡糖醛酸/硫酸结合物,Glucuronide/Sulfate Conjugates,类固醇-胆汁酸-葡萄糖醛酸化代谢,高,,,GCST90199896 / GCST90200213,GCST90200213 / GCST90199896,Sulfate / 2-naphthol sulfate,2-naphthol sulfate / Sulfate,若 ratio_trait 表示 out/in，则 direction_sign=+1；若表示 in/out，则 direction_sign=-1；若该模块无合适 ratio，则留空。,"Fill +1 for out/in-like forward support, -1 for in/out-like reverse support",gcst90199896/gcst90200213,gcst90200213/gcst90199896
M_634,GCST90200215,GCST90199896,4-ethylcatechol sulfate,Sulfate,葡糖醛酸/硫酸结合物,Glucuronide/Sulfate Conjugates,类固醇-胆汁酸-葡萄糖醛酸化代谢,高,,,GCST90199896 / GCST90200215,GCST90200215 / GCST90199896,Sulfate / 4-ethylcatechol sulfate,4-ethylcatechol sulfate / Sulfate,若 ratio_trait 表示 out/in，则 direction_sign=+1；若表示 in/out，则 direction_sign=-1；若该模块无合适 ratio，则留空。,"Fill +1 for out/in-like forward support, -1 for in/out-like reverse support",gcst90199896/gcst90200215,gcst90200215/gcst90199896
M_635,GCST90200216,GCST90199896,Sulfate of piperine metabolite C18H21NO3 (3),Sulfate,葡糖醛酸/硫酸结合物,Glucuronide/Sulfate Conjugates,类固醇-胆汁酸-葡萄糖醛酸化代谢,高,,,GCST90199896 / GCST90200216,GCST90200216 / GCST90199896,Sulfate / Sulfate of piperine metabolite C18H21NO3 (3),Sulfate of piperine metabolite C18H21NO3 (3) / Sulfate,若 ratio_trait 表示 out/in，则 direction_sign=+1；若表示 in/out，则 direction_sign=-1；若该模块无合适 ratio，则留空。,"Fill +1 for out/in-like forward support, -1 for in/out-like reverse support",gcst90199896/gcst90200216,gcst90200216/gcst90199896
M_636,GCST90200217,GCST90199896,"(2,4 or 2,5)-dimethylphenol sulfate",Sulfate,葡糖醛酸/硫酸结合物,Glucuronide/Sulfate Conjugates,类固醇-胆汁酸-葡萄糖醛酸化代谢,高,,,GCST90199896 / GCST90200217,GCST90200217 / GCST90199896,"Sulfate / (2,4 or 2,5)-dimethylphenol sulfate","(2,4 or 2,5)-dimethylphenol sulfate / Sulfate",若 ratio_trait 表示 out/in，则 direction_sign=+1；若表示 in/out，则 direction_sign=-1；若该模块无合适 ratio，则留空。,"Fill +1 for out/in-like forward support, -1 for in/out-like reverse support",gcst90199896/gcst90200217,gcst90200217/gcst90199896
M_637,GCST90200219,GCST90199641,Cholic acid glucuronide,Glucuronate,葡糖醛酸/硫酸结合物,Glucuronide/Sulfate Conjugates,类固醇-胆汁酸-葡萄糖醛酸化代谢,高,,,GCST90199641 / GCST90200219,GCST90200219 / GCST90199641,Glucuronate / Cholic acid glucuronide,Cholic acid glucuronide / Glucuronate,若 ratio_trait 表示 out/in，则 direction_sign=+1；若表示 in/out，则 direction_sign=-1；若该模块无合适 ratio，则留空。,"Fill +1 for out/in-like forward support, -1 for in/out-like reverse support",gcst90199641/gcst90200219,gcst90200219/gcst90199641
M_638,GCST90200270,GCST90199896,2-methoxyhydroquinone sulfate (1),Sulfate,葡糖醛酸/硫酸结合物,Glucuronide/Sulfate Conjugates,类固醇-胆汁酸-葡萄糖醛酸化代谢,高,,,GCST90199896 / GCST90200270,GCST90200270 / GCST90199896,Sulfate / 2-methoxyhydroquinone sulfate (1),2-methoxyhydroquinone sulfate (1) / Sulfate,若 ratio_trait 表示 out/in，则 direction_sign=+1；若表示 in/out，则 direction_sign=-1；若该模块无合适 ratio，则留空。,"Fill +1 for out/in-like forward support, -1 for in/out-like reverse support",gcst90199896/gcst90200270,gcst90200270/gcst90199896
M_639,GCST90200273,GCST90199896,2-methoxyhydroquinone sulfate (2),Sulfate,葡糖醛酸/硫酸结合物,Glucuronide/Sulfate Conjugates,类固醇-胆汁酸-葡萄糖醛酸化代谢,高,,,GCST90199896 / GCST90200273,GCST90200273 / GCST90199896,Sulfate / 2-methoxyhydroquinone sulfate (2),2-methoxyhydroquinone sulfate (2) / Sulfate,若 ratio_trait 表示 out/in，则 direction_sign=+1；若表示 in/out，则 direction_sign=-1；若该模块无合适 ratio，则留空。,"Fill +1 for out/in-like forward support, -1 for in/out-like reverse support",gcst90199896/gcst90200273,gcst90200273/gcst90199896
M_640,GCST90200273,GCST90200270,2-methoxyhydroquinone sulfate (2),2-methoxyhydroquinone sulfate (1),葡糖醛酸/硫酸结合物,Glucuronide/Sulfate Conjugates,类固醇-胆汁酸-葡萄糖醛酸化代谢,中,,,GCST90200270 / GCST90200273,GCST90200273 / GCST90200270,2-methoxyhydroquinone sulfate (1) / 2-methoxyhydroquinone sulfate (2),2-methoxyhydroquinone sulfate (2) / 2-methoxyhydroquinone sulfate (1),若 ratio_trait 表示 out/in，则 direction_sign=+1；若表示 in/out，则 direction_sign=-1；若该模块无合适 ratio，则留空。,"Fill +1 for out/in-like forward support, -1 for in/out-like reverse support",gcst90200270/gcst90200273,gcst90200273/gcst90200270
M_641,GCST90200346,GCST90199896,4-acetaminophen sulfate,Sulfate,葡糖醛酸/硫酸结合物,Glucuronide/Sulfate Conjugates,类固醇-胆汁酸-葡萄糖醛酸化代谢,高,,,GCST90199896 / GCST90200346,GCST90200346 / GCST90199896,Sulfate / 4-acetaminophen sulfate,4-acetaminophen sulfate / Sulfate,若 ratio_trait 表示 out/in，则 direction_sign=+1；若表示 in/out，则 direction_sign=-1；若该模块无合适 ratio，则留空。,"Fill +1 for out/in-like forward support, -1 for in/out-like reverse support",gcst90199896/gcst90200346,gcst90200346/gcst90199896
M_642,GCST90200699,GCST90200219,Deoxycholic acid glucuronide,Cholic acid glucuronide,葡糖醛酸/硫酸结合物,Glucuronide/Sulfate Conjugates,类固醇-胆汁酸-葡萄糖醛酸化代谢,中,,,GCST90200219 / GCST90200699,GCST90200699 / GCST90200219,Cholic acid glucuronide / Deoxycholic acid glucuronide,Deoxycholic acid glucuronide / Cholic acid glucuronide,若 ratio_trait 表示 out/in，则 direction_sign=+1；若表示 in/out，则 direction_sign=-1；若该模块无合适 ratio，则留空。,"Fill +1 for out/in-like forward support, -1 for in/out-like reverse support",gcst90200219/gcst90200699,gcst90200699/gcst90200219
M_643,GCST90200699,GCST90199641,Deoxycholic acid glucuronide,Glucuronate,葡糖醛酸/硫酸结合物,Glucuronide/Sulfate Conjugates,类固醇-胆汁酸-葡萄糖醛酸化代谢,高,,,GCST90199641 / GCST90200699,GCST90200699 / GCST90199641,Glucuronate / Deoxycholic acid glucuronide,Deoxycholic acid glucuronide / Glucuronate,若 ratio_trait 表示 out/in，则 direction_sign=+1；若表示 in/out，则 direction_sign=-1；若该模块无合适 ratio，则留空。,"Fill +1 for out/in-like forward support, -1 for in/out-like reverse support",gcst90199641/gcst90200699,gcst90200699/gcst90199641
M_644,GCST90200264,GCST90200686,"Bilirubin degradation product, C17H20N2O5 (2)","Bilirubin (E,E)",胆红素/胆绿素支路,Bilirubin/Biliverdin Branch,类固醇-胆汁酸-葡萄糖醛酸化代谢,高,,,GCST90200686 / GCST90200264,GCST90200264 / GCST90200686,"Bilirubin (E,E) / Bilirubin degradation product, C17H20N2O5 (2)","Bilirubin degradation product, C17H20N2O5 (2) / Bilirubin (E,E)",若 ratio_trait 表示 out/in，则 direction_sign=+1；若表示 in/out，则 direction_sign=-1；若该模块无合适 ratio，则留空。,"Fill +1 for out/in-like forward support, -1 for in/out-like reverse support",gcst90200686/gcst90200264,gcst90200264/gcst90200686
M_645,GCST90200265,GCST90200686,"Bilirubin degradation product, C16H18N2O5 (4)","Bilirubin (E,E)",胆红素/胆绿素支路,Bilirubin/Biliverdin Branch,类固醇-胆汁酸-葡萄糖醛酸化代谢,高,,,GCST90200686 / GCST90200265,GCST90200265 / GCST90200686,"Bilirubin (E,E) / Bilirubin degradation product, C16H18N2O5 (4)","Bilirubin degradation product, C16H18N2O5 (4) / Bilirubin (E,E)",若 ratio_trait 表示 out/in，则 direction_sign=+1；若表示 in/out，则 direction_sign=-1；若该模块无合适 ratio，则留空。,"Fill +1 for out/in-like forward support, -1 for in/out-like reverse support",gcst90200686/gcst90200265,gcst90200265/gcst90200686
M_646,GCST90200269,GCST90200686,"Bilirubin degradation product, C17H20N2O5 (1)","Bilirubin (E,E)",胆红素/胆绿素支路,Bilirubin/Biliverdin Branch,类固醇-胆汁酸-葡萄糖醛酸化代谢,高,,,GCST90200686 / GCST90200269,GCST90200269 / GCST90200686,"Bilirubin (E,E) / Bilirubin degradation product, C17H20N2O5 (1)","Bilirubin degradation product, C17H20N2O5 (1) / Bilirubin (E,E)",若 ratio_trait 表示 out/in，则 direction_sign=+1；若表示 in/out，则 direction_sign=-1；若该模块无合适 ratio，则留空。,"Fill +1 for out/in-like forward support, -1 for in/out-like reverse support",gcst90200686/gcst90200269,gcst90200269/gcst90200686
M_647,GCST90200271,GCST90200686,"Bilirubin degradation product, C16H18N2O5 (3)","Bilirubin (E,E)",胆红素/胆绿素支路,Bilirubin/Biliverdin Branch,类固醇-胆汁酸-葡萄糖醛酸化代谢,高,,,GCST90200686 / GCST90200271,GCST90200271 / GCST90200686,"Bilirubin (E,E) / Bilirubin degradation product, C16H18N2O5 (3)","Bilirubin degradation product, C16H18N2O5 (3) / Bilirubin (E,E)",若 ratio_trait 表示 out/in，则 direction_sign=+1；若表示 in/out，则 direction_sign=-1；若该模块无合适 ratio，则留空。,"Fill +1 for out/in-like forward support, -1 for in/out-like reverse support",gcst90200686/gcst90200271,gcst90200271/gcst90200686
M_648,GCST90200275,GCST90200686,"Bilirubin degradation product, C16H18N2O5 (2)","Bilirubin (E,E)",胆红素/胆绿素支路,Bilirubin/Biliverdin Branch,类固醇-胆汁酸-葡萄糖醛酸化代谢,高,,,GCST90200686 / GCST90200275,GCST90200275 / GCST90200686,"Bilirubin (E,E) / Bilirubin degradation product, C16H18N2O5 (2)","Bilirubin degradation product, C16H18N2O5 (2) / Bilirubin (E,E)",若 ratio_trait 表示 out/in，则 direction_sign=+1；若表示 in/out，则 direction_sign=-1；若该模块无合适 ratio，则留空。,"Fill +1 for out/in-like forward support, -1 for in/out-like reverse support",gcst90200686/gcst90200275,gcst90200275/gcst90200686
M_649,GCST90200277,GCST90200686,"Bilirubin degradation product, C16H18N2O5 (1)","Bilirubin (E,E)",胆红素/胆绿素支路,Bilirubin/Biliverdin Branch,类固醇-胆汁酸-葡萄糖醛酸化代谢,高,,,GCST90200686 / GCST90200277,GCST90200277 / GCST90200686,"Bilirubin (E,E) / Bilirubin degradation product, C16H18N2O5 (1)","Bilirubin degradation product, C16H18N2O5 (1) / Bilirubin (E,E)",若 ratio_trait 表示 out/in，则 direction_sign=+1；若表示 in/out，则 direction_sign=-1；若该模块无合适 ratio，则留空。,"Fill +1 for out/in-like forward support, -1 for in/out-like reverse support",gcst90200686/gcst90200277,gcst90200277/gcst90200686
M_650,GCST90200686,GCST90200706,"Bilirubin (E,E)",Biliverdin,胆红素/胆绿素支路,Bilirubin/Biliverdin Branch,类固醇-胆汁酸-葡萄糖醛酸化代谢,中,,,GCST90200706 / GCST90200686,GCST90200686 / GCST90200706,"Biliverdin / Bilirubin (E,E)","Bilirubin (E,E) / Biliverdin",若 ratio_trait 表示 out/in，则 direction_sign=+1；若表示 in/out，则 direction_sign=-1；若该模块无合适 ratio，则留空。,"Fill +1 for out/in-like forward support, -1 for in/out-like reverse support",gcst90200706/gcst90200686,gcst90200686/gcst90200706
M_651,GCST90200686,GCST90200264,"Bilirubin (E,E)","Bilirubin degradation product, C17H20N2O5 (2)",胆红素/胆绿素支路,Bilirubin/Biliverdin Branch,类固醇-胆汁酸-葡萄糖醛酸化代谢,中,,,GCST90200264 / GCST90200686,GCST90200686 / GCST90200264,"Bilirubin degradation product, C17H20N2O5 (2) / Bilirubin (E,E)","Bilirubin (E,E) / Bilirubin degradation product, C17H20N2O5 (2)",若 ratio_trait 表示 out/in，则 direction_sign=+1；若表示 in/out，则 direction_sign=-1；若该模块无合适 ratio，则留空。,"Fill +1 for out/in-like forward support, -1 for in/out-like reverse support",gcst90200264/gcst90200686,gcst90200686/gcst90200264
M_652,GCST90200686,GCST90200265,"Bilirubin (E,E)","Bilirubin degradation product, C16H18N2O5 (4)",胆红素/胆绿素支路,Bilirubin/Biliverdin Branch,类固醇-胆汁酸-葡萄糖醛酸化代谢,中,,,GCST90200265 / GCST90200686,GCST90200686 / GCST90200265,"Bilirubin degradation product, C16H18N2O5 (4) / Bilirubin (E,E)","Bilirubin (E,E) / Bilirubin degradation product, C16H18N2O5 (4)",若 ratio_trait 表示 out/in，则 direction_sign=+1；若表示 in/out，则 direction_sign=-1；若该模块无合适 ratio，则留空。,"Fill +1 for out/in-like forward support, -1 for in/out-like reverse support",gcst90200265/gcst90200686,gcst90200686/gcst90200265
M_653,GCST90200686,GCST90200269,"Bilirubin (E,E)","Bilirubin degradation product, C17H20N2O5 (1)",胆红素/胆绿素支路,Bilirubin/Biliverdin Branch,类固醇-胆汁酸-葡萄糖醛酸化代谢,中,,,GCST90200269 / GCST90200686,GCST90200686 / GCST90200269,"Bilirubin degradation product, C17H20N2O5 (1) / Bilirubin (E,E)","Bilirubin (E,E) / Bilirubin degradation product, C17H20N2O5 (1)",若 ratio_trait 表示 out/in，则 direction_sign=+1；若表示 in/out，则 direction_sign=-1；若该模块无合适 ratio，则留空。,"Fill +1 for out/in-like forward support, -1 for in/out-like reverse support",gcst90200269/gcst90200686,gcst90200686/gcst90200269
M_654,GCST90200686,GCST90200271,"Bilirubin (E,E)","Bilirubin degradation product, C16H18N2O5 (3)",胆红素/胆绿素支路,Bilirubin/Biliverdin Branch,类固醇-胆汁酸-葡萄糖醛酸化代谢,中,,,GCST90200271 / GCST90200686,GCST90200686 / GCST90200271,"Bilirubin degradation product, C16H18N2O5 (3) / Bilirubin (E,E)","Bilirubin (E,E) / Bilirubin degradation product, C16H18N2O5 (3)",若 ratio_trait 表示 out/in，则 direction_sign=+1；若表示 in/out，则 direction_sign=-1；若该模块无合适 ratio，则留空。,"Fill +1 for out/in-like forward support, -1 for in/out-like reverse support",gcst90200271/gcst90200686,gcst90200686/gcst90200271
M_655,GCST90200686,GCST90200275,"Bilirubin (E,E)","Bilirubin degradation product, C16H18N2O5 (2)",胆红素/胆绿素支路,Bilirubin/Biliverdin Branch,类固醇-胆汁酸-葡萄糖醛酸化代谢,中,,,GCST90200275 / GCST90200686,GCST90200686 / GCST90200275,"Bilirubin degradation product, C16H18N2O5 (2) / Bilirubin (E,E)","Bilirubin (E,E) / Bilirubin degradation product, C16H18N2O5 (2)",若 ratio_trait 表示 out/in，则 direction_sign=+1；若表示 in/out，则 direction_sign=-1；若该模块无合适 ratio，则留空。,"Fill +1 for out/in-like forward support, -1 for in/out-like reverse support",gcst90200275/gcst90200686,gcst90200686/gcst90200275
M_656,GCST90200686,GCST90200277,"Bilirubin (E,E)","Bilirubin degradation product, C16H18N2O5 (1)",胆红素/胆绿素支路,Bilirubin/Biliverdin Branch,类固醇-胆汁酸-葡萄糖醛酸化代谢,中,,,GCST90200277 / GCST90200686,GCST90200686 / GCST90200277,"Bilirubin degradation product, C16H18N2O5 (1) / Bilirubin (E,E)","Bilirubin (E,E) / Bilirubin degradation product, C16H18N2O5 (1)",若 ratio_trait 表示 out/in，则 direction_sign=+1；若表示 in/out，则 direction_sign=-1；若该模块无合适 ratio，则留空。,"Fill +1 for out/in-like forward support, -1 for in/out-like reverse support",gcst90200277/gcst90200686,gcst90200686/gcst90200277
M_657,GCST90200686,GCST90200701,"Bilirubin (E,E)","Bilirubin degradation product, C17H18N2O4 (1)",胆红素/胆绿素支路,Bilirubin/Biliverdin Branch,类固醇-胆汁酸-葡萄糖醛酸化代谢,中,,,GCST90200701 / GCST90200686,GCST90200686 / GCST90200701,"Bilirubin degradation product, C17H18N2O4 (1) / Bilirubin (E,E)","Bilirubin (E,E) / Bilirubin degradation product, C17H18N2O4 (1)",若 ratio_trait 表示 out/in，则 direction_sign=+1；若表示 in/out，则 direction_sign=-1；若该模块无合适 ratio，则留空。,"Fill +1 for out/in-like forward support, -1 for in/out-like reverse support",gcst90200701/gcst90200686,gcst90200686/gcst90200701
M_658,GCST90200686,GCST90200703,"Bilirubin (E,E)","Bilirubin degradation product, C17H18N2O4 (3)",胆红素/胆绿素支路,Bilirubin/Biliverdin Branch,类固醇-胆汁酸-葡萄糖醛酸化代谢,中,,,GCST90200703 / GCST90200686,GCST90200686 / GCST90200703,"Bilirubin degradation product, C17H18N2O4 (3) / Bilirubin (E,E)","Bilirubin (E,E) / Bilirubin degradation product, C17H18N2O4 (3)",若 ratio_trait 表示 out/in，则 direction_sign=+1；若表示 in/out，则 direction_sign=-1；若该模块无合适 ratio，则留空。,"Fill +1 for out/in-like forward support, -1 for in/out-like reverse support",gcst90200703/gcst90200686,gcst90200686/gcst90200703
M_659,GCST90200686,GCST90200702,"Bilirubin (E,E)","Bilirubin degradation product, C17H18N2O4 (2)",胆红素/胆绿素支路,Bilirubin/Biliverdin Branch,类固醇-胆汁酸-葡萄糖醛酸化代谢,中,,,GCST90200702 / GCST90200686,GCST90200686 / GCST90200702,"Bilirubin degradation product, C17H18N2O4 (2) / Bilirubin (E,E)","Bilirubin (E,E) / Bilirubin degradation product, C17H18N2O4 (2)",若 ratio_trait 表示 out/in，则 direction_sign=+1；若表示 in/out，则 direction_sign=-1；若该模块无合适 ratio，则留空。,"Fill +1 for out/in-like forward support, -1 for in/out-like reverse support",gcst90200702/gcst90200686,gcst90200686/gcst90200702
M_660,GCST90200687,GCST90200706,"Bilirubin (E,Z or Z,E)",Biliverdin,胆红素/胆绿素支路,Bilirubin/Biliverdin Branch,类固醇-胆汁酸-葡萄糖醛酸化代谢,中,,,GCST90200706 / GCST90200687,GCST90200687 / GCST90200706,"Biliverdin / Bilirubin (E,Z or Z,E)","Bilirubin (E,Z or Z,E) / Biliverdin",若 ratio_trait 表示 out/in，则 direction_sign=+1；若表示 in/out，则 direction_sign=-1；若该模块无合适 ratio，则留空。,"Fill +1 for out/in-like forward support, -1 for in/out-like reverse support",gcst90200706/gcst90200687,gcst90200687/gcst90200706
M_661,GCST90200701,GCST90200686,"Bilirubin degradation product, C17H18N2O4 (1)","Bilirubin (E,E)",胆红素/胆绿素支路,Bilirubin/Biliverdin Branch,类固醇-胆汁酸-葡萄糖醛酸化代谢,高,,,GCST90200686 / GCST90200701,GCST90200701 / GCST90200686,"Bilirubin (E,E) / Bilirubin degradation product, C17H18N2O4 (1)","Bilirubin degradation product, C17H18N2O4 (1) / Bilirubin (E,E)",若 ratio_trait 表示 out/in，则 direction_sign=+1；若表示 in/out，则 direction_sign=-1；若该模块无合适 ratio，则留空。,"Fill +1 for out/in-like forward support, -1 for in/out-like reverse support",gcst90200686/gcst90200701,gcst90200701/gcst90200686
M_662,GCST90200703,GCST90200686,"Bilirubin degradation product, C17H18N2O4 (3)","Bilirubin (E,E)",胆红素/胆绿素支路,Bilirubin/Biliverdin Branch,类固醇-胆汁酸-葡萄糖醛酸化代谢,高,,,GCST90200686 / GCST90200703,GCST90200703 / GCST90200686,"Bilirubin (E,E) / Bilirubin degradation product, C17H18N2O4 (3)","Bilirubin degradation product, C17H18N2O4 (3) / Bilirubin (E,E)",若 ratio_trait 表示 out/in，则 direction_sign=+1；若表示 in/out，则 direction_sign=-1；若该模块无合适 ratio，则留空。,"Fill +1 for out/in-like forward support, -1 for in/out-like reverse support",gcst90200686/gcst90200703,gcst90200703/gcst90200686
M_663,GCST90200704,GCST90200706,"Bilirubin (z,z)",Biliverdin,胆红素/胆绿素支路,Bilirubin/Biliverdin Branch,类固醇-胆汁酸-葡萄糖醛酸化代谢,中,,,GCST90200706 / GCST90200704,GCST90200704 / GCST90200706,"Biliverdin / Bilirubin (z,z)","Bilirubin (z,z) / Biliverdin",若 ratio_trait 表示 out/in，则 direction_sign=+1；若表示 in/out，则 direction_sign=-1；若该模块无合适 ratio，则留空。,"Fill +1 for out/in-like forward support, -1 for in/out-like reverse support",gcst90200706/gcst90200704,gcst90200704/gcst90200706
M_664,GCST90200706,GCST90200686,Biliverdin,"Bilirubin (E,E)",胆红素/胆绿素支路,Bilirubin/Biliverdin Branch,类固醇-胆汁酸-葡萄糖醛酸化代谢,高,,,GCST90200686 / GCST90200706,GCST90200706 / GCST90200686,"Bilirubin (E,E) / Biliverdin","Biliverdin / Bilirubin (E,E)",若 ratio_trait 表示 out/in，则 direction_sign=+1；若表示 in/out，则 direction_sign=-1；若该模块无合适 ratio，则留空。,"Fill +1 for out/in-like forward support, -1 for in/out-like reverse support",gcst90200686/gcst90200706,gcst90200706/gcst90200686
M_665,GCST90200706,GCST90200687,Biliverdin,"Bilirubin (E,Z or Z,E)",胆红素/胆绿素支路,Bilirubin/Biliverdin Branch,类固醇-胆汁酸-葡萄糖醛酸化代谢,中,,,GCST90200687 / GCST90200706,GCST90200706 / GCST90200687,"Bilirubin (E,Z or Z,E) / Biliverdin","Biliverdin / Bilirubin (E,Z or Z,E)",若 ratio_trait 表示 out/in，则 direction_sign=+1；若表示 in/out，则 direction_sign=-1；若该模块无合适 ratio，则留空。,"Fill +1 for out/in-like forward support, -1 for in/out-like reverse support",gcst90200687/gcst90200706,gcst90200706/gcst90200687
M_666,GCST90200706,GCST90200704,Biliverdin,"Bilirubin (z,z)",胆红素/胆绿素支路,Bilirubin/Biliverdin Branch,类固醇-胆汁酸-葡萄糖醛酸化代谢,中,,,GCST90200704 / GCST90200706,GCST90200706 / GCST90200704,"Bilirubin (z,z) / Biliverdin","Biliverdin / Bilirubin (z,z)",若 ratio_trait 表示 out/in，则 direction_sign=+1；若表示 in/out，则 direction_sign=-1；若该模块无合适 ratio，则留空。,"Fill +1 for out/in-like forward support, -1 for in/out-like reverse support",gcst90200704/gcst90200706,gcst90200706/gcst90200704
M_667,GCST90200702,GCST90200686,"Bilirubin degradation product, C17H18N2O4 (2)","Bilirubin (E,E)",胆红素/胆绿素支路,Bilirubin/Biliverdin Branch,类固醇-胆汁酸-葡萄糖醛酸化代谢,高,,,GCST90200686 / GCST90200702,GCST90200702 / GCST90200686,"Bilirubin (E,E) / Bilirubin degradation product, C17H18N2O4 (2)","Bilirubin degradation product, C17H18N2O4 (2) / Bilirubin (E,E)",若 ratio_trait 表示 out/in，则 direction_sign=+1；若表示 in/out，则 direction_sign=-1；若该模块无合适 ratio，则留空。,"Fill +1 for out/in-like forward support, -1 for in/out-like reverse support",gcst90200686/gcst90200702,gcst90200702/gcst90200686
M_668,GCST90199641,GCST90200368,Glucuronate,Cholesterol,葡糖醛酸支路,Glucuronate Branch,类固醇-胆汁酸-葡萄糖醛酸化代谢,低,,,GCST90200368 / GCST90199641,GCST90199641 / GCST90200368,Cholesterol / Glucuronate,Glucuronate / Cholesterol,若 ratio_trait 表示 out/in，则 direction_sign=+1；若表示 in/out，则 direction_sign=-1；若该模块无合适 ratio，则留空。,"Fill +1 for out/in-like forward support, -1 for in/out-like reverse support",gcst90200368/gcst90199641,gcst90199641/gcst90200368
M_669,GCST90199641,GCST90199739,Glucuronate,Salicyluric glucuronide,葡糖醛酸支路,Glucuronate Branch,类固醇-胆汁酸-葡萄糖醛酸化代谢,中,,,GCST90199739 / GCST90199641,GCST90199641 / GCST90199739,Salicyluric glucuronide / Glucuronate,Glucuronate / Salicyluric glucuronide,若 ratio_trait 表示 out/in，则 direction_sign=+1；若表示 in/out，则 direction_sign=-1；若该模块无合适 ratio，则留空。,"Fill +1 for out/in-like forward support, -1 for in/out-like reverse support",gcst90199739/gcst90199641,gcst90199641/gcst90199739
M_670,GCST90199641,GCST90200096,Glucuronate,Catechol glucuronide,葡糖醛酸支路,Glucuronate Branch,类固醇-胆汁酸-葡萄糖醛酸化代谢,中,,,GCST90200096 / GCST90199641,GCST90199641 / GCST90200096,Catechol glucuronide / Glucuronate,Glucuronate / Catechol glucuronide,若 ratio_trait 表示 out/in，则 direction_sign=+1；若表示 in/out，则 direction_sign=-1；若该模块无合适 ratio，则留空。,"Fill +1 for out/in-like forward support, -1 for in/out-like reverse support",gcst90200096/gcst90199641,gcst90199641/gcst90200096
M_671,GCST90199641,GCST90200025,Glucuronate,Phenol glucuronide,葡糖醛酸支路,Glucuronate Branch,类固醇-胆汁酸-葡萄糖醛酸化代谢,中,,,GCST90200025 / GCST90199641,GCST90199641 / GCST90200025,Phenol glucuronide / Glucuronate,Glucuronate / Phenol glucuronide,若 ratio_trait 表示 out/in，则 direction_sign=+1；若表示 in/out，则 direction_sign=-1；若该模块无合适 ratio，则留空。,"Fill +1 for out/in-like forward support, -1 for in/out-like reverse support",gcst90200025/gcst90199641,gcst90199641/gcst90200025
M_672,GCST90199641,GCST90200003,Glucuronate,P-cresol glucuronide,葡糖醛酸支路,Glucuronate Branch,类固醇-胆汁酸-葡萄糖醛酸化代谢,中,,,GCST90200003 / GCST90199641,GCST90199641 / GCST90200003,P-cresol glucuronide / Glucuronate,Glucuronate / P-cresol glucuronide,若 ratio_trait 表示 out/in，则 direction_sign=+1；若表示 in/out，则 direction_sign=-1；若该模块无合适 ratio，则留空。,"Fill +1 for out/in-like forward support, -1 for in/out-like reverse support",gcst90200003/gcst90199641,gcst90199641/gcst90200003
M_673,GCST90199641,GCST90199941,Glucuronate,Gamma-CEHC glucuronide,葡糖醛酸支路,Glucuronate Branch,类固醇-胆汁酸-葡萄糖醛酸化代谢,中,,,GCST90199941 / GCST90199641,GCST90199641 / GCST90199941,Gamma-CEHC glucuronide / Glucuronate,Glucuronate / Gamma-CEHC glucuronide,若 ratio_trait 表示 out/in，则 direction_sign=+1；若表示 in/out，则 direction_sign=-1；若该模块无合适 ratio，则留空。,"Fill +1 for out/in-like forward support, -1 for in/out-like reverse support",gcst90199941/gcst90199641,gcst90199641/gcst90199941
M_674,GCST90199641,GCST90200156,Glucuronate,Cortolone glucuronide (1),葡糖醛酸支路,Glucuronate Branch,类固醇-胆汁酸-葡萄糖醛酸化代谢,中,,,GCST90200156 / GCST90199641,GCST90199641 / GCST90200156,Cortolone glucuronide (1) / Glucuronate,Glucuronate / Cortolone glucuronide (1),若 ratio_trait 表示 out/in，则 direction_sign=+1；若表示 in/out，则 direction_sign=-1；若该模块无合适 ratio，则留空。,"Fill +1 for out/in-like forward support, -1 for in/out-like reverse support",gcst90200156/gcst90199641,gcst90199641/gcst90200156
M_675,GCST90199641,GCST90200178,Glucuronate,Glucuronide of C10H18O2 (7),葡糖醛酸支路,Glucuronate Branch,类固醇-胆汁酸-葡萄糖醛酸化代谢,中,,,GCST90200178 / GCST90199641,GCST90199641 / GCST90200178,Glucuronide of C10H18O2 (7) / Glucuronate,Glucuronate / Glucuronide of C10H18O2 (7),若 ratio_trait 表示 out/in，则 direction_sign=+1；若表示 in/out，则 direction_sign=-1；若该模块无合适 ratio，则留空。,"Fill +1 for out/in-like forward support, -1 for in/out-like reverse support",gcst90200178/gcst90199641,gcst90199641/gcst90200178
M_676,GCST90199641,GCST90200180,Glucuronate,Glucuronide of C12H22O4 (1),葡糖醛酸支路,Glucuronate Branch,类固醇-胆汁酸-葡萄糖醛酸化代谢,中,,,GCST90200180 / GCST90199641,GCST90199641 / GCST90200180,Glucuronide of C12H22O4 (1) / Glucuronate,Glucuronate / Glucuronide of C12H22O4 (1),若 ratio_trait 表示 out/in，则 direction_sign=+1；若表示 in/out，则 direction_sign=-1；若该模块无合适 ratio，则留空。,"Fill +1 for out/in-like forward support, -1 for in/out-like reverse support",gcst90200180/gcst90199641,gcst90199641/gcst90200180
M_677,GCST90199641,GCST90200189,Glucuronate,Glucuronide of piperine metabolite C17H21NO3 (3),葡糖醛酸支路,Glucuronate Branch,类固醇-胆汁酸-葡萄糖醛酸化代谢,中,,,GCST90200189 / GCST90199641,GCST90199641 / GCST90200189,Glucuronide of piperine metabolite C17H21NO3 (3) / Glucuronate,Glucuronate / Glucuronide of piperine metabolite C17H21NO3 (3),若 ratio_trait 表示 out/in，则 direction_sign=+1；若表示 in/out，则 direction_sign=-1；若该模块无合适 ratio，则留空。,"Fill +1 for out/in-like forward support, -1 for in/out-like reverse support",gcst90200189/gcst90199641,gcst90199641/gcst90200189
M_678,GCST90199641,GCST90200208,Glucuronate,Glucuronide of piperine metabolite C17H21NO3 (4),葡糖醛酸支路,Glucuronate Branch,类固醇-胆汁酸-葡萄糖醛酸化代谢,中,,,GCST90200208 / GCST90199641,GCST90199641 / GCST90200208,Glucuronide of piperine metabolite C17H21NO3 (4) / Glucuronate,Glucuronate / Glucuronide of piperine metabolite C17H21NO3 (4),若 ratio_trait 表示 out/in，则 direction_sign=+1；若表示 in/out，则 direction_sign=-1；若该模块无合适 ratio，则留空。,"Fill +1 for out/in-like forward support, -1 for in/out-like reverse support",gcst90200208/gcst90199641,gcst90199641/gcst90200208
M_679,GCST90199641,GCST90200211,Glucuronate,3-hydroxypyridine glucuronide,葡糖醛酸支路,Glucuronate Branch,类固醇-胆汁酸-葡萄糖醛酸化代谢,中,,,GCST90200211 / GCST90199641,GCST90199641 / GCST90200211,3-hydroxypyridine glucuronide / Glucuronate,Glucuronate / 3-hydroxypyridine glucuronide,若 ratio_trait 表示 out/in，则 direction_sign=+1；若表示 in/out，则 direction_sign=-1；若该模块无合适 ratio，则留空。,"Fill +1 for out/in-like forward support, -1 for in/out-like reverse support",gcst90200211/gcst90199641,gcst90199641/gcst90200211
M_680,GCST90199641,GCST90200212,Glucuronate,Glucuronide of piperine metabolite C17H21NO3 (5),葡糖醛酸支路,Glucuronate Branch,类固醇-胆汁酸-葡萄糖醛酸化代谢,中,,,GCST90200212 / GCST90199641,GCST90199641 / GCST90200212,Glucuronide of piperine metabolite C17H21NO3 (5) / Glucuronate,Glucuronate / Glucuronide of piperine metabolite C17H21NO3 (5),若 ratio_trait 表示 out/in，则 direction_sign=+1；若表示 in/out，则 direction_sign=-1；若该模块无合适 ratio，则留空。,"Fill +1 for out/in-like forward support, -1 for in/out-like reverse support",gcst90200212/gcst90199641,gcst90199641/gcst90200212
M_681,GCST90199641,GCST90200219,Glucuronate,Cholic acid glucuronide,葡糖醛酸支路,Glucuronate Branch,类固醇-胆汁酸-葡萄糖醛酸化代谢,中,,,GCST90200219 / GCST90199641,GCST90199641 / GCST90200219,Cholic acid glucuronide / Glucuronate,Glucuronate / Cholic acid glucuronide,若 ratio_trait 表示 out/in，则 direction_sign=+1；若表示 in/out，则 direction_sign=-1；若该模块无合适 ratio，则留空。,"Fill +1 for out/in-like forward support, -1 for in/out-like reverse support",gcst90200219/gcst90199641,gcst90199641/gcst90200219
M_682,GCST90199641,GCST90200699,Glucuronate,Deoxycholic acid glucuronide,葡糖醛酸支路,Glucuronate Branch,类固醇-胆汁酸-葡萄糖醛酸化代谢,中,,,GCST90200699 / GCST90199641,GCST90199641 / GCST90200699,Deoxycholic acid glucuronide / Glucuronate,Glucuronate / Deoxycholic acid glucuronide,若 ratio_trait 表示 out/in，则 direction_sign=+1；若表示 in/out，则 direction_sign=-1；若该模块无合适 ratio，则留空。,"Fill +1 for out/in-like forward support, -1 for in/out-like reverse support",gcst90200699/gcst90199641,gcst90199641/gcst90200699
M_683,GCST90199641,GCST90199670,Glucuronate,Iminodiacetate (IDA),葡糖醛酸支路,Glucuronate Branch,类固醇-胆汁酸-葡萄糖醛酸化代谢,中,,,GCST90199670 / GCST90199641,GCST90199641 / GCST90199670,Iminodiacetate (IDA) / Glucuronate,Glucuronate / Iminodiacetate (IDA),若 ratio_trait 表示 out/in，则 direction_sign=+1；若表示 in/out，则 direction_sign=-1；若该模块无合适 ratio，则留空。,"Fill +1 for out/in-like forward support, -1 for in/out-like reverse support",gcst90199670/gcst90199641,gcst90199641/gcst90199670
M_684,GCST90199641,GCST90199690,Glucuronate,EDTA,葡糖醛酸支路,Glucuronate Branch,类固醇-胆汁酸-葡萄糖醛酸化代谢,中,,,GCST90199690 / GCST90199641,GCST90199641 / GCST90199690,EDTA / Glucuronate,Glucuronate / EDTA,若 ratio_trait 表示 out/in，则 direction_sign=+1；若表示 in/out，则 direction_sign=-1；若该模块无合适 ratio，则留空。,"Fill +1 for out/in-like forward support, -1 for in/out-like reverse support",gcst90199690/gcst90199641,gcst90199641/gcst90199690
M_685,GCST90199641,GCST90199632,Glucuronate,Tartarate,葡糖醛酸支路,Glucuronate Branch,类固醇-胆汁酸-葡萄糖醛酸化代谢,中,,,GCST90199632 / GCST90199641,GCST90199641 / GCST90199632,Tartarate / Glucuronate,Glucuronate / Tartarate,若 ratio_trait 表示 out/in，则 direction_sign=+1；若表示 in/out，则 direction_sign=-1；若该模块无合适 ratio，则留空。,"Fill +1 for out/in-like forward support, -1 for in/out-like reverse support",gcst90199632/gcst90199641,gcst90199641/gcst90199632
M_686,GCST90199641,GCST90199864,Glucuronate,Gamma-CEHC,葡糖醛酸支路,Glucuronate Branch,类固醇-胆汁酸-葡萄糖醛酸化代谢,中,,,GCST90199864 / GCST90199641,GCST90199641 / GCST90199864,Gamma-CEHC / Glucuronate,Glucuronate / Gamma-CEHC,若 ratio_trait 表示 out/in，则 direction_sign=+1；若表示 in/out，则 direction_sign=-1；若该模块无合适 ratio，则留空。,"Fill +1 for out/in-like forward support, -1 for in/out-like reverse support",gcst90199864/gcst90199641,gcst90199641/gcst90199864
M_687,GCST90199641,GCST90199812,Glucuronate,3-(3-hydroxyphenyl)propionate,葡糖醛酸支路,Glucuronate Branch,类固醇-胆汁酸-葡萄糖醛酸化代谢,中,,,GCST90199812 / GCST90199641,GCST90199641 / GCST90199812,3-(3-hydroxyphenyl)propionate / Glucuronate,Glucuronate / 3-(3-hydroxyphenyl)propionate,若 ratio_trait 表示 out/in，则 direction_sign=+1；若表示 in/out，则 direction_sign=-1；若该模块无合适 ratio，则留空。,"Fill +1 for out/in-like forward support, -1 for in/out-like reverse support",gcst90199812/gcst90199641,gcst90199641/gcst90199812
M_688,GCST90199641,GCST90199825,Glucuronate,Pyrraline,葡糖醛酸支路,Glucuronate Branch,类固醇-胆汁酸-葡萄糖醛酸化代谢,中,,,GCST90199825 / GCST90199641,GCST90199641 / GCST90199825,Pyrraline / Glucuronate,Glucuronate / Pyrraline,若 ratio_trait 表示 out/in，则 direction_sign=+1；若表示 in/out，则 direction_sign=-1；若该模块无合适 ratio，则留空。,"Fill +1 for out/in-like forward support, -1 for in/out-like reverse support",gcst90199825/gcst90199641,gcst90199641/gcst90199825
M_689,GCST90199641,GCST90199778,Glucuronate,N1-methyl-2-pyridone-5-carboxamide,葡糖醛酸支路,Glucuronate Branch,类固醇-胆汁酸-葡萄糖醛酸化代谢,中,,,GCST90199778 / GCST90199641,GCST90199641 / GCST90199778,N1-methyl-2-pyridone-5-carboxamide / Glucuronate,Glucuronate / N1-methyl-2-pyridone-5-carboxamide,若 ratio_trait 表示 out/in，则 direction_sign=+1；若表示 in/out，则 direction_sign=-1；若该模块无合适 ratio，则留空。,"Fill +1 for out/in-like forward support, -1 for in/out-like reverse support",gcst90199778/gcst90199641,gcst90199641/gcst90199778
M_690,GCST90199641,GCST90199714,Glucuronate,3-hydroxy-2-ethylpropionate,葡糖醛酸支路,Glucuronate Branch,类固醇-胆汁酸-葡萄糖醛酸化代谢,中,,,GCST90199714 / GCST90199641,GCST90199641 / GCST90199714,3-hydroxy-2-ethylpropionate / Glucuronate,Glucuronate / 3-hydroxy-2-ethylpropionate,若 ratio_trait 表示 out/in，则 direction_sign=+1；若表示 in/out，则 direction_sign=-1；若该模块无合适 ratio，则留空。,"Fill +1 for out/in-like forward support, -1 for in/out-like reverse support",gcst90199714/gcst90199641,gcst90199641/gcst90199714
M_691,GCST90199641,GCST90199908,Glucuronate,2-o-methylascorbic acid,葡糖醛酸支路,Glucuronate Branch,类固醇-胆汁酸-葡萄糖醛酸化代谢,中,,,GCST90199908 / GCST90199641,GCST90199641 / GCST90199908,2-o-methylascorbic acid / Glucuronate,Glucuronate / 2-o-methylascorbic acid,若 ratio_trait 表示 out/in，则 direction_sign=+1；若表示 in/out，则 direction_sign=-1；若该模块无合适 ratio，则留空。,"Fill +1 for out/in-like forward support, -1 for in/out-like reverse support",gcst90199908/gcst90199641,gcst90199641/gcst90199908
M_692,GCST90199641,GCST90200100,Glucuronate,Perfluorooctanesulfonate (PFOS),葡糖醛酸支路,Glucuronate Branch,类固醇-胆汁酸-葡萄糖醛酸化代谢,中,,,GCST90200100 / GCST90199641,GCST90199641 / GCST90200100,Perfluorooctanesulfonate (PFOS) / Glucuronate,Glucuronate / Perfluorooctanesulfonate (PFOS),若 ratio_trait 表示 out/in，则 direction_sign=+1；若表示 in/out，则 direction_sign=-1；若该模块无合适 ratio，则留空。,"Fill +1 for out/in-like forward support, -1 for in/out-like reverse support",gcst90200100/gcst90199641,gcst90199641/gcst90200100
M_693,GCST90199641,GCST90200023,Glucuronate,"Trans 3,4-methyleneheptanoate",葡糖醛酸支路,Glucuronate Branch,类固醇-胆汁酸-葡萄糖醛酸化代谢,中,,,GCST90200023 / GCST90199641,GCST90199641 / GCST90200023,"Trans 3,4-methyleneheptanoate / Glucuronate","Glucuronate / Trans 3,4-methyleneheptanoate",若 ratio_trait 表示 out/in，则 direction_sign=+1；若表示 in/out，则 direction_sign=-1；若该模块无合适 ratio，则留空。,"Fill +1 for out/in-like forward support, -1 for in/out-like reverse support",gcst90200023/gcst90199641,gcst90199641/gcst90200023
M_694,GCST90199641,GCST90199949,Glucuronate,6-oxopiperidine-2-carboxylate,葡糖醛酸支路,Glucuronate Branch,类固醇-胆汁酸-葡萄糖醛酸化代谢,中,,,GCST90199949 / GCST90199641,GCST90199641 / GCST90199949,6-oxopiperidine-2-carboxylate / Glucuronate,Glucuronate / 6-oxopiperidine-2-carboxylate,若 ratio_trait 表示 out/in，则 direction_sign=+1；若表示 in/out，则 direction_sign=-1；若该模块无合适 ratio，则留空。,"Fill +1 for out/in-like forward support, -1 for in/out-like reverse support",gcst90199949/gcst90199641,gcst90199641/gcst90199949
M_695,GCST90199641,GCST90199977,Glucuronate,4-hydroxychlorothalonil,葡糖醛酸支路,Glucuronate Branch,类固醇-胆汁酸-葡萄糖醛酸化代谢,中,,,GCST90199977 / GCST90199641,GCST90199641 / GCST90199977,4-hydroxychlorothalonil / Glucuronate,Glucuronate / 4-hydroxychlorothalonil,若 ratio_trait 表示 out/in，则 direction_sign=+1；若表示 in/out，则 direction_sign=-1；若该模块无合适 ratio，则留空。,"Fill +1 for out/in-like forward support, -1 for in/out-like reverse support",gcst90199977/gcst90199641,gcst90199641/gcst90199977
M_696,GCST90199641,GCST90199942,Glucuronate,Dimethyl sulfone,葡糖醛酸支路,Glucuronate Branch,类固醇-胆汁酸-葡萄糖醛酸化代谢,中,,,GCST90199942 / GCST90199641,GCST90199641 / GCST90199942,Dimethyl sulfone / Glucuronate,Glucuronate / Dimethyl sulfone,若 ratio_trait 表示 out/in，则 direction_sign=+1；若表示 in/out，则 direction_sign=-1；若该模块无合适 ratio，则留空。,"Fill +1 for out/in-like forward support, -1 for in/out-like reverse support",gcst90199942/gcst90199641,gcst90199641/gcst90199942
M_697,GCST90199641,GCST90199943,Glucuronate,2-piperidinone,葡糖醛酸支路,Glucuronate Branch,类固醇-胆汁酸-葡萄糖醛酸化代谢,中,,,GCST90199943 / GCST90199641,GCST90199641 / GCST90199943,2-piperidinone / Glucuronate,Glucuronate / 2-piperidinone,若 ratio_trait 表示 out/in，则 direction_sign=+1；若表示 in/out，则 direction_sign=-1；若该模块无合适 ratio，则留空。,"Fill +1 for out/in-like forward support, -1 for in/out-like reverse support",gcst90199943/gcst90199641,gcst90199641/gcst90199943
M_698,GCST90199641,GCST90200147,Glucuronate,"N,N,N-trimethyl-5-aminovalerate",葡糖醛酸支路,Glucuronate Branch,类固醇-胆汁酸-葡萄糖醛酸化代谢,中,,,GCST90200147 / GCST90199641,GCST90199641 / GCST90200147,"N,N,N-trimethyl-5-aminovalerate / Glucuronate","Glucuronate / N,N,N-trimethyl-5-aminovalerate",若 ratio_trait 表示 out/in，则 direction_sign=+1；若表示 in/out，则 direction_sign=-1；若该模块无合适 ratio，则留空。,"Fill +1 for out/in-like forward support, -1 for in/out-like reverse support",gcst90200147/gcst90199641,gcst90199641/gcst90200147
M_699,GCST90199641,GCST90200229,Glucuronate,"2,6-dihydroxybenzoic acid",葡糖醛酸支路,Glucuronate Branch,类固醇-胆汁酸-葡萄糖醛酸化代谢,中,,,GCST90200229 / GCST90199641,GCST90199641 / GCST90200229,"2,6-dihydroxybenzoic acid / Glucuronate","Glucuronate / 2,6-dihydroxybenzoic acid",若 ratio_trait 表示 out/in，则 direction_sign=+1；若表示 in/out，则 direction_sign=-1；若该模块无合适 ratio，则留空。,"Fill +1 for out/in-like forward support, -1 for in/out-like reverse support",gcst90200229/gcst90199641,gcst90199641/gcst90200229
M_700,GCST90199641,GCST90200171,Glucuronate,Perfluorooctanoate (PFOA),葡糖醛酸支路,Glucuronate Branch,类固醇-胆汁酸-葡萄糖醛酸化代谢,中,,,GCST90200171 / GCST90199641,GCST90199641 / GCST90200171,Perfluorooctanoate (PFOA) / Glucuronate,Glucuronate / Perfluorooctanoate (PFOA),若 ratio_trait 表示 out/in，则 direction_sign=+1；若表示 in/out，则 direction_sign=-1；若该模块无合适 ratio，则留空。,"Fill +1 for out/in-like forward support, -1 for in/out-like reverse support",gcst90200171/gcst90199641,gcst90199641/gcst90200171
M_701,GCST90199641,GCST90200188,Glucuronate,3-amino-2-piperidone,葡糖醛酸支路,Glucuronate Branch,类固醇-胆汁酸-葡萄糖醛酸化代谢,中,,,GCST90200188 / GCST90199641,GCST90199641 / GCST90200188,3-amino-2-piperidone / Glucuronate,Glucuronate / 3-amino-2-piperidone,若 ratio_trait 表示 out/in，则 direction_sign=+1；若表示 in/out，则 direction_sign=-1；若该模块无合适 ratio，则留空。,"Fill +1 for out/in-like forward support, -1 for in/out-like reverse support",gcst90200188/gcst90199641,gcst90199641/gcst90200188
M_702,GCST90199641,GCST90200248,Glucuronate,"Cis 3,4-methyleneheptanoate",葡糖醛酸支路,Glucuronate Branch,类固醇-胆汁酸-葡萄糖醛酸化代谢,中,,,GCST90200248 / GCST90199641,GCST90199641 / GCST90200248,"Cis 3,4-methyleneheptanoate / Glucuronate","Glucuronate / Cis 3,4-methyleneheptanoate",若 ratio_trait 表示 out/in，则 direction_sign=+1；若表示 in/out，则 direction_sign=-1；若该模块无合适 ratio，则留空。,"Fill +1 for out/in-like forward support, -1 for in/out-like reverse support",gcst90200248/gcst90199641,gcst90199641/gcst90200248
M_703,GCST90199641,GCST90200252,Glucuronate,"3,5-dichloro-2,6-dihydroxybenzoic acid",葡糖醛酸支路,Glucuronate Branch,类固醇-胆汁酸-葡萄糖醛酸化代谢,中,,,GCST90200252 / GCST90199641,GCST90199641 / GCST90200252,"3,5-dichloro-2,6-dihydroxybenzoic acid / Glucuronate","Glucuronate / 3,5-dichloro-2,6-dihydroxybenzoic acid",若 ratio_trait 表示 out/in，则 direction_sign=+1；若表示 in/out，则 direction_sign=-1；若该模块无合适 ratio，则留空。,"Fill +1 for out/in-like forward support, -1 for in/out-like reverse support",gcst90200252/gcst90199641,gcst90199641/gcst90200252
M_704,GCST90199641,GCST90200254,Glucuronate,(S)-a-amino-omega-caprolactam,葡糖醛酸支路,Glucuronate Branch,类固醇-胆汁酸-葡萄糖醛酸化代谢,中,,,GCST90200254 / GCST90199641,GCST90199641 / GCST90200254,(S)-a-amino-omega-caprolactam / Glucuronate,Glucuronate / (S)-a-amino-omega-caprolactam,若 ratio_trait 表示 out/in，则 direction_sign=+1；若表示 in/out，则 direction_sign=-1；若该模块无合适 ratio，则留空。,"Fill +1 for out/in-like forward support, -1 for in/out-like reverse support",gcst90200254/gcst90199641,gcst90199641/gcst90200254
M_705,GCST90199641,GCST90200255,Glucuronate,"3-bromo-5-chloro-2,6-dihydroxybenzoic acid",葡糖醛酸支路,Glucuronate Branch,类固醇-胆汁酸-葡萄糖醛酸化代谢,中,,,GCST90200255 / GCST90199641,GCST90199641 / GCST90200255,"3-bromo-5-chloro-2,6-dihydroxybenzoic acid / Glucuronate","Glucuronate / 3-bromo-5-chloro-2,6-dihydroxybenzoic acid",若 ratio_trait 表示 out/in，则 direction_sign=+1；若表示 in/out，则 direction_sign=-1；若该模块无合适 ratio，则留空。,"Fill +1 for out/in-like forward support, -1 for in/out-like reverse support",gcst90200255/gcst90199641,gcst90199641/gcst90200255
M_706,GCST90199641,GCST90200122,Glucuronate,Nisinate (24:6n3),葡糖醛酸支路,Glucuronate Branch,类固醇-胆汁酸-葡萄糖醛酸化代谢,中,,,GCST90200122 / GCST90199641,GCST90199641 / GCST90200122,Nisinate (24:6n3) / Glucuronate,Glucuronate / Nisinate (24:6n3),若 ratio_trait 表示 out/in，则 direction_sign=+1；若表示 in/out，则 direction_sign=-1；若该模块无合适 ratio，则留空。,"Fill +1 for out/in-like forward support, -1 for in/out-like reverse support",gcst90200122/gcst90199641,gcst90199641/gcst90200122
M_707,GCST90199641,GCST90200202,Glucuronate,Delta-CEHC,葡糖醛酸支路,Glucuronate Branch,类固醇-胆汁酸-葡萄糖醛酸化代谢,中,,,GCST90200202 / GCST90199641,GCST90199641 / GCST90200202,Delta-CEHC / Glucuronate,Glucuronate / Delta-CEHC,若 ratio_trait 表示 out/in，则 direction_sign=+1；若表示 in/out，则 direction_sign=-1；若该模块无合适 ratio，则留空。,"Fill +1 for out/in-like forward support, -1 for in/out-like reverse support",gcst90200202/gcst90199641,gcst90199641/gcst90200202
M_708,GCST90199641,GCST90200276,Glucuronate,"2,4-di-tert-butylphenol",葡糖醛酸支路,Glucuronate Branch,类固醇-胆汁酸-葡萄糖醛酸化代谢,中,,,GCST90200276 / GCST90199641,GCST90199641 / GCST90200276,"2,4-di-tert-butylphenol / Glucuronate","Glucuronate / 2,4-di-tert-butylphenol",若 ratio_trait 表示 out/in，则 direction_sign=+1；若表示 in/out，则 direction_sign=-1；若该模块无合适 ratio，则留空。,"Fill +1 for out/in-like forward support, -1 for in/out-like reverse support",gcst90200276/gcst90199641,gcst90199641/gcst90200276
M_709,GCST90199641,GCST90200282,Glucuronate,Picolinate,葡糖醛酸支路,Glucuronate Branch,类固醇-胆汁酸-葡萄糖醛酸化代谢,中,,,GCST90200282 / GCST90199641,GCST90199641 / GCST90200282,Picolinate / Glucuronate,Glucuronate / Picolinate,若 ratio_trait 表示 out/in，则 direction_sign=+1；若表示 in/out，则 direction_sign=-1；若该模块无合适 ratio，则留空。,"Fill +1 for out/in-like forward support, -1 for in/out-like reverse support",gcst90200282/gcst90199641,gcst90199641/gcst90200282
M_710,GCST90199641,GCST90200283,Glucuronate,3-ureidopropionate,葡糖醛酸支路,Glucuronate Branch,类固醇-胆汁酸-葡萄糖醛酸化代谢,中,,,GCST90200283 / GCST90199641,GCST90199641 / GCST90200283,3-ureidopropionate / Glucuronate,Glucuronate / 3-ureidopropionate,若 ratio_trait 表示 out/in，则 direction_sign=+1；若表示 in/out，则 direction_sign=-1；若该模块无合适 ratio，则留空。,"Fill +1 for out/in-like forward support, -1 for in/out-like reverse support",gcst90200283/gcst90199641,gcst90199641/gcst90200283
M_711,GCST90199641,GCST90200309,Glucuronate,Vanillylmandelate (VMA),葡糖醛酸支路,Glucuronate Branch,类固醇-胆汁酸-葡萄糖醛酸化代谢,中,,,GCST90200309 / GCST90199641,GCST90199641 / GCST90200309,Vanillylmandelate (VMA) / Glucuronate,Glucuronate / Vanillylmandelate (VMA),若 ratio_trait 表示 out/in，则 direction_sign=+1；若表示 in/out，则 direction_sign=-1；若该模块无合适 ratio，则留空。,"Fill +1 for out/in-like forward support, -1 for in/out-like reverse support",gcst90200309/gcst90199641,gcst90199641/gcst90200309
M_712,GCST90199641,GCST90200311,Glucuronate,4-acetamidobutanoate,葡糖醛酸支路,Glucuronate Branch,类固醇-胆汁酸-葡萄糖醛酸化代谢,中,,,GCST90200311 / GCST90199641,GCST90199641 / GCST90200311,4-acetamidobutanoate / Glucuronate,Glucuronate / 4-acetamidobutanoate,若 ratio_trait 表示 out/in，则 direction_sign=+1；若表示 in/out，则 direction_sign=-1；若该模块无合适 ratio，则留空。,"Fill +1 for out/in-like forward support, -1 for in/out-like reverse support",gcst90200311/gcst90199641,gcst90199641/gcst90200311
M_713,GCST90199641,GCST90200317,Glucuronate,Homovanillate (hva),葡糖醛酸支路,Glucuronate Branch,类固醇-胆汁酸-葡萄糖醛酸化代谢,中,,,GCST90200317 / GCST90199641,GCST90199641 / GCST90200317,Homovanillate (hva) / Glucuronate,Glucuronate / Homovanillate (hva),若 ratio_trait 表示 out/in，则 direction_sign=+1；若表示 in/out，则 direction_sign=-1；若该模块无合适 ratio，则留空。,"Fill +1 for out/in-like forward support, -1 for in/out-like reverse support",gcst90200317/gcst90199641,gcst90199641/gcst90200317
M_714,GCST90199641,GCST90200319,Glucuronate,"Cys-gly, oxidized",葡糖醛酸支路,Glucuronate Branch,类固醇-胆汁酸-葡萄糖醛酸化代谢,中,,,GCST90200319 / GCST90199641,GCST90199641 / GCST90200319,"Cys-gly, oxidized / Glucuronate","Glucuronate / Cys-gly, oxidized",若 ratio_trait 表示 out/in，则 direction_sign=+1；若表示 in/out，则 direction_sign=-1；若该模块无合适 ratio，则留空。,"Fill +1 for out/in-like forward support, -1 for in/out-like reverse support",gcst90200319/gcst90199641,gcst90199641/gcst90200319
M_715,GCST90199641,GCST90200348,Glucuronate,Quinolinate,葡糖醛酸支路,Glucuronate Branch,类固醇-胆汁酸-葡萄糖醛酸化代谢,中,,,GCST90200348 / GCST90199641,GCST90199641 / GCST90200348,Quinolinate / Glucuronate,Glucuronate / Quinolinate,若 ratio_trait 表示 out/in，则 direction_sign=+1；若表示 in/out，则 direction_sign=-1；若该模块无合适 ratio，则留空。,"Fill +1 for out/in-like forward support, -1 for in/out-like reverse support",gcst90200348/gcst90199641,gcst90199641/gcst90200348
M_716,GCST90199641,GCST90200353,Glucuronate,"9,10-DiHOME",葡糖醛酸支路,Glucuronate Branch,类固醇-胆汁酸-葡萄糖醛酸化代谢,中,,,GCST90200353 / GCST90199641,GCST90199641 / GCST90200353,"9,10-DiHOME / Glucuronate","Glucuronate / 9,10-DiHOME",若 ratio_trait 表示 out/in，则 direction_sign=+1；若表示 in/out，则 direction_sign=-1；若该模块无合适 ratio，则留空。,"Fill +1 for out/in-like forward support, -1 for in/out-like reverse support",gcst90200353/gcst90199641,gcst90199641/gcst90200353
M_717,GCST90199641,GCST90200381,Glucuronate,S-1-pyrroline-5-carboxylate,葡糖醛酸支路,Glucuronate Branch,类固醇-胆汁酸-葡萄糖醛酸化代谢,中,,,GCST90200381 / GCST90199641,GCST90199641 / GCST90200381,S-1-pyrroline-5-carboxylate / Glucuronate,Glucuronate / S-1-pyrroline-5-carboxylate,若 ratio_trait 表示 out/in，则 direction_sign=+1；若表示 in/out，则 direction_sign=-1；若该模块无合适 ratio，则留空。,"Fill +1 for out/in-like forward support, -1 for in/out-like reverse support",gcst90200381/gcst90199641,gcst90199641/gcst90200381
M_718,GCST90199641,GCST90200293,Glucuronate,Thyroxine,葡糖醛酸支路,Glucuronate Branch,类固醇-胆汁酸-葡萄糖醛酸化代谢,中,,,GCST90200293 / GCST90199641,GCST90199641 / GCST90200293,Thyroxine / Glucuronate,Glucuronate / Thyroxine,若 ratio_trait 表示 out/in，则 direction_sign=+1；若表示 in/out，则 direction_sign=-1；若该模块无合适 ratio，则留空。,"Fill +1 for out/in-like forward support, -1 for in/out-like reverse support",gcst90200293/gcst90199641,gcst90199641/gcst90200293
M_719,GCST90199641,GCST90200294,Glucuronate,Pipecolate,葡糖醛酸支路,Glucuronate Branch,类固醇-胆汁酸-葡萄糖醛酸化代谢,中,,,GCST90200294 / GCST90199641,GCST90199641 / GCST90200294,Pipecolate / Glucuronate,Glucuronate / Pipecolate,若 ratio_trait 表示 out/in，则 direction_sign=+1；若表示 in/out，则 direction_sign=-1；若该模块无合适 ratio，则留空。,"Fill +1 for out/in-like forward support, -1 for in/out-like reverse support",gcst90200294/gcst90199641,gcst90199641/gcst90200294
M_720,GCST90199641,GCST90200305,Glucuronate,2-aminobutyrate,葡糖醛酸支路,Glucuronate Branch,类固醇-胆汁酸-葡萄糖醛酸化代谢,中,,,GCST90200305 / GCST90199641,GCST90199641 / GCST90200305,2-aminobutyrate / Glucuronate,Glucuronate / 2-aminobutyrate,若 ratio_trait 表示 out/in，则 direction_sign=+1；若表示 in/out，则 direction_sign=-1；若该模块无合适 ratio，则留空。,"Fill +1 for out/in-like forward support, -1 for in/out-like reverse support",gcst90200305/gcst90199641,gcst90199641/gcst90200305
M_721,GCST90199641,GCST90200306,Glucuronate,Butyrate/isobutyrate (4:0),葡糖醛酸支路,Glucuronate Branch,类固醇-胆汁酸-葡萄糖醛酸化代谢,中,,,GCST90200306 / GCST90199641,GCST90199641 / GCST90200306,Butyrate/isobutyrate (4:0) / Glucuronate,Glucuronate / Butyrate/isobutyrate (4:0),若 ratio_trait 表示 out/in，则 direction_sign=+1；若表示 in/out，则 direction_sign=-1；若该模块无合适 ratio，则留空。,"Fill +1 for out/in-like forward support, -1 for in/out-like reverse support",gcst90200306/gcst90199641,gcst90199641/gcst90200306
M_722,GCST90199641,GCST90200393,Glucuronate,Phosphate,葡糖醛酸支路,Glucuronate Branch,类固醇-胆汁酸-葡萄糖醛酸化代谢,中,,,GCST90200393 / GCST90199641,GCST90199641 / GCST90200393,Phosphate / Glucuronate,Glucuronate / Phosphate,若 ratio_trait 表示 out/in，则 direction_sign=+1；若表示 in/out，则 direction_sign=-1；若该模块无合适 ratio，则留空。,"Fill +1 for out/in-like forward support, -1 for in/out-like reverse support",gcst90200393/gcst90199641,gcst90199641/gcst90200393
M_723,GCST90199641,GCST90200409,Glucuronate,Pristanate,葡糖醛酸支路,Glucuronate Branch,类固醇-胆汁酸-葡萄糖醛酸化代谢,中,,,GCST90200409 / GCST90199641,GCST90199641 / GCST90200409,Pristanate / Glucuronate,Glucuronate / Pristanate,若 ratio_trait 表示 out/in，则 direction_sign=+1；若表示 in/out，则 direction_sign=-1；若该模块无合适 ratio，则留空。,"Fill +1 for out/in-like forward support, -1 for in/out-like reverse support",gcst90200409/gcst90199641,gcst90199641/gcst90200409
M_724,GCST90199641,GCST90200410,Glucuronate,Phytanate,葡糖醛酸支路,Glucuronate Branch,类固醇-胆汁酸-葡萄糖醛酸化代谢,中,,,GCST90200410 / GCST90199641,GCST90199641 / GCST90200410,Phytanate / Glucuronate,Glucuronate / Phytanate,若 ratio_trait 表示 out/in，则 direction_sign=+1；若表示 in/out，则 direction_sign=-1；若该模块无合适 ratio，则留空。,"Fill +1 for out/in-like forward support, -1 for in/out-like reverse support",gcst90200410/gcst90199641,gcst90199641/gcst90200410
M_725,GCST90199641,GCST90200418,Glucuronate,Pyridoxal,葡糖醛酸支路,Glucuronate Branch,类固醇-胆汁酸-葡萄糖醛酸化代谢,中,,,GCST90200418 / GCST90199641,GCST90199641 / GCST90200418,Pyridoxal / Glucuronate,Glucuronate / Pyridoxal,若 ratio_trait 表示 out/in，则 direction_sign=+1；若表示 in/out，则 direction_sign=-1；若该模块无合适 ratio，则留空。,"Fill +1 for out/in-like forward support, -1 for in/out-like reverse support",gcst90200418/gcst90199641,gcst90199641/gcst90200418
M_726,GCST90199641,GCST90200421,Glucuronate,Salicylate,葡糖醛酸支路,Glucuronate Branch,类固醇-胆汁酸-葡萄糖醛酸化代谢,中,,,GCST90200421 / GCST90199641,GCST90199641 / GCST90200421,Salicylate / Glucuronate,Glucuronate / Salicylate,若 ratio_trait 表示 out/in，则 direction_sign=+1；若表示 in/out，则 direction_sign=-1；若该模块无合适 ratio，则留空。,"Fill +1 for out/in-like forward support, -1 for in/out-like reverse support",gcst90200421/gcst90199641,gcst90199641/gcst90200421
M_727,GCST90199641,GCST90200422,Glucuronate,Serotonin,葡糖醛酸支路,Glucuronate Branch,类固醇-胆汁酸-葡萄糖醛酸化代谢,中,,,GCST90200422 / GCST90199641,GCST90199641 / GCST90200422,Serotonin / Glucuronate,Glucuronate / Serotonin,若 ratio_trait 表示 out/in，则 direction_sign=+1；若表示 in/out，则 direction_sign=-1；若该模块无合适 ratio，则留空。,"Fill +1 for out/in-like forward support, -1 for in/out-like reverse support",gcst90200422/gcst90199641,gcst90199641/gcst90200422
M_728,GCST90199641,GCST90200426,Glucuronate,Xylose,葡糖醛酸支路,Glucuronate Branch,类固醇-胆汁酸-葡萄糖醛酸化代谢,中,,,GCST90200426 / GCST90199641,GCST90199641 / GCST90200426,Xylose / Glucuronate,Glucuronate / Xylose,若 ratio_trait 表示 out/in，则 direction_sign=+1；若表示 in/out，则 direction_sign=-1；若该模块无合适 ratio，则留空。,"Fill +1 for out/in-like forward support, -1 for in/out-like reverse support",gcst90200426/gcst90199641,gcst90199641/gcst90200426
M_729,GCST90199641,GCST90200428,Glucuronate,Caprate (10:0),葡糖醛酸支路,Glucuronate Branch,类固醇-胆汁酸-葡萄糖醛酸化代谢,中,,,GCST90200428 / GCST90199641,GCST90199641 / GCST90200428,Caprate (10:0) / Glucuronate,Glucuronate / Caprate (10:0),若 ratio_trait 表示 out/in，则 direction_sign=+1；若表示 in/out，则 direction_sign=-1；若该模块无合适 ratio，则留空。,"Fill +1 for out/in-like forward support, -1 for in/out-like reverse support",gcst90200428/gcst90199641,gcst90199641/gcst90200428
M_730,GCST90199641,GCST90200681,Glucuronate,Orotidine,葡糖醛酸支路,Glucuronate Branch,类固醇-胆汁酸-葡萄糖醛酸化代谢,中,,,GCST90200681 / GCST90199641,GCST90199641 / GCST90200681,Orotidine / Glucuronate,Glucuronate / Orotidine,若 ratio_trait 表示 out/in，则 direction_sign=+1；若表示 in/out，则 direction_sign=-1；若该模块无合适 ratio，则留空。,"Fill +1 for out/in-like forward support, -1 for in/out-like reverse support",gcst90200681/gcst90199641,gcst90199641/gcst90200681
M_731,GCST90199641,GCST90200700,Glucuronate,Decadienedioic acid (C10:2-DC),葡糖醛酸支路,Glucuronate Branch,类固醇-胆汁酸-葡萄糖醛酸化代谢,中,,,GCST90200700 / GCST90199641,GCST90199641 / GCST90200700,Decadienedioic acid (C10:2-DC) / Glucuronate,Glucuronate / Decadienedioic acid (C10:2-DC),若 ratio_trait 表示 out/in，则 direction_sign=+1；若表示 in/out，则 direction_sign=-1；若该模块无合适 ratio，则留空。,"Fill +1 for out/in-like forward support, -1 for in/out-like reverse support",gcst90200700/gcst90199641,gcst90199641/gcst90200700
M_732,GCST90199641,GCST90200434,Glucuronate,"12,13-DiHOME",葡糖醛酸支路,Glucuronate Branch,类固醇-胆汁酸-葡萄糖醛酸化代谢,中,,,GCST90200434 / GCST90199641,GCST90199641 / GCST90200434,"12,13-DiHOME / Glucuronate","Glucuronate / 12,13-DiHOME",若 ratio_trait 表示 out/in，则 direction_sign=+1；若表示 in/out，则 direction_sign=-1；若该模块无合适 ratio，则留空。,"Fill +1 for out/in-like forward support, -1 for in/out-like reverse support",gcst90200434/gcst90199641,gcst90199641/gcst90200434
M_733,GCST90199641,GCST90200446,Glucuronate,Arachidate (20:0),葡糖醛酸支路,Glucuronate Branch,类固醇-胆汁酸-葡萄糖醛酸化代谢,中,,,GCST90200446 / GCST90199641,GCST90199641 / GCST90200446,Arachidate (20:0) / Glucuronate,Glucuronate / Arachidate (20:0),若 ratio_trait 表示 out/in，则 direction_sign=+1；若表示 in/out，则 direction_sign=-1；若该模块无合适 ratio，则留空。,"Fill +1 for out/in-like forward support, -1 for in/out-like reverse support",gcst90200446/gcst90199641,gcst90199641/gcst90200446
M_734,GCST90199641,GCST90200459,Glucuronate,Margarate (17:0),葡糖醛酸支路,Glucuronate Branch,类固醇-胆汁酸-葡萄糖醛酸化代谢,中,,,GCST90200459 / GCST90199641,GCST90199641 / GCST90200459,Margarate (17:0) / Glucuronate,Glucuronate / Margarate (17:0),若 ratio_trait 表示 out/in，则 direction_sign=+1；若表示 in/out，则 direction_sign=-1；若该模块无合适 ratio，则留空。,"Fill +1 for out/in-like forward support, -1 for in/out-like reverse support",gcst90200459/gcst90199641,gcst90199641/gcst90200459
M_735,GCST90199775,GCST90200389,Gamma-glutamylisoleucine,Leucine,BCAA氨基酸本体,BCAA Amino Acid Pool,支链氨基酸代谢,高,,,GCST90200389 / GCST90199775,GCST90199775 / GCST90200389,Leucine / Gamma-glutamylisoleucine,Gamma-glutamylisoleucine / Leucine,若 ratio_trait 表示 out/in，则 direction_sign=+1；若表示 in/out，则 direction_sign=-1；若该模块无合适 ratio，则留空。,"Fill +1 for out/in-like forward support, -1 for in/out-like reverse support",gcst90200389/gcst90199775,gcst90199775/gcst90200389
M_736,GCST90199703,GCST90200442,Gamma-glutamylvaline,Valine,BCAA氨基酸本体,BCAA Amino Acid Pool,支链氨基酸代谢,高,,,GCST90200442 / GCST90199703,GCST90199703 / GCST90200442,Valine / Gamma-glutamylvaline,Gamma-glutamylvaline / Valine,若 ratio_trait 表示 out/in，则 direction_sign=+1；若表示 in/out，则 direction_sign=-1；若该模块无合适 ratio，则留空。,"Fill +1 for out/in-like forward support, -1 for in/out-like reverse support",gcst90200442/gcst90199703,gcst90199703/gcst90200442
M_737,GCST90199724,GCST90200389,N-acetylisoleucine,Leucine,BCAA氨基酸本体,BCAA Amino Acid Pool,支链氨基酸代谢,高,,,GCST90200389 / GCST90199724,GCST90199724 / GCST90200389,Leucine / N-acetylisoleucine,N-acetylisoleucine / Leucine,若 ratio_trait 表示 out/in，则 direction_sign=+1；若表示 in/out，则 direction_sign=-1；若该模块无合适 ratio，则留空。,"Fill +1 for out/in-like forward support, -1 for in/out-like reverse support",gcst90200389/gcst90199724,gcst90199724/gcst90200389
M_738,GCST90200197,GCST90200389,N-lactoyl isoleucine,Leucine,BCAA氨基酸本体,BCAA Amino Acid Pool,支链氨基酸代谢,高,,,GCST90200389 / GCST90200197,GCST90200197 / GCST90200389,Leucine / N-lactoyl isoleucine,N-lactoyl isoleucine / Leucine,若 ratio_trait 表示 out/in，则 direction_sign=+1；若表示 in/out，则 direction_sign=-1；若该模块无合适 ratio，则留空。,"Fill +1 for out/in-like forward support, -1 for in/out-like reverse support",gcst90200389/gcst90200197,gcst90200197/gcst90200389
M_739,GCST90200200,GCST90200442,N-lactoyl valine,Valine,BCAA氨基酸本体,BCAA Amino Acid Pool,支链氨基酸代谢,高,,,GCST90200442 / GCST90200200,GCST90200200 / GCST90200442,Valine / N-lactoyl valine,N-lactoyl valine / Valine,若 ratio_trait 表示 out/in，则 direction_sign=+1；若表示 in/out，则 direction_sign=-1；若该模块无合适 ratio，则留空。,"Fill +1 for out/in-like forward support, -1 for in/out-like reverse support",gcst90200442/gcst90200200,gcst90200200/gcst90200442
M_740,GCST90200204,GCST90200389,N-lactoyl leucine,Leucine,BCAA氨基酸本体,BCAA Amino Acid Pool,支链氨基酸代谢,高,,,GCST90200389 / GCST90200204,GCST90200204 / GCST90200389,Leucine / N-lactoyl leucine,N-lactoyl leucine / Leucine,若 ratio_trait 表示 out/in，则 direction_sign=+1；若表示 in/out，则 direction_sign=-1；若该模块无合适 ratio，则留空。,"Fill +1 for out/in-like forward support, -1 for in/out-like reverse support",gcst90200389/gcst90200204,gcst90200204/gcst90200389
M_741,GCST90200287,GCST90200442,N-acetylvaline,Valine,BCAA氨基酸本体,BCAA Amino Acid Pool,支链氨基酸代谢,高,,,GCST90200442 / GCST90200287,GCST90200287 / GCST90200442,Valine / N-acetylvaline,N-acetylvaline / Valine,若 ratio_trait 表示 out/in，则 direction_sign=+1；若表示 in/out，则 direction_sign=-1；若该模块无合适 ratio，则留空。,"Fill +1 for out/in-like forward support, -1 for in/out-like reverse support",gcst90200442/gcst90200287,gcst90200287/gcst90200442
M_742,GCST90200288,GCST90200389,N-acetylleucine,Leucine,BCAA氨基酸本体,BCAA Amino Acid Pool,支链氨基酸代谢,高,,,GCST90200389 / GCST90200288,GCST90200288 / GCST90200389,Leucine / N-acetylleucine,N-acetylleucine / Leucine,若 ratio_trait 表示 out/in，则 direction_sign=+1；若表示 in/out，则 direction_sign=-1；若该模块无合适 ratio，则留空。,"Fill +1 for out/in-like forward support, -1 for in/out-like reverse support",gcst90200389/gcst90200288,gcst90200288/gcst90200389
M_743,GCST90200326,GCST90200389,Gamma-glutamylleucine,Leucine,BCAA氨基酸本体,BCAA Amino Acid Pool,支链氨基酸代谢,高,,,GCST90200389 / GCST90200326,GCST90200326 / GCST90200389,Leucine / Gamma-glutamylleucine,Gamma-glutamylleucine / Leucine,若 ratio_trait 表示 out/in，则 direction_sign=+1；若表示 in/out，则 direction_sign=-1；若该模块无合适 ratio，则留空。,"Fill +1 for out/in-like forward support, -1 for in/out-like reverse support",gcst90200389/gcst90200326,gcst90200326/gcst90200389
M_744,GCST90200389,GCST90199655,Leucine,4-methyl-2-oxopentanoate,BCAA氨基酸本体,BCAA Amino Acid Pool,支链氨基酸代谢,高,,,GCST90199655 / GCST90200389,GCST90200389 / GCST90199655,4-methyl-2-oxopentanoate / Leucine,Leucine / 4-methyl-2-oxopentanoate,若 ratio_trait 表示 out/in，则 direction_sign=+1；若表示 in/out，则 direction_sign=-1；若该模块无合适 ratio，则留空。,"Fill +1 for out/in-like forward support, -1 for in/out-like reverse support",gcst90199655/gcst90200389,gcst90200389/gcst90199655
M_745,GCST90200399,GCST90199631,Isoleucine,3-methyl-2-oxovalerate,BCAA氨基酸本体,BCAA Amino Acid Pool,支链氨基酸代谢,高,,,GCST90199631 / GCST90200399,GCST90200399 / GCST90199631,3-methyl-2-oxovalerate / Isoleucine,Isoleucine / 3-methyl-2-oxovalerate,若 ratio_trait 表示 out/in，则 direction_sign=+1；若表示 in/out，则 direction_sign=-1；若该模块无合适 ratio，则留空。,"Fill +1 for out/in-like forward support, -1 for in/out-like reverse support",gcst90199631/gcst90200399,gcst90200399/gcst90199631
M_746,GCST90200442,GCST90199677,Valine,3-methyl-2-oxobutyrate,BCAA氨基酸本体,BCAA Amino Acid Pool,支链氨基酸代谢,高,,,GCST90199677 / GCST90200442,GCST90200442 / GCST90199677,3-methyl-2-oxobutyrate / Valine,Valine / 3-methyl-2-oxobutyrate,若 ratio_trait 表示 out/in，则 direction_sign=+1；若表示 in/out，则 direction_sign=-1；若该模块无合适 ratio，则留空。,"Fill +1 for out/in-like forward support, -1 for in/out-like reverse support",gcst90199677/gcst90200442,gcst90200442/gcst90199677
M_747,GCST90199677,GCST90199736,3-methyl-2-oxobutyrate,Alpha-hydroxyisovalerate,BCAA α-酮酸支路,BCAA α-Keto Acid Branch,支链氨基酸代谢,高,,,GCST90199736 / GCST90199677,GCST90199677 / GCST90199736,Alpha-hydroxyisovalerate / 3-methyl-2-oxobutyrate,3-methyl-2-oxobutyrate / Alpha-hydroxyisovalerate,若 ratio_trait 表示 out/in，则 direction_sign=+1；若表示 in/out，则 direction_sign=-1；若该模块无合适 ratio，则留空。,"Fill +1 for out/in-like forward support, -1 for in/out-like reverse support",gcst90199736/gcst90199677,gcst90199677/gcst90199736
M_748,GCST90199655,GCST90199658,4-methyl-2-oxopentanoate,Alpha-hydroxyisocaproate,BCAA α-酮酸支路,BCAA α-Keto Acid Branch,支链氨基酸代谢,高,,,GCST90199658 / GCST90199655,GCST90199655 / GCST90199658,Alpha-hydroxyisocaproate / 4-methyl-2-oxopentanoate,4-methyl-2-oxopentanoate / Alpha-hydroxyisocaproate,若 ratio_trait 表示 out/in，则 direction_sign=+1；若表示 in/out，则 direction_sign=-1；若该模块无合适 ratio，则留空。,"Fill +1 for out/in-like forward support, -1 for in/out-like reverse support",gcst90199658/gcst90199655,gcst90199655/gcst90199658
M_749,GCST90199631,GCST90199786,3-methyl-2-oxovalerate,2-hydroxy-3-methylvalerate,BCAA α-酮酸支路,BCAA α-Keto Acid Branch,支链氨基酸代谢,高,,,GCST90199786 / GCST90199631,GCST90199631 / GCST90199786,2-hydroxy-3-methylvalerate / 3-methyl-2-oxovalerate,3-methyl-2-oxovalerate / 2-hydroxy-3-methylvalerate,若 ratio_trait 表示 out/in，则 direction_sign=+1；若表示 in/out，则 direction_sign=-1；若该模块无合适 ratio，则留空。,"Fill +1 for out/in-like forward support, -1 for in/out-like reverse support",gcst90199786/gcst90199631,gcst90199631/gcst90199786
M_750,GCST90200438,GCST90200432,Alpha-ketobutyrate,Threonine,BCAA α-酮酸支路,BCAA α-Keto Acid Branch,支链氨基酸代谢,中,GCST90201008,1.0,GCST90200432 / GCST90200438,GCST90200438 / GCST90200432,Threonine / Alpha-ketobutyrate,Alpha-ketobutyrate / Threonine,若 ratio_trait 表示 out/in，则 direction_sign=+1；若表示 in/out，则 direction_sign=-1；若该模块无合适 ratio，则留空。,"Fill +1 for out/in-like forward support, -1 for in/out-like reverse support",gcst90200432/gcst90200438,gcst90200438/gcst90200432
M_751,GCST90199658,GCST90200389,Alpha-hydroxyisocaproate,Leucine,BCAA羟基酸支路,BCAA Hydroxy Acid Branch,支链氨基酸代谢,中,,,GCST90200389 / GCST90199658,GCST90199658 / GCST90200389,Leucine / Alpha-hydroxyisocaproate,Alpha-hydroxyisocaproate / Leucine,若 ratio_trait 表示 out/in，则 direction_sign=+1；若表示 in/out，则 direction_sign=-1；若该模块无合适 ratio，则留空。,"Fill +1 for out/in-like forward support, -1 for in/out-like reverse support",gcst90200389/gcst90199658,gcst90199658/gcst90200389
M_752,GCST90199658,GCST90199655,Alpha-hydroxyisocaproate,4-methyl-2-oxopentanoate,BCAA羟基酸支路,BCAA Hydroxy Acid Branch,支链氨基酸代谢,中,,,GCST90199655 / GCST90199658,GCST90199658 / GCST90199655,4-methyl-2-oxopentanoate / Alpha-hydroxyisocaproate,Alpha-hydroxyisocaproate / 4-methyl-2-oxopentanoate,若 ratio_trait 表示 out/in，则 direction_sign=+1；若表示 in/out，则 direction_sign=-1；若该模块无合适 ratio，则留空。,"Fill +1 for out/in-like forward support, -1 for in/out-like reverse support",gcst90199655/gcst90199658,gcst90199658/gcst90199655
M_753,GCST90199884,GCST90200442,"2,3-dihydroxyisovalerate",Valine,BCAA羟基酸支路,BCAA Hydroxy Acid Branch,支链氨基酸代谢,中,,,GCST90200442 / GCST90199884,GCST90199884 / GCST90200442,"Valine / 2,3-dihydroxyisovalerate","2,3-dihydroxyisovalerate / Valine",若 ratio_trait 表示 out/in，则 direction_sign=+1；若表示 in/out，则 direction_sign=-1；若该模块无合适 ratio，则留空。,"Fill +1 for out/in-like forward support, -1 for in/out-like reverse support",gcst90200442/gcst90199884,gcst90199884/gcst90200442
M_754,GCST90199786,GCST90200399,2-hydroxy-3-methylvalerate,Isoleucine,BCAA羟基酸支路,BCAA Hydroxy Acid Branch,支链氨基酸代谢,中,,,GCST90200399 / GCST90199786,GCST90199786 / GCST90200399,Isoleucine / 2-hydroxy-3-methylvalerate,2-hydroxy-3-methylvalerate / Isoleucine,若 ratio_trait 表示 out/in，则 direction_sign=+1；若表示 in/out，则 direction_sign=-1；若该模块无合适 ratio，则留空。,"Fill +1 for out/in-like forward support, -1 for in/out-like reverse support",gcst90200399/gcst90199786,gcst90199786/gcst90200399
M_755,GCST90199786,GCST90199631,2-hydroxy-3-methylvalerate,3-methyl-2-oxovalerate,BCAA羟基酸支路,BCAA Hydroxy Acid Branch,支链氨基酸代谢,中,,,GCST90199631 / GCST90199786,GCST90199786 / GCST90199631,3-methyl-2-oxovalerate / 2-hydroxy-3-methylvalerate,2-hydroxy-3-methylvalerate / 3-methyl-2-oxovalerate,若 ratio_trait 表示 out/in，则 direction_sign=+1；若表示 in/out，则 direction_sign=-1；若该模块无合适 ratio，则留空。,"Fill +1 for out/in-like forward support, -1 for in/out-like reverse support",gcst90199631/gcst90199786,gcst90199786/gcst90199631
M_756,GCST90199736,GCST90200442,Alpha-hydroxyisovalerate,Valine,BCAA羟基酸支路,BCAA Hydroxy Acid Branch,支链氨基酸代谢,中,,,GCST90200442 / GCST90199736,GCST90199736 / GCST90200442,Valine / Alpha-hydroxyisovalerate,Alpha-hydroxyisovalerate / Valine,若 ratio_trait 表示 out/in，则 direction_sign=+1；若表示 in/out，则 direction_sign=-1；若该模块无合适 ratio，则留空。,"Fill +1 for out/in-like forward support, -1 for in/out-like reverse support",gcst90200442/gcst90199736,gcst90199736/gcst90200442
M_757,GCST90199736,GCST90199677,Alpha-hydroxyisovalerate,3-methyl-2-oxobutyrate,BCAA羟基酸支路,BCAA Hydroxy Acid Branch,支链氨基酸代谢,中,,,GCST90199677 / GCST90199736,GCST90199736 / GCST90199677,3-methyl-2-oxobutyrate / Alpha-hydroxyisovalerate,Alpha-hydroxyisovalerate / 3-methyl-2-oxobutyrate,若 ratio_trait 表示 out/in，则 direction_sign=+1；若表示 in/out，则 direction_sign=-1；若该模块无合适 ratio，则留空。,"Fill +1 for out/in-like forward support, -1 for in/out-like reverse support",gcst90199677/gcst90199736,gcst90199736/gcst90199677
M_758,GCST90200112,GCST90200399,"2,3-dihydroxy-2-methylbutyrate",Isoleucine,BCAA羟基酸支路,BCAA Hydroxy Acid Branch,支链氨基酸代谢,中,,,GCST90200399 / GCST90200112,GCST90200112 / GCST90200399,"Isoleucine / 2,3-dihydroxy-2-methylbutyrate","2,3-dihydroxy-2-methylbutyrate / Isoleucine",若 ratio_trait 表示 out/in，则 direction_sign=+1；若表示 in/out，则 direction_sign=-1；若该模块无合适 ratio，则留空。,"Fill +1 for out/in-like forward support, -1 for in/out-like reverse support",gcst90200399/gcst90200112,gcst90200112/gcst90200399
M_759,GCST90199662,GCST90199655,Isovalerate (i5:0),4-methyl-2-oxopentanoate,BCAA分解中间体,BCAA Catabolic Intermediates,支链氨基酸代谢,中,,,GCST90199655 / GCST90199662,GCST90199662 / GCST90199655,4-methyl-2-oxopentanoate / Isovalerate (i5:0),Isovalerate (i5:0) / 4-methyl-2-oxopentanoate,若 ratio_trait 表示 out/in，则 direction_sign=+1；若表示 in/out，则 direction_sign=-1；若该模块无合适 ratio，则留空。,"Fill +1 for out/in-like forward support, -1 for in/out-like reverse support",gcst90199655/gcst90199662,gcst90199662/gcst90199655
M_760,GCST90199798,GCST90199677,Isobutyrylglycine,3-methyl-2-oxobutyrate,BCAA分解中间体,BCAA Catabolic Intermediates,支链氨基酸代谢,中,,,GCST90199677 / GCST90199798,GCST90199798 / GCST90199677,3-methyl-2-oxobutyrate / Isobutyrylglycine,Isobutyrylglycine / 3-methyl-2-oxobutyrate,若 ratio_trait 表示 out/in，则 direction_sign=+1；若表示 in/out，则 direction_sign=-1；若该模块无合适 ratio，则留空。,"Fill +1 for out/in-like forward support, -1 for in/out-like reverse support",gcst90199677/gcst90199798,gcst90199798/gcst90199677
M_761,GCST90199886,GCST90199655,3-methylglutaconate,4-methyl-2-oxopentanoate,BCAA分解中间体,BCAA Catabolic Intermediates,支链氨基酸代谢,中,,,GCST90199655 / GCST90199886,GCST90199886 / GCST90199655,4-methyl-2-oxopentanoate / 3-methylglutaconate,3-methylglutaconate / 4-methyl-2-oxopentanoate,若 ratio_trait 表示 out/in，则 direction_sign=+1；若表示 in/out，则 direction_sign=-1；若该模块无合适 ratio，则留空。,"Fill +1 for out/in-like forward support, -1 for in/out-like reverse support",gcst90199655/gcst90199886,gcst90199886/gcst90199655
M_762,GCST90199785,GCST90199655,Isovalerylglycine,4-methyl-2-oxopentanoate,BCAA分解中间体,BCAA Catabolic Intermediates,支链氨基酸代谢,中,,,GCST90199655 / GCST90199785,GCST90199785 / GCST90199655,4-methyl-2-oxopentanoate / Isovalerylglycine,Isovalerylglycine / 4-methyl-2-oxopentanoate,若 ratio_trait 表示 out/in，则 direction_sign=+1；若表示 in/out，则 direction_sign=-1；若该模块无合适 ratio，则留空。,"Fill +1 for out/in-like forward support, -1 for in/out-like reverse support",gcst90199655/gcst90199785,gcst90199785/gcst90199655
M_763,GCST90199962,GCST90200423,Acisoga,Spermidine,BCAA分解中间体,BCAA Catabolic Intermediates,支链氨基酸代谢,低,,,GCST90200423 / GCST90199962,GCST90199962 / GCST90200423,Spermidine / Acisoga,Acisoga / Spermidine,若 ratio_trait 表示 out/in，则 direction_sign=+1；若表示 in/out，则 direction_sign=-1；若该模块无合适 ratio，则留空。,"Fill +1 for out/in-like forward support, -1 for in/out-like reverse support",gcst90200423/gcst90199962,gcst90199962/gcst90200423
M_764,GCST90200308,GCST90199677,3-hydroxyisobutyrate,3-methyl-2-oxobutyrate,BCAA分解中间体,BCAA Catabolic Intermediates,支链氨基酸代谢,中,,,GCST90199677 / GCST90200308,GCST90200308 / GCST90199677,3-methyl-2-oxobutyrate / 3-hydroxyisobutyrate,3-hydroxyisobutyrate / 3-methyl-2-oxobutyrate,若 ratio_trait 表示 out/in，则 direction_sign=+1；若表示 in/out，则 direction_sign=-1；若该模块无合适 ratio，则留空。,"Fill +1 for out/in-like forward support, -1 for in/out-like reverse support",gcst90199677/gcst90200308,gcst90200308/gcst90199677
M_765,GCST90200322,GCST90199655,Beta-hydroxyisovalerate,4-methyl-2-oxopentanoate,BCAA分解中间体,BCAA Catabolic Intermediates,支链氨基酸代谢,中,,,GCST90199655 / GCST90200322,GCST90200322 / GCST90199655,4-methyl-2-oxopentanoate / Beta-hydroxyisovalerate,Beta-hydroxyisovalerate / 4-methyl-2-oxopentanoate,若 ratio_trait 表示 out/in，则 direction_sign=+1；若表示 in/out，则 direction_sign=-1；若该模块无合适 ratio，则留空。,"Fill +1 for out/in-like forward support, -1 for in/out-like reverse support",gcst90199655/gcst90200322,gcst90200322/gcst90199655
M_766,GCST90200298,GCST90199655,3-hydroxy-3-methylglutarate,4-methyl-2-oxopentanoate,BCAA分解中间体,BCAA Catabolic Intermediates,支链氨基酸代谢,中,,,GCST90199655 / GCST90200298,GCST90200298 / GCST90199655,4-methyl-2-oxopentanoate / 3-hydroxy-3-methylglutarate,3-hydroxy-3-methylglutarate / 4-methyl-2-oxopentanoate,若 ratio_trait 表示 out/in，则 direction_sign=+1；若表示 in/out，则 direction_sign=-1；若该模块无合适 ratio，则留空。,"Fill +1 for out/in-like forward support, -1 for in/out-like reverse support",gcst90199655/gcst90200298,gcst90200298/gcst90199655
M_767,GCST90199688,GCST90200707,N-acetylglycine,Glycine,丝氨酸/甘氨酸支路,Serine/Glycine Branch,丝氨酸/甘氨酸/苏氨酸/蛋氨酸与含硫代谢,高,,,GCST90200707 / GCST90199688,GCST90199688 / GCST90200707,Glycine / N-acetylglycine,N-acetylglycine / Glycine,若 ratio_trait 表示 out/in，则 direction_sign=+1；若表示 in/out，则 direction_sign=-1；若该模块无合适 ratio，则留空。,"Fill +1 for out/in-like forward support, -1 for in/out-like reverse support",gcst90200707/gcst90199688,gcst90199688/gcst90200707
M_768,GCST90199828,GCST90200415,N-acetylserine,Serine,丝氨酸/甘氨酸支路,Serine/Glycine Branch,丝氨酸/甘氨酸/苏氨酸/蛋氨酸与含硫代谢,高,,,GCST90200415 / GCST90199828,GCST90199828 / GCST90200415,Serine / N-acetylserine,N-acetylserine / Serine,若 ratio_trait 表示 out/in，则 direction_sign=+1；若表示 in/out，则 direction_sign=-1；若该模块无合适 ratio，则留空。,"Fill +1 for out/in-like forward support, -1 for in/out-like reverse support",gcst90200415/gcst90199828,gcst90199828/gcst90200415
M_769,GCST90199883,GCST90200707,Cysteinylglycine disulfide,Glycine,丝氨酸/甘氨酸支路,Serine/Glycine Branch,丝氨酸/甘氨酸/苏氨酸/蛋氨酸与含硫代谢,高,,,GCST90200707 / GCST90199883,GCST90199883 / GCST90200707,Glycine / Cysteinylglycine disulfide,Cysteinylglycine disulfide / Glycine,若 ratio_trait 表示 out/in，则 direction_sign=+1；若表示 in/out，则 direction_sign=-1；若该模块无合适 ratio，则留空。,"Fill +1 for out/in-like forward support, -1 for in/out-like reverse support",gcst90200707/gcst90199883,gcst90199883/gcst90200707
M_770,GCST90199888,GCST90200707,Cinnamoylglycine,Glycine,丝氨酸/甘氨酸支路,Serine/Glycine Branch,丝氨酸/甘氨酸/苏氨酸/蛋氨酸与含硫代谢,高,,,GCST90200707 / GCST90199888,GCST90199888 / GCST90200707,Glycine / Cinnamoylglycine,Cinnamoylglycine / Glycine,若 ratio_trait 表示 out/in，则 direction_sign=+1；若表示 in/out，则 direction_sign=-1；若该模块无合适 ratio，则留空。,"Fill +1 for out/in-like forward support, -1 for in/out-like reverse support",gcst90200707/gcst90199888,gcst90199888/gcst90200707
M_771,GCST90199781,GCST90200707,Hexanoylglycine,Glycine,丝氨酸/甘氨酸支路,Serine/Glycine Branch,丝氨酸/甘氨酸/苏氨酸/蛋氨酸与含硫代谢,高,,,GCST90200707 / GCST90199781,GCST90199781 / GCST90200707,Glycine / Hexanoylglycine,Hexanoylglycine / Glycine,若 ratio_trait 表示 out/in，则 direction_sign=+1；若表示 in/out，则 direction_sign=-1；若该模块无合适 ratio，则留空。,"Fill +1 for out/in-like forward support, -1 for in/out-like reverse support",gcst90200707/gcst90199781,gcst90199781/gcst90200707
M_772,GCST90199705,GCST90200707,Propionylglycine,Glycine,丝氨酸/甘氨酸支路,Serine/Glycine Branch,丝氨酸/甘氨酸/苏氨酸/蛋氨酸与含硫代谢,高,,,GCST90200707 / GCST90199705,GCST90199705 / GCST90200707,Glycine / Propionylglycine,Propionylglycine / Glycine,若 ratio_trait 表示 out/in，则 direction_sign=+1；若表示 in/out，则 direction_sign=-1；若该模块无合适 ratio，则留空。,"Fill +1 for out/in-like forward support, -1 for in/out-like reverse support",gcst90200707/gcst90199705,gcst90199705/gcst90200707
M_773,GCST90199706,GCST90200707,Butyrylglycine,Glycine,丝氨酸/甘氨酸支路,Serine/Glycine Branch,丝氨酸/甘氨酸/苏氨酸/蛋氨酸与含硫代谢,高,,,GCST90200707 / GCST90199706,GCST90199706 / GCST90200707,Glycine / Butyrylglycine,Butyrylglycine / Glycine,若 ratio_trait 表示 out/in，则 direction_sign=+1；若表示 in/out，则 direction_sign=-1；若该模块无合适 ratio，则留空。,"Fill +1 for out/in-like forward support, -1 for in/out-like reverse support",gcst90200707/gcst90199706,gcst90199706/gcst90200707
M_774,GCST90200099,GCST90200415,N-oleoylserine,Serine,丝氨酸/甘氨酸支路,Serine/Glycine Branch,丝氨酸/甘氨酸/苏氨酸/蛋氨酸与含硫代谢,高,,,GCST90200415 / GCST90200099,GCST90200099 / GCST90200415,Serine / N-oleoylserine,N-oleoylserine / Serine,若 ratio_trait 表示 out/in，则 direction_sign=+1；若表示 in/out，则 direction_sign=-1；若该模块无合适 ratio，则留空。,"Fill +1 for out/in-like forward support, -1 for in/out-like reverse support",gcst90200415/gcst90200099,gcst90200099/gcst90200415
M_775,GCST90200087,GCST90200415,2-methylserine,Serine,丝氨酸/甘氨酸支路,Serine/Glycine Branch,丝氨酸/甘氨酸/苏氨酸/蛋氨酸与含硫代谢,高,,,GCST90200415 / GCST90200087,GCST90200087 / GCST90200415,Serine / 2-methylserine,2-methylserine / Serine,若 ratio_trait 表示 out/in，则 direction_sign=+1；若表示 in/out，则 direction_sign=-1；若该模块无合适 ratio，则留空。,"Fill +1 for out/in-like forward support, -1 for in/out-like reverse support",gcst90200415/gcst90200087,gcst90200087/gcst90200415
M_776,GCST90199922,GCST90200707,Prolylglycine,Glycine,丝氨酸/甘氨酸支路,Serine/Glycine Branch,丝氨酸/甘氨酸/苏氨酸/蛋氨酸与含硫代谢,高,,,GCST90200707 / GCST90199922,GCST90199922 / GCST90200707,Glycine / Prolylglycine,Prolylglycine / Glycine,若 ratio_trait 表示 out/in，则 direction_sign=+1；若表示 in/out，则 direction_sign=-1；若该模块无合适 ratio，则留空。,"Fill +1 for out/in-like forward support, -1 for in/out-like reverse support",gcst90200707/gcst90199922,gcst90199922/gcst90200707
M_777,GCST90199923,GCST90200707,N-palmitoylglycine,Glycine,丝氨酸/甘氨酸支路,Serine/Glycine Branch,丝氨酸/甘氨酸/苏氨酸/蛋氨酸与含硫代谢,高,,,GCST90200707 / GCST90199923,GCST90199923 / GCST90200707,Glycine / N-palmitoylglycine,N-palmitoylglycine / Glycine,若 ratio_trait 表示 out/in，则 direction_sign=+1；若表示 in/out，则 direction_sign=-1；若该模块无合适 ratio，则留空。,"Fill +1 for out/in-like forward support, -1 for in/out-like reverse support",gcst90200707/gcst90199923,gcst90199923/gcst90200707
M_778,GCST90200152,GCST90200707,2-butenoylglycine,Glycine,丝氨酸/甘氨酸支路,Serine/Glycine Branch,丝氨酸/甘氨酸/苏氨酸/蛋氨酸与含硫代谢,高,,,GCST90200707 / GCST90200152,GCST90200152 / GCST90200707,Glycine / 2-butenoylglycine,2-butenoylglycine / Glycine,若 ratio_trait 表示 out/in，则 direction_sign=+1；若表示 in/out，则 direction_sign=-1；若该模块无合适 ratio，则留空。,"Fill +1 for out/in-like forward support, -1 for in/out-like reverse support",gcst90200707/gcst90200152,gcst90200152/gcst90200707
M_779,GCST90200160,GCST90200707,Trans-2-hexenoylglycine,Glycine,丝氨酸/甘氨酸支路,Serine/Glycine Branch,丝氨酸/甘氨酸/苏氨酸/蛋氨酸与含硫代谢,高,,,GCST90200707 / GCST90200160,GCST90200160 / GCST90200707,Glycine / Trans-2-hexenoylglycine,Trans-2-hexenoylglycine / Glycine,若 ratio_trait 表示 out/in，则 direction_sign=+1；若表示 in/out，则 direction_sign=-1；若该模块无合适 ratio，则留空。,"Fill +1 for out/in-like forward support, -1 for in/out-like reverse support",gcst90200707/gcst90200160,gcst90200160/gcst90200707
M_780,GCST90200234,GCST90200707,Picolinoylglycine,Glycine,丝氨酸/甘氨酸支路,Serine/Glycine Branch,丝氨酸/甘氨酸/苏氨酸/蛋氨酸与含硫代谢,高,,,GCST90200707 / GCST90200234,GCST90200234 / GCST90200707,Glycine / Picolinoylglycine,Picolinoylglycine / Glycine,若 ratio_trait 表示 out/in，则 direction_sign=+1；若表示 in/out，则 direction_sign=-1；若该模块无合适 ratio，则留空。,"Fill +1 for out/in-like forward support, -1 for in/out-like reverse support",gcst90200707/gcst90200234,gcst90200234/gcst90200707
M_781,GCST90200174,GCST90200707,3-hydroxybutyroylglycine,Glycine,丝氨酸/甘氨酸支路,Serine/Glycine Branch,丝氨酸/甘氨酸/苏氨酸/蛋氨酸与含硫代谢,高,,,GCST90200707 / GCST90200174,GCST90200174 / GCST90200707,Glycine / 3-hydroxybutyroylglycine,3-hydroxybutyroylglycine / Glycine,若 ratio_trait 表示 out/in，则 direction_sign=+1；若表示 in/out，则 direction_sign=-1；若该模块无合适 ratio，则留空。,"Fill +1 for out/in-like forward support, -1 for in/out-like reverse support",gcst90200707/gcst90200174,gcst90200174/gcst90200707
M_782,GCST90200175,GCST90200707,Glycine conjugate of C10H14O2 (1),Glycine,丝氨酸/甘氨酸支路,Serine/Glycine Branch,丝氨酸/甘氨酸/苏氨酸/蛋氨酸与含硫代谢,高,,,GCST90200707 / GCST90200175,GCST90200175 / GCST90200707,Glycine / Glycine conjugate of C10H14O2 (1),Glycine conjugate of C10H14O2 (1) / Glycine,若 ratio_trait 表示 out/in，则 direction_sign=+1；若表示 in/out，则 direction_sign=-1；若该模块无合适 ratio，则留空。,"Fill +1 for out/in-like forward support, -1 for in/out-like reverse support",gcst90200707/gcst90200175,gcst90200175/gcst90200707
M_783,GCST90200182,GCST90200707,Glycine conjugate of C10H12O2,Glycine,丝氨酸/甘氨酸支路,Serine/Glycine Branch,丝氨酸/甘氨酸/苏氨酸/蛋氨酸与含硫代谢,高,,,GCST90200707 / GCST90200182,GCST90200182 / GCST90200707,Glycine / Glycine conjugate of C10H12O2,Glycine conjugate of C10H12O2 / Glycine,若 ratio_trait 表示 out/in，则 direction_sign=+1；若表示 in/out，则 direction_sign=-1；若该模块无合适 ratio，则留空。,"Fill +1 for out/in-like forward support, -1 for in/out-like reverse support",gcst90200707/gcst90200182,gcst90200182/gcst90200707
M_784,GCST90200253,GCST90200707,Vanillic acid glycine,Glycine,丝氨酸/甘氨酸支路,Serine/Glycine Branch,丝氨酸/甘氨酸/苏氨酸/蛋氨酸与含硫代谢,高,,,GCST90200707 / GCST90200253,GCST90200253 / GCST90200707,Glycine / Vanillic acid glycine,Vanillic acid glycine / Glycine,若 ratio_trait 表示 out/in，则 direction_sign=+1；若表示 in/out，则 direction_sign=-1；若该模块无合适 ratio，则留空。,"Fill +1 for out/in-like forward support, -1 for in/out-like reverse support",gcst90200707/gcst90200253,gcst90200253/gcst90200707
M_785,GCST90200274,GCST90200707,"Cis-3,4-methyleneheptanoylglycine",Glycine,丝氨酸/甘氨酸支路,Serine/Glycine Branch,丝氨酸/甘氨酸/苏氨酸/蛋氨酸与含硫代谢,高,,,GCST90200707 / GCST90200274,GCST90200274 / GCST90200707,"Glycine / Cis-3,4-methyleneheptanoylglycine","Cis-3,4-methyleneheptanoylglycine / Glycine",若 ratio_trait 表示 out/in，则 direction_sign=+1；若表示 in/out，则 direction_sign=-1；若该模块无合适 ratio，则留空。,"Fill +1 for out/in-like forward support, -1 for in/out-like reverse support",gcst90200707/gcst90200274,gcst90200274/gcst90200707
M_786,GCST90200364,GCST90200707,Cysteinylglycine,Glycine,丝氨酸/甘氨酸支路,Serine/Glycine Branch,丝氨酸/甘氨酸/苏氨酸/蛋氨酸与含硫代谢,高,,,GCST90200707 / GCST90200364,GCST90200364 / GCST90200707,Glycine / Cysteinylglycine,Cysteinylglycine / Glycine,若 ratio_trait 表示 out/in，则 direction_sign=+1；若表示 in/out，则 direction_sign=-1；若该模块无合适 ratio，则留空。,"Fill +1 for out/in-like forward support, -1 for in/out-like reverse support",gcst90200707/gcst90200364,gcst90200364/gcst90200707
M_787,GCST90200415,GCST90200707,Serine,Glycine,丝氨酸/甘氨酸支路,Serine/Glycine Branch,丝氨酸/甘氨酸/苏氨酸/蛋氨酸与含硫代谢,高,GCST90200758,1.0,GCST90200707 / GCST90200415,GCST90200415 / GCST90200707,Glycine / Serine,Serine / Glycine,若 ratio_trait 表示 out/in，则 direction_sign=+1；若表示 in/out，则 direction_sign=-1；若该模块无合适 ratio，则留空。,"Fill +1 for out/in-like forward support, -1 for in/out-like reverse support",gcst90200707/gcst90200415,gcst90200415/gcst90200707
M_788,GCST90200415,GCST90200430,Serine,Pyruvate,丝氨酸/甘氨酸支路,Serine/Glycine Branch,丝氨酸/甘氨酸/苏氨酸/蛋氨酸与含硫代谢,高,GCST90200775,-1.0,GCST90200430 / GCST90200415,GCST90200415 / GCST90200430,Pyruvate / Serine,Serine / Pyruvate,若 ratio_trait 表示 out/in，则 direction_sign=+1；若表示 in/out，则 direction_sign=-1；若该模块无合适 ratio，则留空。,"Fill +1 for out/in-like forward support, -1 for in/out-like reverse support",gcst90200430/gcst90200415,gcst90200415/gcst90200430
M_789,GCST90200424,GCST90200707,Dimethylglycine,Glycine,丝氨酸/甘氨酸支路,Serine/Glycine Branch,丝氨酸/甘氨酸/苏氨酸/蛋氨酸与含硫代谢,高,,,GCST90200707 / GCST90200424,GCST90200424 / GCST90200707,Glycine / Dimethylglycine,Dimethylglycine / Glycine,若 ratio_trait 表示 out/in，则 direction_sign=+1；若表示 in/out，则 direction_sign=-1；若该模块无合适 ratio，则留空。,"Fill +1 for out/in-like forward support, -1 for in/out-like reverse support",gcst90200707/gcst90200424,gcst90200424/gcst90200707
M_790,GCST90200424,GCST90200291,Dimethylglycine,Sarcosine,丝氨酸/甘氨酸支路,Serine/Glycine Branch,丝氨酸/甘氨酸/苏氨酸/蛋氨酸与含硫代谢,高,,,GCST90200291 / GCST90200424,GCST90200424 / GCST90200291,Sarcosine / Dimethylglycine,Dimethylglycine / Sarcosine,若 ratio_trait 表示 out/in，则 direction_sign=+1；若表示 in/out，则 direction_sign=-1；若该模块无合适 ratio，则留空。,"Fill +1 for out/in-like forward support, -1 for in/out-like reverse support",gcst90200291/gcst90200424,gcst90200424/gcst90200291
M_791,GCST90200707,GCST90200415,Glycine,Serine,丝氨酸/甘氨酸支路,Serine/Glycine Branch,丝氨酸/甘氨酸/苏氨酸/蛋氨酸与含硫代谢,高,GCST90200758,-1.0,GCST90200415 / GCST90200707,GCST90200707 / GCST90200415,Serine / Glycine,Glycine / Serine,若 ratio_trait 表示 out/in，则 direction_sign=+1；若表示 in/out，则 direction_sign=-1；若该模块无合适 ratio，则留空。,"Fill +1 for out/in-like forward support, -1 for in/out-like reverse support",gcst90200415/gcst90200707,gcst90200707/gcst90200415
M_792,GCST90199726,GCST90200432,N-acetylthreonine,Threonine,苏氨酸支路,Threonine Branch,丝氨酸/甘氨酸/苏氨酸/蛋氨酸与含硫代谢,高,,,GCST90200432 / GCST90199726,GCST90199726 / GCST90200432,Threonine / N-acetylthreonine,N-acetylthreonine / Threonine,若 ratio_trait 表示 out/in，则 direction_sign=+1；若表示 in/out，则 direction_sign=-1；若该模块无合适 ratio，则留空。,"Fill +1 for out/in-like forward support, -1 for in/out-like reverse support",gcst90200432/gcst90199726,gcst90199726/gcst90200432
M_793,GCST90200432,GCST90200438,Threonine,Alpha-ketobutyrate,苏氨酸支路,Threonine Branch,丝氨酸/甘氨酸/苏氨酸/蛋氨酸与含硫代谢,高,GCST90201008,-1.0,GCST90200438 / GCST90200432,GCST90200432 / GCST90200438,Alpha-ketobutyrate / Threonine,Threonine / Alpha-ketobutyrate,若 ratio_trait 表示 out/in，则 direction_sign=+1；若表示 in/out，则 direction_sign=-1；若该模块无合适 ratio，则留空。,"Fill +1 for out/in-like forward support, -1 for in/out-like reverse support",gcst90200438/gcst90200432,gcst90200432/gcst90200438
M_794,GCST90200432,GCST90200032,Threonine,2-hydroxybutyrate/2-hydroxyisobutyrate,苏氨酸支路,Threonine Branch,丝氨酸/甘氨酸/苏氨酸/蛋氨酸与含硫代谢,高,,,GCST90200032 / GCST90200432,GCST90200432 / GCST90200032,2-hydroxybutyrate/2-hydroxyisobutyrate / Threonine,Threonine / 2-hydroxybutyrate/2-hydroxyisobutyrate,若 ratio_trait 表示 out/in，则 direction_sign=+1；若表示 in/out，则 direction_sign=-1；若该模块无合适 ratio，则留空。,"Fill +1 for out/in-like forward support, -1 for in/out-like reverse support",gcst90200032/gcst90200432,gcst90200432/gcst90200032
M_795,GCST90199819,GCST90200425,Tryptophan betaine,Betaine,甜菜碱-肌氨酸-二甲基甘氨酸支路,Betaine-Sarcosine-Dimethylglycine Branch,丝氨酸/甘氨酸/苏氨酸/蛋氨酸与含硫代谢,中,,,GCST90200425 / GCST90199819,GCST90199819 / GCST90200425,Betaine / Tryptophan betaine,Tryptophan betaine / Betaine,若 ratio_trait 表示 out/in，则 direction_sign=+1；若表示 in/out，则 direction_sign=-1；若该模块无合适 ratio，则留空。,"Fill +1 for out/in-like forward support, -1 for in/out-like reverse support",gcst90200425/gcst90199819,gcst90199819/gcst90200425
M_796,GCST90199787,GCST90200291,Homostachydrine,Sarcosine,甜菜碱-肌氨酸-二甲基甘氨酸支路,Betaine-Sarcosine-Dimethylglycine Branch,丝氨酸/甘氨酸/苏氨酸/蛋氨酸与含硫代谢,低,,,GCST90200291 / GCST90199787,GCST90199787 / GCST90200291,Sarcosine / Homostachydrine,Homostachydrine / Sarcosine,若 ratio_trait 表示 out/in，则 direction_sign=+1；若表示 in/out，则 direction_sign=-1；若该模块无合适 ratio，则留空。,"Fill +1 for out/in-like forward support, -1 for in/out-like reverse support",gcst90200291/gcst90199787,gcst90199787/gcst90200291
M_797,GCST90199738,GCST90200291,Stachydrine,Sarcosine,甜菜碱-肌氨酸-二甲基甘氨酸支路,Betaine-Sarcosine-Dimethylglycine Branch,丝氨酸/甘氨酸/苏氨酸/蛋氨酸与含硫代谢,低,,,GCST90200291 / GCST90199738,GCST90199738 / GCST90200291,Sarcosine / Stachydrine,Stachydrine / Sarcosine,若 ratio_trait 表示 out/in，则 direction_sign=+1；若表示 in/out，则 direction_sign=-1；若该模块无合适 ratio，则留空。,"Fill +1 for out/in-like forward support, -1 for in/out-like reverse support",gcst90200291/gcst90199738,gcst90199738/gcst90200291
M_798,GCST90199927,GCST90200425,Histidine betaine (hercynine),Betaine,甜菜碱-肌氨酸-二甲基甘氨酸支路,Betaine-Sarcosine-Dimethylglycine Branch,丝氨酸/甘氨酸/苏氨酸/蛋氨酸与含硫代谢,中,,,GCST90200425 / GCST90199927,GCST90199927 / GCST90200425,Betaine / Histidine betaine (hercynine),Histidine betaine (hercynine) / Betaine,若 ratio_trait 表示 out/in，则 direction_sign=+1；若表示 in/out，则 direction_sign=-1；若该模块无合适 ratio，则留空。,"Fill +1 for out/in-like forward support, -1 for in/out-like reverse support",gcst90200425/gcst90199927,gcst90199927/gcst90200425
M_799,GCST90200291,GCST90200707,Sarcosine,Glycine,甜菜碱-肌氨酸-二甲基甘氨酸支路,Betaine-Sarcosine-Dimethylglycine Branch,丝氨酸/甘氨酸/苏氨酸/蛋氨酸与含硫代谢,高,,,GCST90200707 / GCST90200291,GCST90200291 / GCST90200707,Glycine / Sarcosine,Sarcosine / Glycine,若 ratio_trait 表示 out/in，则 direction_sign=+1；若表示 in/out，则 direction_sign=-1；若该模块无合适 ratio，则留空。,"Fill +1 for out/in-like forward support, -1 for in/out-like reverse support",gcst90200707/gcst90200291,gcst90200291/gcst90200707
M_800,GCST90200425,GCST90200291,Betaine,Sarcosine,甜菜碱-肌氨酸-二甲基甘氨酸支路,Betaine-Sarcosine-Dimethylglycine Branch,丝氨酸/甘氨酸/苏氨酸/蛋氨酸与含硫代谢,高,,,GCST90200291 / GCST90200425,GCST90200425 / GCST90200291,Sarcosine / Betaine,Betaine / Sarcosine,若 ratio_trait 表示 out/in，则 direction_sign=+1；若表示 in/out，则 direction_sign=-1；若该模块无合适 ratio，则留空。,"Fill +1 for out/in-like forward support, -1 for in/out-like reverse support",gcst90200291/gcst90200425,gcst90200425/gcst90200291
M_801,GCST90200425,GCST90200424,Betaine,Dimethylglycine,甜菜碱-肌氨酸-二甲基甘氨酸支路,Betaine-Sarcosine-Dimethylglycine Branch,丝氨酸/甘氨酸/苏氨酸/蛋氨酸与含硫代谢,高,,,GCST90200424 / GCST90200425,GCST90200425 / GCST90200424,Dimethylglycine / Betaine,Betaine / Dimethylglycine,若 ratio_trait 表示 out/in，则 direction_sign=+1；若表示 in/out，则 direction_sign=-1；若该模块无合适 ratio，则留空。,"Fill +1 for out/in-like forward support, -1 for in/out-like reverse support",gcst90200424/gcst90200425,gcst90200425/gcst90200424
M_802,GCST90199625,GCST90200391,Methionine sulfoxide,Methionine,蛋氨酸循环/含硫支路,Methionine Cycle/Sulfur-Containing Branch,丝氨酸/甘氨酸/苏氨酸/蛋氨酸与含硫代谢,高,GCST90200760,1.0,GCST90200391 / GCST90199625,GCST90199625 / GCST90200391,Methionine / Methionine sulfoxide,Methionine sulfoxide / Methionine,若 ratio_trait 表示 out/in，则 direction_sign=+1；若表示 in/out，则 direction_sign=-1；若该模块无合适 ratio，则留空。,"Fill +1 for out/in-like forward support, -1 for in/out-like reverse support",gcst90200391/gcst90199625,gcst90199625/gcst90200391
M_803,GCST90199874,GCST90200391,S-methylmethionine,Methionine,蛋氨酸循环/含硫支路,Methionine Cycle/Sulfur-Containing Branch,丝氨酸/甘氨酸/苏氨酸/蛋氨酸与含硫代谢,高,,,GCST90200391 / GCST90199874,GCST90199874 / GCST90200391,Methionine / S-methylmethionine,S-methylmethionine / Methionine,若 ratio_trait 表示 out/in，则 direction_sign=+1；若表示 in/out，则 direction_sign=-1；若该模块无合适 ratio，则留空。,"Fill +1 for out/in-like forward support, -1 for in/out-like reverse support",gcst90200391/gcst90199874,gcst90199874/gcst90200391
M_804,GCST90199879,GCST90200391,Ergothioneine,Methionine,蛋氨酸循环/含硫支路,Methionine Cycle/Sulfur-Containing Branch,丝氨酸/甘氨酸/苏氨酸/蛋氨酸与含硫代谢,低,,,GCST90200391 / GCST90199879,GCST90199879 / GCST90200391,Methionine / Ergothioneine,Ergothioneine / Methionine,若 ratio_trait 表示 out/in，则 direction_sign=+1；若表示 in/out，则 direction_sign=-1；若该模块无合适 ratio，则留空。,"Fill +1 for out/in-like forward support, -1 for in/out-like reverse support",gcst90200391/gcst90199879,gcst90199879/gcst90200391
M_805,GCST90199891,GCST90200439,S-methylcysteine,Cysteine,蛋氨酸循环/含硫支路,Methionine Cycle/Sulfur-Containing Branch,丝氨酸/甘氨酸/苏氨酸/蛋氨酸与含硫代谢,中,,,GCST90200439 / GCST90199891,GCST90199891 / GCST90200439,Cysteine / S-methylcysteine,S-methylcysteine / Cysteine,若 ratio_trait 表示 out/in，则 direction_sign=+1；若表示 in/out，则 direction_sign=-1；若该模块无合适 ratio，则留空。,"Fill +1 for out/in-like forward support, -1 for in/out-like reverse support",gcst90200439/gcst90199891,gcst90199891/gcst90200439
M_806,GCST90199784,GCST90200391,Cysteine-glutathione disulfide,Methionine,蛋氨酸循环/含硫支路,Methionine Cycle/Sulfur-Containing Branch,丝氨酸/甘氨酸/苏氨酸/蛋氨酸与含硫代谢,低,,,GCST90200391 / GCST90199784,GCST90199784 / GCST90200391,Methionine / Cysteine-glutathione disulfide,Cysteine-glutathione disulfide / Methionine,若 ratio_trait 表示 out/in，则 direction_sign=+1；若表示 in/out，则 direction_sign=-1；若该模块无合适 ratio，则留空。,"Fill +1 for out/in-like forward support, -1 for in/out-like reverse support",gcst90200391/gcst90199784,gcst90199784/gcst90200391
M_807,GCST90199907,GCST90200439,S-methylcysteine sulfoxide,Cysteine,蛋氨酸循环/含硫支路,Methionine Cycle/Sulfur-Containing Branch,丝氨酸/甘氨酸/苏氨酸/蛋氨酸与含硫代谢,中,,,GCST90200439 / GCST90199907,GCST90199907 / GCST90200439,Cysteine / S-methylcysteine sulfoxide,S-methylcysteine sulfoxide / Cysteine,若 ratio_trait 表示 out/in，则 direction_sign=+1；若表示 in/out，则 direction_sign=-1；若该模块无合适 ratio，则留空。,"Fill +1 for out/in-like forward support, -1 for in/out-like reverse support",gcst90200439/gcst90199907,gcst90199907/gcst90200439
M_808,GCST90199912,GCST90200420,N-oleoyltaurine,Taurine,蛋氨酸循环/含硫支路,Methionine Cycle/Sulfur-Containing Branch,丝氨酸/甘氨酸/苏氨酸/蛋氨酸与含硫代谢,中,,,GCST90200420 / GCST90199912,GCST90199912 / GCST90200420,Taurine / N-oleoyltaurine,N-oleoyltaurine / Taurine,若 ratio_trait 表示 out/in，则 direction_sign=+1；若表示 in/out，则 direction_sign=-1；若该模块无合适 ratio，则留空。,"Fill +1 for out/in-like forward support, -1 for in/out-like reverse support",gcst90200420/gcst90199912,gcst90199912/gcst90200420
M_809,GCST90199919,GCST90200439,Alliin,Cysteine,蛋氨酸循环/含硫支路,Methionine Cycle/Sulfur-Containing Branch,丝氨酸/甘氨酸/苏氨酸/蛋氨酸与含硫代谢,中,,,GCST90200439 / GCST90199919,GCST90199919 / GCST90200439,Cysteine / Alliin,Alliin / Cysteine,若 ratio_trait 表示 out/in，则 direction_sign=+1；若表示 in/out，则 direction_sign=-1；若该模块无合适 ratio，则留空。,"Fill +1 for out/in-like forward support, -1 for in/out-like reverse support",gcst90200439/gcst90199919,gcst90199919/gcst90200439
M_810,GCST90199948,GCST90200439,S-allylcysteine,Cysteine,蛋氨酸循环/含硫支路,Methionine Cycle/Sulfur-Containing Branch,丝氨酸/甘氨酸/苏氨酸/蛋氨酸与含硫代谢,中,,,GCST90200439 / GCST90199948,GCST90199948 / GCST90200439,Cysteine / S-allylcysteine,S-allylcysteine / Cysteine,若 ratio_trait 表示 out/in，则 direction_sign=+1；若表示 in/out，则 direction_sign=-1；若该模块无合适 ratio，则留空。,"Fill +1 for out/in-like forward support, -1 for in/out-like reverse support",gcst90200439/gcst90199948,gcst90199948/gcst90200439
M_811,GCST90199951,GCST90200439,N-acetylalliin,Cysteine,蛋氨酸循环/含硫支路,Methionine Cycle/Sulfur-Containing Branch,丝氨酸/甘氨酸/苏氨酸/蛋氨酸与含硫代谢,中,,,GCST90200439 / GCST90199951,GCST90199951 / GCST90200439,Cysteine / N-acetylalliin,N-acetylalliin / Cysteine,若 ratio_trait 表示 out/in，则 direction_sign=+1；若表示 in/out，则 direction_sign=-1；若该模块无合适 ratio，则留空。,"Fill +1 for out/in-like forward support, -1 for in/out-like reverse support",gcst90200439/gcst90199951,gcst90199951/gcst90200439
M_812,GCST90199961,GCST90200391,Methionine sulfone,Methionine,蛋氨酸循环/含硫支路,Methionine Cycle/Sulfur-Containing Branch,丝氨酸/甘氨酸/苏氨酸/蛋氨酸与含硫代谢,高,,,GCST90200391 / GCST90199961,GCST90199961 / GCST90200391,Methionine / Methionine sulfone,Methionine sulfone / Methionine,若 ratio_trait 表示 out/in，则 direction_sign=+1；若表示 in/out，则 direction_sign=-1；若该模块无合适 ratio，则留空。,"Fill +1 for out/in-like forward support, -1 for in/out-like reverse support",gcst90200391/gcst90199961,gcst90199961/gcst90200391
M_813,GCST90199967,GCST90200420,N-acetyltaurine,Taurine,蛋氨酸循环/含硫支路,Methionine Cycle/Sulfur-Containing Branch,丝氨酸/甘氨酸/苏氨酸/蛋氨酸与含硫代谢,中,,,GCST90200420 / GCST90199967,GCST90199967 / GCST90200420,Taurine / N-acetyltaurine,N-acetyltaurine / Taurine,若 ratio_trait 表示 out/in，则 direction_sign=+1；若表示 in/out，则 direction_sign=-1；若该模块无合适 ratio，则留空。,"Fill +1 for out/in-like forward support, -1 for in/out-like reverse support",gcst90200420/gcst90199967,gcst90199967/gcst90200420
M_814,GCST90199924,GCST90200420,N-methyltaurine,Taurine,蛋氨酸循环/含硫支路,Methionine Cycle/Sulfur-Containing Branch,丝氨酸/甘氨酸/苏氨酸/蛋氨酸与含硫代谢,中,,,GCST90200420 / GCST90199924,GCST90199924 / GCST90200420,Taurine / N-methyltaurine,N-methyltaurine / Taurine,若 ratio_trait 表示 out/in，则 direction_sign=+1；若表示 in/out，则 direction_sign=-1；若该模块无合适 ratio，则留空。,"Fill +1 for out/in-like forward support, -1 for in/out-like reverse support",gcst90200420/gcst90199924,gcst90199924/gcst90200420
M_815,GCST90199931,GCST90200439,Lanthionine,Cysteine,蛋氨酸循环/含硫支路,Methionine Cycle/Sulfur-Containing Branch,丝氨酸/甘氨酸/苏氨酸/蛋氨酸与含硫代谢,中,,,GCST90200439 / GCST90199931,GCST90199931 / GCST90200439,Cysteine / Lanthionine,Lanthionine / Cysteine,若 ratio_trait 表示 out/in，则 direction_sign=+1；若表示 in/out，则 direction_sign=-1；若该模块无合适 ratio，则留空。,"Fill +1 for out/in-like forward support, -1 for in/out-like reverse support",gcst90200439/gcst90199931,gcst90199931/gcst90200439
M_816,GCST90200233,GCST90200391,"2,3-dihydroxy-5-methylthio-4-pentenoate (DMTPA)",Methionine,蛋氨酸循环/含硫支路,Methionine Cycle/Sulfur-Containing Branch,丝氨酸/甘氨酸/苏氨酸/蛋氨酸与含硫代谢,低,,,GCST90200391 / GCST90200233,GCST90200233 / GCST90200391,"Methionine / 2,3-dihydroxy-5-methylthio-4-pentenoate (DMTPA)","2,3-dihydroxy-5-methylthio-4-pentenoate (DMTPA) / Methionine",若 ratio_trait 表示 out/in，则 direction_sign=+1；若表示 in/out，则 direction_sign=-1；若该模块无合适 ratio，则留空。,"Fill +1 for out/in-like forward support, -1 for in/out-like reverse support",gcst90200391/gcst90200233,gcst90200233/gcst90200391
M_817,GCST90200235,GCST90200420,Succinoyltaurine,Taurine,蛋氨酸循环/含硫支路,Methionine Cycle/Sulfur-Containing Branch,丝氨酸/甘氨酸/苏氨酸/蛋氨酸与含硫代谢,中,,,GCST90200420 / GCST90200235,GCST90200235 / GCST90200420,Taurine / Succinoyltaurine,Succinoyltaurine / Taurine,若 ratio_trait 表示 out/in，则 direction_sign=+1；若表示 in/out，则 direction_sign=-1；若该模块无合适 ratio，则留空。,"Fill +1 for out/in-like forward support, -1 for in/out-like reverse support",gcst90200420/gcst90200235,gcst90200235/gcst90200420
M_818,GCST90200258,GCST90200439,2-hydroxy-4-(methylthio)butanoic acid,Cysteine,蛋氨酸循环/含硫支路,Methionine Cycle/Sulfur-Containing Branch,丝氨酸/甘氨酸/苏氨酸/蛋氨酸与含硫代谢,中,,,GCST90200439 / GCST90200258,GCST90200258 / GCST90200439,Cysteine / 2-hydroxy-4-(methylthio)butanoic acid,2-hydroxy-4-(methylthio)butanoic acid / Cysteine,若 ratio_trait 表示 out/in，则 direction_sign=+1；若表示 in/out，则 direction_sign=-1；若该模块无合适 ratio，则留空。,"Fill +1 for out/in-like forward support, -1 for in/out-like reverse support",gcst90200439/gcst90200258,gcst90200258/gcst90200439
M_819,GCST90200261,GCST90200439,S-carboxyethylcysteine,Cysteine,蛋氨酸循环/含硫支路,Methionine Cycle/Sulfur-Containing Branch,丝氨酸/甘氨酸/苏氨酸/蛋氨酸与含硫代谢,中,,,GCST90200439 / GCST90200261,GCST90200261 / GCST90200439,Cysteine / S-carboxyethylcysteine,S-carboxyethylcysteine / Cysteine,若 ratio_trait 表示 out/in，则 direction_sign=+1；若表示 in/out，则 direction_sign=-1；若该模块无合适 ratio，则留空。,"Fill +1 for out/in-like forward support, -1 for in/out-like reverse support",gcst90200439/gcst90200261,gcst90200261/gcst90200439
M_820,GCST90200343,GCST90200391,N-formylmethionine,Methionine,蛋氨酸循环/含硫支路,Methionine Cycle/Sulfur-Containing Branch,丝氨酸/甘氨酸/苏氨酸/蛋氨酸与含硫代谢,高,,,GCST90200391 / GCST90200343,GCST90200343 / GCST90200391,Methionine / N-formylmethionine,N-formylmethionine / Methionine,若 ratio_trait 表示 out/in，则 direction_sign=+1；若表示 in/out，则 direction_sign=-1；若该模块无合适 ratio，则留空。,"Fill +1 for out/in-like forward support, -1 for in/out-like reverse support",gcst90200391/gcst90200343,gcst90200343/gcst90200391
M_821,GCST90200345,GCST90200439,S-adenosylhomocysteine (SAH),Cysteine,蛋氨酸循环/含硫支路,Methionine Cycle/Sulfur-Containing Branch,丝氨酸/甘氨酸/苏氨酸/蛋氨酸与含硫代谢,高,,,GCST90200439 / GCST90200345,GCST90200345 / GCST90200439,Cysteine / S-adenosylhomocysteine (SAH),S-adenosylhomocysteine (SAH) / Cysteine,若 ratio_trait 表示 out/in，则 direction_sign=+1；若表示 in/out，则 direction_sign=-1；若该模块无合适 ratio，则留空。,"Fill +1 for out/in-like forward support, -1 for in/out-like reverse support",gcst90200439/gcst90200345,gcst90200345/gcst90200439
M_822,GCST90200359,GCST90200345,5-methylthioadenosine (mta),S-adenosylhomocysteine (SAH),蛋氨酸循环/含硫支路,Methionine Cycle/Sulfur-Containing Branch,丝氨酸/甘氨酸/苏氨酸/蛋氨酸与含硫代谢,中,,,GCST90200345 / GCST90200359,GCST90200359 / GCST90200345,S-adenosylhomocysteine (SAH) / 5-methylthioadenosine (mta),5-methylthioadenosine (mta) / S-adenosylhomocysteine (SAH),若 ratio_trait 表示 out/in，则 direction_sign=+1；若表示 in/out，则 direction_sign=-1；若该模块无合适 ratio，则留空。,"Fill +1 for out/in-like forward support, -1 for in/out-like reverse support",gcst90200345/gcst90200359,gcst90200359/gcst90200345
M_823,GCST90200379,GCST90200420,Hypotaurine,Taurine,蛋氨酸循环/含硫支路,Methionine Cycle/Sulfur-Containing Branch,丝氨酸/甘氨酸/苏氨酸/蛋氨酸与含硫代谢,高,GCST90200892,-1.0,GCST90200420 / GCST90200379,GCST90200379 / GCST90200420,Taurine / Hypotaurine,Hypotaurine / Taurine,若 ratio_trait 表示 out/in，则 direction_sign=+1；若表示 in/out，则 direction_sign=-1；若该模块无合适 ratio，则留空。,"Fill +1 for out/in-like forward support, -1 for in/out-like reverse support",gcst90200420/gcst90200379,gcst90200379/gcst90200420
M_824,GCST90200382,GCST90200439,Cystine,Cysteine,蛋氨酸循环/含硫支路,Methionine Cycle/Sulfur-Containing Branch,丝氨酸/甘氨酸/苏氨酸/蛋氨酸与含硫代谢,中,,,GCST90200439 / GCST90200382,GCST90200382 / GCST90200439,Cysteine / Cystine,Cystine / Cysteine,若 ratio_trait 表示 out/in，则 direction_sign=+1；若表示 in/out，则 direction_sign=-1；若该模块无合适 ratio，则留空。,"Fill +1 for out/in-like forward support, -1 for in/out-like reverse support",gcst90200439/gcst90200382,gcst90200382/gcst90200439
M_825,GCST90200289,GCST90200391,N-acetylmethionine,Methionine,蛋氨酸循环/含硫支路,Methionine Cycle/Sulfur-Containing Branch,丝氨酸/甘氨酸/苏氨酸/蛋氨酸与含硫代谢,高,,,GCST90200391 / GCST90200289,GCST90200289 / GCST90200391,Methionine / N-acetylmethionine,N-acetylmethionine / Methionine,若 ratio_trait 表示 out/in，则 direction_sign=+1；若表示 in/out，则 direction_sign=-1；若该模块无合适 ratio，则留空。,"Fill +1 for out/in-like forward support, -1 for in/out-like reverse support",gcst90200391/gcst90200289,gcst90200289/gcst90200391
M_826,GCST90200383,GCST90200439,Cystathionine,Cysteine,蛋氨酸循环/含硫支路,Methionine Cycle/Sulfur-Containing Branch,丝氨酸/甘氨酸/苏氨酸/蛋氨酸与含硫代谢,中,,,GCST90200439 / GCST90200383,GCST90200383 / GCST90200439,Cysteine / Cystathionine,Cystathionine / Cysteine,若 ratio_trait 表示 out/in，则 direction_sign=+1；若表示 in/out，则 direction_sign=-1；若该模块无合适 ratio，则留空。,"Fill +1 for out/in-like forward support, -1 for in/out-like reverse support",gcst90200439/gcst90200383,gcst90200383/gcst90200439
M_827,GCST90200391,GCST90200345,Methionine,S-adenosylhomocysteine (SAH),蛋氨酸循环/含硫支路,Methionine Cycle/Sulfur-Containing Branch,丝氨酸/甘氨酸/苏氨酸/蛋氨酸与含硫代谢,高,,,GCST90200345 / GCST90200391,GCST90200391 / GCST90200345,S-adenosylhomocysteine (SAH) / Methionine,Methionine / S-adenosylhomocysteine (SAH),若 ratio_trait 表示 out/in，则 direction_sign=+1；若表示 in/out，则 direction_sign=-1；若该模块无合适 ratio，则留空。,"Fill +1 for out/in-like forward support, -1 for in/out-like reverse support",gcst90200345/gcst90200391,gcst90200391/gcst90200345
M_828,GCST90200391,GCST90200439,Methionine,Cysteine,蛋氨酸循环/含硫支路,Methionine Cycle/Sulfur-Containing Branch,丝氨酸/甘氨酸/苏氨酸/蛋氨酸与含硫代谢,高,,,GCST90200439 / GCST90200391,GCST90200391 / GCST90200439,Cysteine / Methionine,Methionine / Cysteine,若 ratio_trait 表示 out/in，则 direction_sign=+1；若表示 in/out，则 direction_sign=-1；若该模块无合适 ratio，则留空。,"Fill +1 for out/in-like forward support, -1 for in/out-like reverse support",gcst90200439/gcst90200391,gcst90200391/gcst90200439
M_829,GCST90200420,GCST90199967,Taurine,N-acetyltaurine,蛋氨酸循环/含硫支路,Methionine Cycle/Sulfur-Containing Branch,丝氨酸/甘氨酸/苏氨酸/蛋氨酸与含硫代谢,低,,,GCST90199967 / GCST90200420,GCST90200420 / GCST90199967,N-acetyltaurine / Taurine,Taurine / N-acetyltaurine,若 ratio_trait 表示 out/in，则 direction_sign=+1；若表示 in/out，则 direction_sign=-1；若该模块无合适 ratio，则留空。,"Fill +1 for out/in-like forward support, -1 for in/out-like reverse support",gcst90199967/gcst90200420,gcst90200420/gcst90199967
M_830,GCST90200439,GCST90200420,Cysteine,Taurine,蛋氨酸循环/含硫支路,Methionine Cycle/Sulfur-Containing Branch,丝氨酸/甘氨酸/苏氨酸/蛋氨酸与含硫代谢,高,GCST90200893,1.0,GCST90200420 / GCST90200439,GCST90200439 / GCST90200420,Taurine / Cysteine,Cysteine / Taurine,若 ratio_trait 表示 out/in，则 direction_sign=+1；若表示 in/out，则 direction_sign=-1；若该模块无合适 ratio，则留空。,"Fill +1 for out/in-like forward support, -1 for in/out-like reverse support",gcst90200420/gcst90200439,gcst90200439/gcst90200420
M_831,GCST90200439,GCST90200379,Cysteine,Hypotaurine,蛋氨酸循环/含硫支路,Methionine Cycle/Sulfur-Containing Branch,丝氨酸/甘氨酸/苏氨酸/蛋氨酸与含硫代谢,高,GCST90200895,1.0,GCST90200379 / GCST90200439,GCST90200439 / GCST90200379,Hypotaurine / Cysteine,Cysteine / Hypotaurine,若 ratio_trait 表示 out/in，则 direction_sign=+1；若表示 in/out，则 direction_sign=-1；若该模块无合适 ratio，则留空。,"Fill +1 for out/in-like forward support, -1 for in/out-like reverse support",gcst90200379/gcst90200439,gcst90200439/gcst90200379
M_832,GCST90199637,GCST90200412,N-acetylglutamate,Glutamate,谷氨酸/谷氨酰胺入口,Glutamate/Glutamine Entry Branch,尿素循环-精氨酸/脯氨酸/肌酸/多胺代谢,高,,,GCST90200412 / GCST90199637,GCST90199637 / GCST90200412,Glutamate / N-acetylglutamate,N-acetylglutamate / Glutamate,若 ratio_trait 表示 out/in，则 direction_sign=+1；若表示 in/out，则 direction_sign=-1；若该模块无合适 ratio，则留空。,"Fill +1 for out/in-like forward support, -1 for in/out-like reverse support",gcst90200412/gcst90199637,gcst90199637/gcst90200412
M_833,GCST90199817,GCST90200419,Indoleacetylglutamine,Glutamine,谷氨酸/谷氨酰胺入口,Glutamate/Glutamine Entry Branch,尿素循环-精氨酸/脯氨酸/肌酸/多胺代谢,高,,,GCST90200419 / GCST90199817,GCST90199817 / GCST90200419,Glutamine / Indoleacetylglutamine,Indoleacetylglutamine / Glutamine,若 ratio_trait 表示 out/in，则 direction_sign=+1；若表示 in/out，则 direction_sign=-1；若该模块无合适 ratio，则留空。,"Fill +1 for out/in-like forward support, -1 for in/out-like reverse support",gcst90200419/gcst90199817,gcst90199817/gcst90200419
M_834,GCST90199833,GCST90200419,Hexanoylglutamine,Glutamine,谷氨酸/谷氨酰胺入口,Glutamate/Glutamine Entry Branch,尿素循环-精氨酸/脯氨酸/肌酸/多胺代谢,高,,,GCST90200419 / GCST90199833,GCST90199833 / GCST90200419,Glutamine / Hexanoylglutamine,Hexanoylglutamine / Glutamine,若 ratio_trait 表示 out/in，则 direction_sign=+1；若表示 in/out，则 direction_sign=-1；若该模块无合适 ratio，则留空。,"Fill +1 for out/in-like forward support, -1 for in/out-like reverse support",gcst90200419/gcst90199833,gcst90199833/gcst90200419
M_835,GCST90199834,GCST90200412,Gamma-glutamylalanine,Glutamate,谷氨酸/谷氨酰胺入口,Glutamate/Glutamine Entry Branch,尿素循环-精氨酸/脯氨酸/肌酸/多胺代谢,高,,,GCST90200412 / GCST90199834,GCST90199834 / GCST90200412,Glutamate / Gamma-glutamylalanine,Gamma-glutamylalanine / Glutamate,若 ratio_trait 表示 out/in，则 direction_sign=+1；若表示 in/out，则 direction_sign=-1；若该模块无合适 ratio，则留空。,"Fill +1 for out/in-like forward support, -1 for in/out-like reverse support",gcst90200412/gcst90199834,gcst90199834/gcst90200412
M_836,GCST90199885,GCST90200412,Alpha-ketoglutaramate,Glutamate,谷氨酸/谷氨酰胺入口,Glutamate/Glutamine Entry Branch,尿素循环-精氨酸/脯氨酸/肌酸/多胺代谢,中,,,GCST90200412 / GCST90199885,GCST90199885 / GCST90200412,Glutamate / Alpha-ketoglutaramate,Alpha-ketoglutaramate / Glutamate,若 ratio_trait 表示 out/in，则 direction_sign=+1；若表示 in/out，则 direction_sign=-1；若该模块无合适 ratio，则留空。,"Fill +1 for out/in-like forward support, -1 for in/out-like reverse support",gcst90200412/gcst90199885,gcst90199885/gcst90200412
M_837,GCST90199890,GCST90200412,4-hydroxyglutamate,Glutamate,谷氨酸/谷氨酰胺入口,Glutamate/Glutamine Entry Branch,尿素循环-精氨酸/脯氨酸/肌酸/多胺代谢,高,,,GCST90200412 / GCST90199890,GCST90199890 / GCST90200412,Glutamate / 4-hydroxyglutamate,4-hydroxyglutamate / Glutamate,若 ratio_trait 表示 out/in，则 direction_sign=+1；若表示 in/out，则 direction_sign=-1；若该模块无合适 ratio，则留空。,"Fill +1 for out/in-like forward support, -1 for in/out-like reverse support",gcst90200412/gcst90199890,gcst90199890/gcst90200412
M_838,GCST90199779,GCST90200412,Gamma-glutamyl-2-aminobutyrate,Glutamate,谷氨酸/谷氨酰胺入口,Glutamate/Glutamine Entry Branch,尿素循环-精氨酸/脯氨酸/肌酸/多胺代谢,高,,,GCST90200412 / GCST90199779,GCST90199779 / GCST90200412,Glutamate / Gamma-glutamyl-2-aminobutyrate,Gamma-glutamyl-2-aminobutyrate / Glutamate,若 ratio_trait 表示 out/in，则 direction_sign=+1；若表示 in/out，则 direction_sign=-1；若该模块无合适 ratio，则留空。,"Fill +1 for out/in-like forward support, -1 for in/out-like reverse support",gcst90200412/gcst90199779,gcst90199779/gcst90200412
M_839,GCST90199782,GCST90200419,Glutamine degradant,Glutamine,谷氨酸/谷氨酰胺入口,Glutamate/Glutamine Entry Branch,尿素循环-精氨酸/脯氨酸/肌酸/多胺代谢,高,,,GCST90200419 / GCST90199782,GCST90199782 / GCST90200419,Glutamine / Glutamine degradant,Glutamine degradant / Glutamine,若 ratio_trait 表示 out/in，则 direction_sign=+1；若表示 in/out，则 direction_sign=-1；若该模块无合适 ratio，则留空。,"Fill +1 for out/in-like forward support, -1 for in/out-like reverse support",gcst90200419/gcst90199782,gcst90199782/gcst90200419
M_840,GCST90199905,GCST90200412,Formiminoglutamate,Glutamate,谷氨酸/谷氨酰胺入口,Glutamate/Glutamine Entry Branch,尿素循环-精氨酸/脯氨酸/肌酸/多胺代谢,高,,,GCST90200412 / GCST90199905,GCST90199905 / GCST90200412,Glutamate / Formiminoglutamate,Formiminoglutamate / Glutamate,若 ratio_trait 表示 out/in，则 direction_sign=+1；若表示 in/out，则 direction_sign=-1；若该模块无合适 ratio，则留空。,"Fill +1 for out/in-like forward support, -1 for in/out-like reverse support",gcst90200412/gcst90199905,gcst90199905/gcst90200412
M_841,GCST90199911,GCST90200412,Beta-citrylglutamate,Glutamate,谷氨酸/谷氨酰胺入口,Glutamate/Glutamine Entry Branch,尿素循环-精氨酸/脯氨酸/肌酸/多胺代谢,高,,,GCST90200412 / GCST90199911,GCST90199911 / GCST90200412,Glutamate / Beta-citrylglutamate,Beta-citrylglutamate / Glutamate,若 ratio_trait 表示 out/in，则 direction_sign=+1；若表示 in/out，则 direction_sign=-1；若该模块无合适 ratio，则留空。,"Fill +1 for out/in-like forward support, -1 for in/out-like reverse support",gcst90200412/gcst90199911,gcst90199911/gcst90200412
M_842,GCST90199741,GCST90200412,Gamma-glutamylglycine,Glutamate,谷氨酸/谷氨酰胺入口,Glutamate/Glutamine Entry Branch,尿素循环-精氨酸/脯氨酸/肌酸/多胺代谢,高,,,GCST90200412 / GCST90199741,GCST90199741 / GCST90200412,Glutamate / Gamma-glutamylglycine,Gamma-glutamylglycine / Glutamate,若 ratio_trait 表示 out/in，则 direction_sign=+1；若表示 in/out，则 direction_sign=-1；若该模块无合适 ratio，则留空。,"Fill +1 for out/in-like forward support, -1 for in/out-like reverse support",gcst90200412/gcst90199741,gcst90199741/gcst90200412
M_843,GCST90199749,GCST90200412,Gamma-glutamylthreonine,Glutamate,谷氨酸/谷氨酰胺入口,Glutamate/Glutamine Entry Branch,尿素循环-精氨酸/脯氨酸/肌酸/多胺代谢,高,,,GCST90200412 / GCST90199749,GCST90199749 / GCST90200412,Glutamate / Gamma-glutamylthreonine,Gamma-glutamylthreonine / Glutamate,若 ratio_trait 表示 out/in，则 direction_sign=+1；若表示 in/out，则 direction_sign=-1；若该模块无合适 ratio，则留空。,"Fill +1 for out/in-like forward support, -1 for in/out-like reverse support",gcst90200412/gcst90199749,gcst90199749/gcst90200412
M_844,GCST90199751,GCST90200412,Gamma-glutamylmethionine,Glutamate,谷氨酸/谷氨酰胺入口,Glutamate/Glutamine Entry Branch,尿素循环-精氨酸/脯氨酸/肌酸/多胺代谢,高,,,GCST90200412 / GCST90199751,GCST90199751 / GCST90200412,Glutamate / Gamma-glutamylmethionine,Gamma-glutamylmethionine / Glutamate,若 ratio_trait 表示 out/in，则 direction_sign=+1；若表示 in/out，则 direction_sign=-1；若该模块无合适 ratio，则留空。,"Fill +1 for out/in-like forward support, -1 for in/out-like reverse support",gcst90200412/gcst90199751,gcst90199751/gcst90200412
M_845,GCST90199753,GCST90200412,Gamma-glutamyltryptophan,Glutamate,谷氨酸/谷氨酰胺入口,Glutamate/Glutamine Entry Branch,尿素循环-精氨酸/脯氨酸/肌酸/多胺代谢,高,,,GCST90200412 / GCST90199753,GCST90199753 / GCST90200412,Glutamate / Gamma-glutamyltryptophan,Gamma-glutamyltryptophan / Glutamate,若 ratio_trait 表示 out/in，则 direction_sign=+1；若表示 in/out，则 direction_sign=-1；若该模块无合适 ratio，则留空。,"Fill +1 for out/in-like forward support, -1 for in/out-like reverse support",gcst90200412/gcst90199753,gcst90199753/gcst90200412
M_846,GCST90199768,GCST90200419,Phenylacetylglutamine,Glutamine,谷氨酸/谷氨酰胺入口,Glutamate/Glutamine Entry Branch,尿素循环-精氨酸/脯氨酸/肌酸/多胺代谢,高,,,GCST90200419 / GCST90199768,GCST90199768 / GCST90200419,Glutamine / Phenylacetylglutamine,Phenylacetylglutamine / Glutamine,若 ratio_trait 表示 out/in，则 direction_sign=+1；若表示 in/out，则 direction_sign=-1；若该模块无合适 ratio，则留空。,"Fill +1 for out/in-like forward support, -1 for in/out-like reverse support",gcst90200419/gcst90199768,gcst90199768/gcst90200419
M_847,GCST90200106,GCST90200419,4-hydroxyphenylacetylglutamine,Glutamine,谷氨酸/谷氨酰胺入口,Glutamate/Glutamine Entry Branch,尿素循环-精氨酸/脯氨酸/肌酸/多胺代谢,高,,,GCST90200419 / GCST90200106,GCST90200106 / GCST90200419,Glutamine / 4-hydroxyphenylacetylglutamine,4-hydroxyphenylacetylglutamine / Glutamine,若 ratio_trait 表示 out/in，则 direction_sign=+1；若表示 in/out，则 direction_sign=-1；若该模块无合适 ratio，则留空。,"Fill +1 for out/in-like forward support, -1 for in/out-like reverse support",gcst90200419/gcst90200106,gcst90200106/gcst90200419
M_848,GCST90200107,GCST90200412,Gamma-glutamyl-alpha-lysine,Glutamate,谷氨酸/谷氨酰胺入口,Glutamate/Glutamine Entry Branch,尿素循环-精氨酸/脯氨酸/肌酸/多胺代谢,高,,,GCST90200412 / GCST90200107,GCST90200107 / GCST90200412,Glutamate / Gamma-glutamyl-alpha-lysine,Gamma-glutamyl-alpha-lysine / Glutamate,若 ratio_trait 表示 out/in，则 direction_sign=+1；若表示 in/out，则 direction_sign=-1；若该模块无合适 ratio，则留空。,"Fill +1 for out/in-like forward support, -1 for in/out-like reverse support",gcst90200412/gcst90200107,gcst90200107/gcst90200412
M_849,GCST90200069,GCST90200412,Phenylacetylglutamate,Glutamate,谷氨酸/谷氨酰胺入口,Glutamate/Glutamine Entry Branch,尿素循环-精氨酸/脯氨酸/肌酸/多胺代谢,高,,,GCST90200412 / GCST90200069,GCST90200069 / GCST90200412,Glutamate / Phenylacetylglutamate,Phenylacetylglutamate / Glutamate,若 ratio_trait 表示 out/in，则 direction_sign=+1；若表示 in/out，则 direction_sign=-1；若该模块无合适 ratio，则留空。,"Fill +1 for out/in-like forward support, -1 for in/out-like reverse support",gcst90200412/gcst90200069,gcst90200069/gcst90200412
M_850,GCST90200162,GCST90200419,3-hydroxyphenylacetoylglutamine,Glutamine,谷氨酸/谷氨酰胺入口,Glutamate/Glutamine Entry Branch,尿素循环-精氨酸/脯氨酸/肌酸/多胺代谢,高,,,GCST90200419 / GCST90200162,GCST90200162 / GCST90200419,Glutamine / 3-hydroxyphenylacetoylglutamine,3-hydroxyphenylacetoylglutamine / Glutamine,若 ratio_trait 表示 out/in，则 direction_sign=+1；若表示 in/out，则 direction_sign=-1；若该模块无合适 ratio，则留空。,"Fill +1 for out/in-like forward support, -1 for in/out-like reverse support",gcst90200419/gcst90200162,gcst90200162/gcst90200419
M_851,GCST90200167,GCST90200419,Glutamine conjugate of C7H12O2,Glutamine,谷氨酸/谷氨酰胺入口,Glutamate/Glutamine Entry Branch,尿素循环-精氨酸/脯氨酸/肌酸/多胺代谢,高,,,GCST90200419 / GCST90200167,GCST90200167 / GCST90200419,Glutamine / Glutamine conjugate of C7H12O2,Glutamine conjugate of C7H12O2 / Glutamine,若 ratio_trait 表示 out/in，则 direction_sign=+1；若表示 in/out，则 direction_sign=-1；若该模块无合适 ratio，则留空。,"Fill +1 for out/in-like forward support, -1 for in/out-like reverse support",gcst90200419/gcst90200167,gcst90200167/gcst90200419
M_852,GCST90200223,GCST90200419,4-methylhexanoylglutamine,Glutamine,谷氨酸/谷氨酰胺入口,Glutamate/Glutamine Entry Branch,尿素循环-精氨酸/脯氨酸/肌酸/多胺代谢,高,,,GCST90200419 / GCST90200223,GCST90200223 / GCST90200419,Glutamine / 4-methylhexanoylglutamine,4-methylhexanoylglutamine / Glutamine,若 ratio_trait 表示 out/in，则 direction_sign=+1；若表示 in/out，则 direction_sign=-1；若该模块无合适 ratio，则留空。,"Fill +1 for out/in-like forward support, -1 for in/out-like reverse support",gcst90200419/gcst90200223,gcst90200223/gcst90200419
M_853,GCST90200173,GCST90200419,Glutamine conjugate of C6H10O2 (2),Glutamine,谷氨酸/谷氨酰胺入口,Glutamate/Glutamine Entry Branch,尿素循环-精氨酸/脯氨酸/肌酸/多胺代谢,高,,,GCST90200419 / GCST90200173,GCST90200173 / GCST90200419,Glutamine / Glutamine conjugate of C6H10O2 (2),Glutamine conjugate of C6H10O2 (2) / Glutamine,若 ratio_trait 表示 out/in，则 direction_sign=+1；若表示 in/out，则 direction_sign=-1；若该模块无合适 ratio，则留空。,"Fill +1 for out/in-like forward support, -1 for in/out-like reverse support",gcst90200419/gcst90200173,gcst90200173/gcst90200419
M_854,GCST90200176,GCST90200419,Glutamine conjugate of C6H10O2 (1),Glutamine,谷氨酸/谷氨酰胺入口,Glutamate/Glutamine Entry Branch,尿素循环-精氨酸/脯氨酸/肌酸/多胺代谢,高,,,GCST90200419 / GCST90200176,GCST90200176 / GCST90200419,Glutamine / Glutamine conjugate of C6H10O2 (1),Glutamine conjugate of C6H10O2 (1) / Glutamine,若 ratio_trait 表示 out/in，则 direction_sign=+1；若表示 in/out，则 direction_sign=-1；若该模块无合适 ratio，则留空。,"Fill +1 for out/in-like forward support, -1 for in/out-like reverse support",gcst90200419/gcst90200176,gcst90200176/gcst90200419
M_855,GCST90200185,GCST90200412,Gamma-glutamylcitrulline,Glutamate,谷氨酸/谷氨酰胺入口,Glutamate/Glutamine Entry Branch,尿素循环-精氨酸/脯氨酸/肌酸/多胺代谢,高,,,GCST90200412 / GCST90200185,GCST90200185 / GCST90200412,Glutamate / Gamma-glutamylcitrulline,Gamma-glutamylcitrulline / Glutamate,若 ratio_trait 表示 out/in，则 direction_sign=+1；若表示 in/out，则 direction_sign=-1；若该模块无合适 ratio，则留空。,"Fill +1 for out/in-like forward support, -1 for in/out-like reverse support",gcst90200412/gcst90200185,gcst90200185/gcst90200412
M_856,GCST90200315,GCST90200412,Gamma-glutamylhistidine,Glutamate,谷氨酸/谷氨酰胺入口,Glutamate/Glutamine Entry Branch,尿素循环-精氨酸/脯氨酸/肌酸/多胺代谢,高,,,GCST90200412 / GCST90200315,GCST90200315 / GCST90200412,Glutamate / Gamma-glutamylhistidine,Gamma-glutamylhistidine / Glutamate,若 ratio_trait 表示 out/in，则 direction_sign=+1；若表示 in/out，则 direction_sign=-1；若该模块无合适 ratio，则留空。,"Fill +1 for out/in-like forward support, -1 for in/out-like reverse support",gcst90200412/gcst90200315,gcst90200315/gcst90200412
M_857,GCST90200375,GCST90200412,Gamma-glutamylglutamate,Glutamate,谷氨酸/谷氨酰胺入口,Glutamate/Glutamine Entry Branch,尿素循环-精氨酸/脯氨酸/肌酸/多胺代谢,高,,,GCST90200412 / GCST90200375,GCST90200375 / GCST90200412,Glutamate / Gamma-glutamylglutamate,Gamma-glutamylglutamate / Glutamate,若 ratio_trait 表示 out/in，则 direction_sign=+1；若表示 in/out，则 direction_sign=-1；若该模块无合适 ratio，则留空。,"Fill +1 for out/in-like forward support, -1 for in/out-like reverse support",gcst90200412/gcst90200375,gcst90200375/gcst90200412
M_858,GCST90200295,GCST90200412,Gamma-glutamyltyrosine,Glutamate,谷氨酸/谷氨酰胺入口,Glutamate/Glutamine Entry Branch,尿素循环-精氨酸/脯氨酸/肌酸/多胺代谢,高,,,GCST90200412 / GCST90200295,GCST90200295 / GCST90200412,Glutamate / Gamma-glutamyltyrosine,Gamma-glutamyltyrosine / Glutamate,若 ratio_trait 表示 out/in，则 direction_sign=+1；若表示 in/out，则 direction_sign=-1；若该模块无合适 ratio，则留空。,"Fill +1 for out/in-like forward support, -1 for in/out-like reverse support",gcst90200412/gcst90200295,gcst90200295/gcst90200412
M_859,GCST90200301,GCST90200419,Gamma-glutamylglutamine,Glutamine,谷氨酸/谷氨酰胺入口,Glutamate/Glutamine Entry Branch,尿素循环-精氨酸/脯氨酸/肌酸/多胺代谢,高,,,GCST90200419 / GCST90200301,GCST90200301 / GCST90200419,Glutamine / Gamma-glutamylglutamine,Gamma-glutamylglutamine / Glutamine,若 ratio_trait 表示 out/in，则 direction_sign=+1；若表示 in/out，则 direction_sign=-1；若该模块无合适 ratio，则留空。,"Fill +1 for out/in-like forward support, -1 for in/out-like reverse support",gcst90200419/gcst90200301,gcst90200301/gcst90200419
M_860,GCST90200412,GCST90200419,Glutamate,Glutamine,谷氨酸/谷氨酰胺入口,Glutamate/Glutamine Entry Branch,尿素循环-精氨酸/脯氨酸/肌酸/多胺代谢,高,GCST90200776,-1.0,GCST90200419 / GCST90200412,GCST90200412 / GCST90200419,Glutamine / Glutamate,Glutamate / Glutamine,若 ratio_trait 表示 out/in，则 direction_sign=+1；若表示 in/out，则 direction_sign=-1；若该模块无合适 ratio，则留空。,"Fill +1 for out/in-like forward support, -1 for in/out-like reverse support",gcst90200419/gcst90200412,gcst90200412/gcst90200419
M_861,GCST90200412,GCST90200455,Glutamate,Alpha-ketoglutarate,谷氨酸/谷氨酰胺入口,Glutamate/Glutamine Entry Branch,尿素循环-精氨酸/脯氨酸/肌酸/多胺代谢,高,GCST90200715,1.0,GCST90200455 / GCST90200412,GCST90200412 / GCST90200455,Alpha-ketoglutarate / Glutamate,Glutamate / Alpha-ketoglutarate,若 ratio_trait 表示 out/in，则 direction_sign=+1；若表示 in/out，则 direction_sign=-1；若该模块无合适 ratio，则留空。,"Fill +1 for out/in-like forward support, -1 for in/out-like reverse support",gcst90200455/gcst90200412,gcst90200412/gcst90200455
M_862,GCST90200419,GCST90200412,Glutamine,Glutamate,谷氨酸/谷氨酰胺入口,Glutamate/Glutamine Entry Branch,尿素循环-精氨酸/脯氨酸/肌酸/多胺代谢,高,GCST90200776,1.0,GCST90200412 / GCST90200419,GCST90200419 / GCST90200412,Glutamate / Glutamine,Glutamine / Glutamate,若 ratio_trait 表示 out/in，则 direction_sign=+1；若表示 in/out，则 direction_sign=-1；若该模块无合适 ratio，则留空。,"Fill +1 for out/in-like forward support, -1 for in/out-like reverse support",gcst90200412/gcst90200419,gcst90200419/gcst90200412
M_863,GCST90200419,GCST90200455,Glutamine,Alpha-ketoglutarate,谷氨酸/谷氨酰胺入口,Glutamate/Glutamine Entry Branch,尿素循环-精氨酸/脯氨酸/肌酸/多胺代谢,高,,,GCST90200455 / GCST90200419,GCST90200419 / GCST90200455,Alpha-ketoglutarate / Glutamine,Glutamine / Alpha-ketoglutarate,若 ratio_trait 表示 out/in，则 direction_sign=+1；若表示 in/out，则 direction_sign=-1；若该模块无合适 ratio，则留空。,"Fill +1 for out/in-like forward support, -1 for in/out-like reverse support",gcst90200455/gcst90200419,gcst90200419/gcst90200455
M_864,GCST90200676,GCST90200419,N-acetylglutamine,Glutamine,谷氨酸/谷氨酰胺入口,Glutamate/Glutamine Entry Branch,尿素循环-精氨酸/脯氨酸/肌酸/多胺代谢,高,,,GCST90200419 / GCST90200676,GCST90200676 / GCST90200419,Glutamine / N-acetylglutamine,N-acetylglutamine / Glutamine,若 ratio_trait 表示 out/in，则 direction_sign=+1；若表示 in/out，则 direction_sign=-1；若该模块无合适 ratio，则留空。,"Fill +1 for out/in-like forward support, -1 for in/out-like reverse support",gcst90200419/gcst90200676,gcst90200676/gcst90200419
M_865,GCST90200684,GCST90200412,N-acetyl-aspartyl-glutamate (naag),Glutamate,谷氨酸/谷氨酰胺入口,Glutamate/Glutamine Entry Branch,尿素循环-精氨酸/脯氨酸/肌酸/多胺代谢,高,,,GCST90200412 / GCST90200684,GCST90200684 / GCST90200412,Glutamate / N-acetyl-aspartyl-glutamate (naag),N-acetyl-aspartyl-glutamate (naag) / Glutamate,若 ratio_trait 表示 out/in，则 direction_sign=+1；若表示 in/out，则 direction_sign=-1；若该模块无合适 ratio，则留空。,"Fill +1 for out/in-like forward support, -1 for in/out-like reverse support",gcst90200412/gcst90200684,gcst90200684/gcst90200412
M_866,GCST90199682,GCST90200403,Homocitrulline,Citrulline,鸟氨酸/瓜氨酸支路,Ornithine/Citrulline Branch,尿素循环-精氨酸/脯氨酸/肌酸/多胺代谢,中,,,GCST90200403 / GCST90199682,GCST90199682 / GCST90200403,Citrulline / Homocitrulline,Homocitrulline / Citrulline,若 ratio_trait 表示 out/in，则 direction_sign=+1；若表示 in/out，则 direction_sign=-1；若该模块无合适 ratio，则留空。,"Fill +1 for out/in-like forward support, -1 for in/out-like reverse support",gcst90200403/gcst90199682,gcst90199682/gcst90200403
M_867,GCST90199627,GCST90200404,N-alpha-acetylornithine,Ornithine,鸟氨酸/瓜氨酸支路,Ornithine/Citrulline Branch,尿素循环-精氨酸/脯氨酸/肌酸/多胺代谢,高,,,GCST90200404 / GCST90199627,GCST90199627 / GCST90200404,Ornithine / N-alpha-acetylornithine,N-alpha-acetylornithine / Ornithine,若 ratio_trait 表示 out/in，则 direction_sign=+1；若表示 in/out，则 direction_sign=-1；若该模块无合适 ratio，则留空。,"Fill +1 for out/in-like forward support, -1 for in/out-like reverse support",gcst90200404/gcst90199627,gcst90199627/gcst90200404
M_868,GCST90199954,GCST90200404,"N2,N5-diacetylornithine",Ornithine,鸟氨酸/瓜氨酸支路,Ornithine/Citrulline Branch,尿素循环-精氨酸/脯氨酸/肌酸/多胺代谢,高,,,GCST90200404 / GCST90199954,GCST90199954 / GCST90200404,"Ornithine / N2,N5-diacetylornithine","N2,N5-diacetylornithine / Ornithine",若 ratio_trait 表示 out/in，则 direction_sign=+1；若表示 in/out，则 direction_sign=-1；若该模块无合适 ratio，则留空。,"Fill +1 for out/in-like forward support, -1 for in/out-like reverse support",gcst90200404/gcst90199954,gcst90199954/gcst90200404
M_869,GCST90200403,GCST90200372,Citrulline,Arginine,鸟氨酸/瓜氨酸支路,Ornithine/Citrulline Branch,尿素循环-精氨酸/脯氨酸/肌酸/多胺代谢,高,GCST90200743,1.0,GCST90200372 / GCST90200403,GCST90200403 / GCST90200372,Arginine / Citrulline,Citrulline / Arginine,若 ratio_trait 表示 out/in，则 direction_sign=+1；若表示 in/out，则 direction_sign=-1；若该模块无合适 ratio，则留空。,"Fill +1 for out/in-like forward support, -1 for in/out-like reverse support",gcst90200372/gcst90200403,gcst90200403/gcst90200372
M_870,GCST90200404,GCST90200403,Ornithine,Citrulline,鸟氨酸/瓜氨酸支路,Ornithine/Citrulline Branch,尿素循环-精氨酸/脯氨酸/肌酸/多胺代谢,高,GCST90200899,1.0,GCST90200403 / GCST90200404,GCST90200404 / GCST90200403,Citrulline / Ornithine,Ornithine / Citrulline,若 ratio_trait 表示 out/in，则 direction_sign=+1；若表示 in/out，则 direction_sign=-1；若该模块无合适 ratio，则留空。,"Fill +1 for out/in-like forward support, -1 for in/out-like reverse support",gcst90200403/gcst90200404,gcst90200404/gcst90200403
M_871,GCST90200404,GCST90200411,Ornithine,Proline,鸟氨酸/瓜氨酸支路,Ornithine/Citrulline Branch,尿素循环-精氨酸/脯氨酸/肌酸/多胺代谢,高,,,GCST90200411 / GCST90200404,GCST90200404 / GCST90200411,Proline / Ornithine,Ornithine / Proline,若 ratio_trait 表示 out/in，则 direction_sign=+1；若表示 in/out，则 direction_sign=-1；若该模块无合适 ratio，则留空。,"Fill +1 for out/in-like forward support, -1 for in/out-like reverse support",gcst90200411/gcst90200404,gcst90200404/gcst90200411
M_872,GCST90200683,GCST90200403,N-acetylcitrulline,Citrulline,鸟氨酸/瓜氨酸支路,Ornithine/Citrulline Branch,尿素循环-精氨酸/脯氨酸/肌酸/多胺代谢,中,,,GCST90200403 / GCST90200683,GCST90200683 / GCST90200403,Citrulline / N-acetylcitrulline,N-acetylcitrulline / Citrulline,若 ratio_trait 表示 out/in，则 direction_sign=+1；若表示 in/out，则 direction_sign=-1；若该模块无合适 ratio，则留空。,"Fill +1 for out/in-like forward support, -1 for in/out-like reverse support",gcst90200403/gcst90200683,gcst90200683/gcst90200403
M_873,GCST90200691,GCST90200404,N-delta-acetylornithine,Ornithine,鸟氨酸/瓜氨酸支路,Ornithine/Citrulline Branch,尿素循环-精氨酸/脯氨酸/肌酸/多胺代谢,高,,,GCST90200404 / GCST90200691,GCST90200691 / GCST90200404,Ornithine / N-delta-acetylornithine,N-delta-acetylornithine / Ornithine,若 ratio_trait 表示 out/in，则 direction_sign=+1；若表示 in/out，则 direction_sign=-1；若该模块无合适 ratio，则留空。,"Fill +1 for out/in-like forward support, -1 for in/out-like reverse support",gcst90200404/gcst90200691,gcst90200691/gcst90200404
M_874,GCST90199675,GCST90200372,Homoarginine,Arginine,精氨酸/尿素循环支路,Arginine/Urea Cycle Branch,尿素循环-精氨酸/脯氨酸/肌酸/多胺代谢,高,,,GCST90200372 / GCST90199675,GCST90199675 / GCST90200372,Arginine / Homoarginine,Homoarginine / Arginine,若 ratio_trait 表示 out/in，则 direction_sign=+1；若表示 in/out，则 direction_sign=-1；若该模块无合适 ratio，则留空。,"Fill +1 for out/in-like forward support, -1 for in/out-like reverse support",gcst90200372/gcst90199675,gcst90199675/gcst90200372
M_875,GCST90199832,GCST90200372,Dimethylarginine (sdma + adma),Arginine,精氨酸/尿素循环支路,Arginine/Urea Cycle Branch,尿素循环-精氨酸/脯氨酸/肌酸/多胺代谢,高,,,GCST90200372 / GCST90199832,GCST90199832 / GCST90200372,Arginine / Dimethylarginine (sdma + adma),Dimethylarginine (sdma + adma) / Arginine,若 ratio_trait 表示 out/in，则 direction_sign=+1；若表示 in/out，则 direction_sign=-1；若该模块无合适 ratio，则留空。,"Fill +1 for out/in-like forward support, -1 for in/out-like reverse support",gcst90200372/gcst90199832,gcst90199832/gcst90200372
M_876,GCST90199900,GCST90200372,Argininate,Arginine,精氨酸/尿素循环支路,Arginine/Urea Cycle Branch,尿素循环-精氨酸/脯氨酸/肌酸/多胺代谢,高,,,GCST90200372 / GCST90199900,GCST90199900 / GCST90200372,Arginine / Argininate,Argininate / Arginine,若 ratio_trait 表示 out/in，则 direction_sign=+1；若表示 in/out，则 direction_sign=-1；若该模块无合适 ratio，则留空。,"Fill +1 for out/in-like forward support, -1 for in/out-like reverse support",gcst90200372/gcst90199900,gcst90199900/gcst90200372
M_877,GCST90199903,GCST90200372,2-oxoarginine,Arginine,精氨酸/尿素循环支路,Arginine/Urea Cycle Branch,尿素循环-精氨酸/脯氨酸/肌酸/多胺代谢,高,,,GCST90200372 / GCST90199903,GCST90199903 / GCST90200372,Arginine / 2-oxoarginine,2-oxoarginine / Arginine,若 ratio_trait 表示 out/in，则 direction_sign=+1；若表示 in/out，则 direction_sign=-1；若该模块无合适 ratio，则留空。,"Fill +1 for out/in-like forward support, -1 for in/out-like reverse support",gcst90200372/gcst90199903,gcst90199903/gcst90200372
M_878,GCST90200372,GCST90200417,Arginine,Urea,精氨酸/尿素循环支路,Arginine/Urea Cycle Branch,尿素循环-精氨酸/脯氨酸/肌酸/多胺代谢,高,,,GCST90200417 / GCST90200372,GCST90200372 / GCST90200417,Urea / Arginine,Arginine / Urea,若 ratio_trait 表示 out/in，则 direction_sign=+1；若表示 in/out，则 direction_sign=-1；若该模块无合适 ratio，则留空。,"Fill +1 for out/in-like forward support, -1 for in/out-like reverse support",gcst90200417/gcst90200372,gcst90200372/gcst90200417
M_879,GCST90200372,GCST90200384,Arginine,Guanidinoacetate,精氨酸/尿素循环支路,Arginine/Urea Cycle Branch,尿素循环-精氨酸/脯氨酸/肌酸/多胺代谢,中,,,GCST90200384 / GCST90200372,GCST90200372 / GCST90200384,Guanidinoacetate / Arginine,Arginine / Guanidinoacetate,若 ratio_trait 表示 out/in，则 direction_sign=+1；若表示 in/out，则 direction_sign=-1；若该模块无合适 ratio，则留空。,"Fill +1 for out/in-like forward support, -1 for in/out-like reverse support",gcst90200384/gcst90200372,gcst90200372/gcst90200384
M_880,GCST90200372,GCST90200404,Arginine,Ornithine,精氨酸/尿素循环支路,Arginine/Urea Cycle Branch,尿素循环-精氨酸/脯氨酸/肌酸/多胺代谢,高,GCST90200735,-1.0,GCST90200404 / GCST90200372,GCST90200372 / GCST90200404,Ornithine / Arginine,Arginine / Ornithine,若 ratio_trait 表示 out/in，则 direction_sign=+1；若表示 in/out，则 direction_sign=-1；若该模块无合适 ratio，则留空。,"Fill +1 for out/in-like forward support, -1 for in/out-like reverse support",gcst90200404/gcst90200372,gcst90200372/gcst90200404
M_881,GCST90200417,GCST90200404,Urea,Ornithine,精氨酸/尿素循环支路,Arginine/Urea Cycle Branch,尿素循环-精氨酸/脯氨酸/肌酸/多胺代谢,低,,,GCST90200404 / GCST90200417,GCST90200417 / GCST90200404,Ornithine / Urea,Urea / Ornithine,若 ratio_trait 表示 out/in，则 direction_sign=+1；若表示 in/out，则 direction_sign=-1；若该模块无合适 ratio，则留空。,"Fill +1 for out/in-like forward support, -1 for in/out-like reverse support",gcst90200404/gcst90200417,gcst90200417/gcst90200404
M_882,GCST90200679,GCST90200372,N-acetylarginine,Arginine,精氨酸/尿素循环支路,Arginine/Urea Cycle Branch,尿素循环-精氨酸/脯氨酸/肌酸/多胺代谢,高,,,GCST90200372 / GCST90200679,GCST90200679 / GCST90200372,Arginine / N-acetylarginine,N-acetylarginine / Arginine,若 ratio_trait 表示 out/in，则 direction_sign=+1；若表示 in/out，则 direction_sign=-1；若该模块无合适 ratio，则留空。,"Fill +1 for out/in-like forward support, -1 for in/out-like reverse support",gcst90200372/gcst90200679,gcst90200679/gcst90200372
M_883,GCST90199640,GCST90200404,4-guanidinobutanoate,Ornithine,肌酸/多胺支路,Creatine/Polyamine Branch,尿素循环-精氨酸/脯氨酸/肌酸/多胺代谢,低,,,GCST90200404 / GCST90199640,GCST90199640 / GCST90200404,Ornithine / 4-guanidinobutanoate,4-guanidinobutanoate / Ornithine,若 ratio_trait 表示 out/in，则 direction_sign=+1；若表示 in/out，则 direction_sign=-1；若该模块无合适 ratio，则留空。,"Fill +1 for out/in-like forward support, -1 for in/out-like reverse support",gcst90200404/gcst90199640,gcst90199640/gcst90200404
M_884,GCST90200153,GCST90200423,(N(1) + N(8))-acetylspermidine,Spermidine,肌酸/多胺支路,Creatine/Polyamine Branch,尿素循环-精氨酸/脯氨酸/肌酸/多胺代谢,高,GCST90200796,1.0,GCST90200423 / GCST90200153,GCST90200153 / GCST90200423,Spermidine / (N(1) + N(8))-acetylspermidine,(N(1) + N(8))-acetylspermidine / Spermidine,若 ratio_trait 表示 out/in，则 direction_sign=+1；若表示 in/out，则 direction_sign=-1；若该模块无合适 ratio，则留空。,"Fill +1 for out/in-like forward support, -1 for in/out-like reverse support",gcst90200423/gcst90200153,gcst90200153/gcst90200423
M_885,GCST90200323,GCST90200366,Creatine,Creatinine,肌酸/多胺支路,Creatine/Polyamine Branch,尿素循环-精氨酸/脯氨酸/肌酸/多胺代谢,高,,,GCST90200366 / GCST90200323,GCST90200323 / GCST90200366,Creatinine / Creatine,Creatine / Creatinine,若 ratio_trait 表示 out/in，则 direction_sign=+1；若表示 in/out，则 direction_sign=-1；若该模块无合适 ratio，则留空。,"Fill +1 for out/in-like forward support, -1 for in/out-like reverse support",gcst90200366/gcst90200323,gcst90200323/gcst90200366
M_886,GCST90200366,GCST90200323,Creatinine,Creatine,肌酸/多胺支路,Creatine/Polyamine Branch,尿素循环-精氨酸/脯氨酸/肌酸/多胺代谢,低,,,GCST90200323 / GCST90200366,GCST90200366 / GCST90200323,Creatine / Creatinine,Creatinine / Creatine,若 ratio_trait 表示 out/in，则 direction_sign=+1；若表示 in/out，则 direction_sign=-1；若该模块无合适 ratio，则留空。,"Fill +1 for out/in-like forward support, -1 for in/out-like reverse support",gcst90200323/gcst90200366,gcst90200366/gcst90200323
M_887,GCST90200384,GCST90200323,Guanidinoacetate,Creatine,肌酸/多胺支路,Creatine/Polyamine Branch,尿素循环-精氨酸/脯氨酸/肌酸/多胺代谢,高,,,GCST90200323 / GCST90200384,GCST90200384 / GCST90200323,Creatine / Guanidinoacetate,Guanidinoacetate / Creatine,若 ratio_trait 表示 out/in，则 direction_sign=+1；若表示 in/out，则 direction_sign=-1；若该模块无合适 ratio，则留空。,"Fill +1 for out/in-like forward support, -1 for in/out-like reverse support",gcst90200323/gcst90200384,gcst90200384/gcst90200323
M_888,GCST90200423,GCST90200153,Spermidine,(N(1) + N(8))-acetylspermidine,肌酸/多胺支路,Creatine/Polyamine Branch,尿素循环-精氨酸/脯氨酸/肌酸/多胺代谢,高,GCST90200796,-1.0,GCST90200153 / GCST90200423,GCST90200423 / GCST90200153,(N(1) + N(8))-acetylspermidine / Spermidine,Spermidine / (N(1) + N(8))-acetylspermidine,若 ratio_trait 表示 out/in，则 direction_sign=+1；若表示 in/out，则 direction_sign=-1；若该模块无合适 ratio，则留空。,"Fill +1 for out/in-like forward support, -1 for in/out-like reverse support",gcst90200153/gcst90200423,gcst90200423/gcst90200153
M_889,GCST90199634,GCST90200402,5-hydroxylysine,Lysine,脯氨酸/赖氨酸相关,Proline/Lysine Related Branch,尿素循环-精氨酸/脯氨酸/肌酸/多胺代谢,高,,,GCST90200402 / GCST90199634,GCST90199634 / GCST90200402,Lysine / 5-hydroxylysine,5-hydroxylysine / Lysine,若 ratio_trait 表示 out/in，则 direction_sign=+1；若表示 in/out，则 direction_sign=-1；若该模块无合适 ratio，则留空。,"Fill +1 for out/in-like forward support, -1 for in/out-like reverse support",gcst90200402/gcst90199634,gcst90199634/gcst90200402
M_890,GCST90199826,GCST90200402,N6-acetyllysine,Lysine,脯氨酸/赖氨酸相关,Proline/Lysine Related Branch,尿素循环-精氨酸/脯氨酸/肌酸/多胺代谢,高,,,GCST90200402 / GCST90199826,GCST90199826 / GCST90200402,Lysine / N6-acetyllysine,N6-acetyllysine / Lysine,若 ratio_trait 表示 out/in，则 direction_sign=+1；若表示 in/out，则 direction_sign=-1；若该模块无合适 ratio，则留空。,"Fill +1 for out/in-like forward support, -1 for in/out-like reverse support",gcst90200402/gcst90199826,gcst90199826/gcst90200402
M_891,GCST90199836,GCST90200411,N-methylproline,Proline,脯氨酸/赖氨酸相关,Proline/Lysine Related Branch,尿素循环-精氨酸/脯氨酸/肌酸/多胺代谢,高,,,GCST90200411 / GCST90199836,GCST90199836 / GCST90200411,Proline / N-methylproline,N-methylproline / Proline,若 ratio_trait 表示 out/in，则 direction_sign=+1；若表示 in/out，则 direction_sign=-1；若该模块无合适 ratio，则留空。,"Fill +1 for out/in-like forward support, -1 for in/out-like reverse support",gcst90200411/gcst90199836,gcst90199836/gcst90200411
M_892,GCST90199881,GCST90200402,5-(galactosylhydroxy)-L-lysine,Lysine,脯氨酸/赖氨酸相关,Proline/Lysine Related Branch,尿素循环-精氨酸/脯氨酸/肌酸/多胺代谢,高,,,GCST90200402 / GCST90199881,GCST90199881 / GCST90200402,Lysine / 5-(galactosylhydroxy)-L-lysine,5-(galactosylhydroxy)-L-lysine / Lysine,若 ratio_trait 表示 out/in，则 direction_sign=+1；若表示 in/out，则 direction_sign=-1；若该模块无合适 ratio，则留空。,"Fill +1 for out/in-like forward support, -1 for in/out-like reverse support",gcst90200402/gcst90199881,gcst90199881/gcst90200402
M_893,GCST90199707,GCST90200411,Pro-hydroxy-pro,Proline,脯氨酸/赖氨酸相关,Proline/Lysine Related Branch,尿素循环-精氨酸/脯氨酸/肌酸/多胺代谢,低,,,GCST90200411 / GCST90199707,GCST90199707 / GCST90200411,Proline / Pro-hydroxy-pro,Pro-hydroxy-pro / Proline,若 ratio_trait 表示 out/in，则 direction_sign=+1；若表示 in/out，则 direction_sign=-1；若该模块无合适 ratio，则留空。,"Fill +1 for out/in-like forward support, -1 for in/out-like reverse support",gcst90200411/gcst90199707,gcst90199707/gcst90200411
M_894,GCST90199737,GCST90200411,N-acetylproline,Proline,脯氨酸/赖氨酸相关,Proline/Lysine Related Branch,尿素循环-精氨酸/脯氨酸/肌酸/多胺代谢,高,,,GCST90200411 / GCST90199737,GCST90199737 / GCST90200411,Proline / N-acetylproline,N-acetylproline / Proline,若 ratio_trait 表示 out/in，则 direction_sign=+1；若表示 in/out，则 direction_sign=-1；若该模块无合适 ratio，则留空。,"Fill +1 for out/in-like forward support, -1 for in/out-like reverse support",gcst90200411/gcst90199737,gcst90199737/gcst90200411
M_895,GCST90200072,GCST90200411,Thioproline,Proline,脯氨酸/赖氨酸相关,Proline/Lysine Related Branch,尿素循环-精氨酸/脯氨酸/肌酸/多胺代谢,高,,,GCST90200411 / GCST90200072,GCST90200072 / GCST90200411,Proline / Thioproline,Thioproline / Proline,若 ratio_trait 表示 out/in，则 direction_sign=+1；若表示 in/out，则 direction_sign=-1；若该模块无合适 ratio，则留空。,"Fill +1 for out/in-like forward support, -1 for in/out-like reverse support",gcst90200411/gcst90200072,gcst90200072/gcst90200411
M_896,GCST90200021,GCST90200440,N-acetylglucosamine/n-acetylgalactosamine,Glucose,一般氨基酸衍生物,General Amino Acid Derivatives,尿素循环-精氨酸/脯氨酸/肌酸/多胺代谢,低,,,GCST90200440 / GCST90200021,GCST90200021 / GCST90200440,Glucose / N-acetylglucosamine/n-acetylgalactosamine,N-acetylglucosamine/n-acetylgalactosamine / Glucose,若 ratio_trait 表示 out/in，则 direction_sign=+1；若表示 in/out，则 direction_sign=-1；若该模块无合适 ratio，则留空。,"Fill +1 for out/in-like forward support, -1 for in/out-like reverse support",gcst90200440/gcst90200021,gcst90200021/gcst90200440
M_897,GCST90199952,GCST90200452,2-aminoheptanoate,Asparagine,一般氨基酸衍生物,General Amino Acid Derivatives,尿素循环-精氨酸/脯氨酸/肌酸/多胺代谢,低,,,GCST90200452 / GCST90199952,GCST90199952 / GCST90200452,Asparagine / 2-aminoheptanoate,2-aminoheptanoate / Asparagine,若 ratio_trait 表示 out/in，则 direction_sign=+1；若表示 in/out，则 direction_sign=-1；若该模块无合适 ratio，则留空。,"Fill +1 for out/in-like forward support, -1 for in/out-like reverse support",gcst90200452/gcst90199952,gcst90199952/gcst90200452
M_898,GCST90199965,GCST90200402,Fructosyllysine,Lysine,脯氨酸/赖氨酸相关,Proline/Lysine Related Branch,尿素循环-精氨酸/脯氨酸/肌酸/多胺代谢,高,,,GCST90200402 / GCST90199965,GCST90199965 / GCST90200402,Lysine / Fructosyllysine,Fructosyllysine / Lysine,若 ratio_trait 表示 out/in，则 direction_sign=+1；若表示 in/out，则 direction_sign=-1；若该模块无合适 ratio，则留空。,"Fill +1 for out/in-like forward support, -1 for in/out-like reverse support",gcst90200402/gcst90199965,gcst90199965/gcst90200402
M_899,GCST90199926,GCST90200411,N-acetylcarnosine,Proline,脯氨酸/赖氨酸相关,Proline/Lysine Related Branch,尿素循环-精氨酸/脯氨酸/肌酸/多胺代谢,低,,,GCST90200411 / GCST90199926,GCST90199926 / GCST90200411,Proline / N-acetylcarnosine,N-acetylcarnosine / Proline,若 ratio_trait 表示 out/in，则 direction_sign=+1；若表示 in/out，则 direction_sign=-1；若该模块无合适 ratio，则留空。,"Fill +1 for out/in-like forward support, -1 for in/out-like reverse support",gcst90200411/gcst90199926,gcst90199926/gcst90200411
M_900,GCST90199937,GCST90200452,2-aminooctanoate,Asparagine,一般氨基酸衍生物,General Amino Acid Derivatives,尿素循环-精氨酸/脯氨酸/肌酸/多胺代谢,低,,,GCST90200452 / GCST90199937,GCST90199937 / GCST90200452,Asparagine / 2-aminooctanoate,2-aminooctanoate / Asparagine,若 ratio_trait 表示 out/in，则 direction_sign=+1；若表示 in/out，则 direction_sign=-1；若该模块无合适 ratio，则留空。,"Fill +1 for out/in-like forward support, -1 for in/out-like reverse support",gcst90200452/gcst90199937,gcst90199937/gcst90200452
M_901,GCST90200168,GCST90200452,Hydroxyasparagine,Asparagine,一般氨基酸衍生物,General Amino Acid Derivatives,尿素循环-精氨酸/脯氨酸/肌酸/多胺代谢,高,,,GCST90200452 / GCST90200168,GCST90200168 / GCST90200452,Asparagine / Hydroxyasparagine,Hydroxyasparagine / Asparagine,若 ratio_trait 表示 out/in，则 direction_sign=+1；若表示 in/out，则 direction_sign=-1；若该模块无合适 ratio，则留空。,"Fill +1 for out/in-like forward support, -1 for in/out-like reverse support",gcst90200452/gcst90200168,gcst90200168/gcst90200452
M_902,GCST90200177,GCST90200411,N-methylhydroxyproline,Proline,脯氨酸/赖氨酸相关,Proline/Lysine Related Branch,尿素循环-精氨酸/脯氨酸/肌酸/多胺代谢,高,,,GCST90200411 / GCST90200177,GCST90200177 / GCST90200411,Proline / N-methylhydroxyproline,N-methylhydroxyproline / Proline,若 ratio_trait 表示 out/in，则 direction_sign=+1；若表示 in/out，则 direction_sign=-1；若该模块无合适 ratio，则留空。,"Fill +1 for out/in-like forward support, -1 for in/out-like reverse support",gcst90200411/gcst90200177,gcst90200177/gcst90200411
M_903,GCST90200181,GCST90200411,"N,n,n-trimethyl-alanylproline betaine (tmap)",Proline,脯氨酸/赖氨酸相关,Proline/Lysine Related Branch,尿素循环-精氨酸/脯氨酸/肌酸/多胺代谢,高,,,GCST90200411 / GCST90200181,GCST90200181 / GCST90200411,"Proline / N,n,n-trimethyl-alanylproline betaine (tmap)","N,n,n-trimethyl-alanylproline betaine (tmap) / Proline",若 ratio_trait 表示 out/in，则 direction_sign=+1；若表示 in/out，则 direction_sign=-1；若该模块无合适 ratio，则留空。,"Fill +1 for out/in-like forward support, -1 for in/out-like reverse support",gcst90200411/gcst90200181,gcst90200181/gcst90200411
M_904,GCST90200183,GCST90200452,N-acetyl-2-aminooctanoate,Asparagine,一般氨基酸衍生物,General Amino Acid Derivatives,尿素循环-精氨酸/脯氨酸/肌酸/多胺代谢,低,,,GCST90200452 / GCST90200183,GCST90200183 / GCST90200452,Asparagine / N-acetyl-2-aminooctanoate,N-acetyl-2-aminooctanoate / Asparagine,若 ratio_trait 表示 out/in，则 direction_sign=+1；若表示 in/out，则 direction_sign=-1；若该模块无合适 ratio，则留空。,"Fill +1 for out/in-like forward support, -1 for in/out-like reverse support",gcst90200452/gcst90200183,gcst90200183/gcst90200452
M_905,GCST90200268,GCST90200452,N-acetyl-2-aminoadipate,Asparagine,一般氨基酸衍生物,General Amino Acid Derivatives,尿素循环-精氨酸/脯氨酸/肌酸/多胺代谢,低,,,GCST90200452 / GCST90200268,GCST90200268 / GCST90200452,Asparagine / N-acetyl-2-aminoadipate,N-acetyl-2-aminoadipate / Asparagine,若 ratio_trait 表示 out/in，则 direction_sign=+1；若表示 in/out，则 direction_sign=-1；若该模块无合适 ratio，则留空。,"Fill +1 for out/in-like forward support, -1 for in/out-like reverse support",gcst90200452/gcst90200268,gcst90200268/gcst90200452
M_906,GCST90200195,GCST90200452,N-acetyl-isoputreanine,Asparagine,一般氨基酸衍生物,General Amino Acid Derivatives,尿素循环-精氨酸/脯氨酸/肌酸/多胺代谢,低,,,GCST90200452 / GCST90200195,GCST90200195 / GCST90200452,Asparagine / N-acetyl-isoputreanine,N-acetyl-isoputreanine / Asparagine,若 ratio_trait 表示 out/in，则 direction_sign=+1；若表示 in/out，则 direction_sign=-1；若该模块无合适 ratio，则留空。,"Fill +1 for out/in-like forward support, -1 for in/out-like reverse support",gcst90200452/gcst90200195,gcst90200195/gcst90200452
M_907,GCST90200280,GCST90200411,5-oxoproline,Proline,脯氨酸/赖氨酸相关,Proline/Lysine Related Branch,尿素循环-精氨酸/脯氨酸/肌酸/多胺代谢,高,,,GCST90200411 / GCST90200280,GCST90200280 / GCST90200411,Proline / 5-oxoproline,5-oxoproline / Proline,若 ratio_trait 表示 out/in，则 direction_sign=+1；若表示 in/out，则 direction_sign=-1；若该模块无合适 ratio，则留空。,"Fill +1 for out/in-like forward support, -1 for in/out-like reverse support",gcst90200411/gcst90200280,gcst90200280/gcst90200411
M_908,GCST90200314,GCST90200440,N-acetylneuraminate,Glucose,一般氨基酸衍生物,General Amino Acid Derivatives,尿素循环-精氨酸/脯氨酸/肌酸/多胺代谢,低,,,GCST90200440 / GCST90200314,GCST90200314 / GCST90200440,Glucose / N-acetylneuraminate,N-acetylneuraminate / Glucose,若 ratio_trait 表示 out/in，则 direction_sign=+1；若表示 in/out，则 direction_sign=-1；若该模块无合适 ratio，则留空。,"Fill +1 for out/in-like forward support, -1 for in/out-like reverse support",gcst90200440/gcst90200314,gcst90200314/gcst90200440
M_909,GCST90200316,GCST90200452,N-acetylglucosaminylasparagine,Asparagine,一般氨基酸衍生物,General Amino Acid Derivatives,尿素循环-精氨酸/脯氨酸/肌酸/多胺代谢,高,,,GCST90200452 / GCST90200316,GCST90200316 / GCST90200452,Asparagine / N-acetylglucosaminylasparagine,N-acetylglucosaminylasparagine / Asparagine,若 ratio_trait 表示 out/in，则 direction_sign=+1；若表示 in/out，则 direction_sign=-1；若该模块无合适 ratio，则留空。,"Fill +1 for out/in-like forward support, -1 for in/out-like reverse support",gcst90200452/gcst90200316,gcst90200316/gcst90200452
M_910,GCST90200351,GCST90200452,N-acetylputrescine,Asparagine,一般氨基酸衍生物,General Amino Acid Derivatives,尿素循环-精氨酸/脯氨酸/肌酸/多胺代谢,低,,,GCST90200452 / GCST90200351,GCST90200351 / GCST90200452,Asparagine / N-acetylputrescine,N-acetylputrescine / Asparagine,若 ratio_trait 表示 out/in，则 direction_sign=+1；若表示 in/out，则 direction_sign=-1；若该模块无合适 ratio，则留空。,"Fill +1 for out/in-like forward support, -1 for in/out-like reverse support",gcst90200452/gcst90200351,gcst90200351/gcst90200452
M_911,GCST90200292,GCST90200411,Trans-4-hydroxyproline,Proline,脯氨酸/赖氨酸相关,Proline/Lysine Related Branch,尿素循环-精氨酸/脯氨酸/肌酸/多胺代谢,高,GCST90200939,1.0,GCST90200411 / GCST90200292,GCST90200292 / GCST90200411,Proline / Trans-4-hydroxyproline,Trans-4-hydroxyproline / Proline,若 ratio_trait 表示 out/in，则 direction_sign=+1；若表示 in/out，则 direction_sign=-1；若该模块无合适 ratio，则留空。,"Fill +1 for out/in-like forward support, -1 for in/out-like reverse support",gcst90200411/gcst90200292,gcst90200292/gcst90200411
M_912,GCST90200303,GCST90200430,N-acetylalanine,Pyruvate,一般氨基酸衍生物,General Amino Acid Derivatives,尿素循环-精氨酸/脯氨酸/肌酸/多胺代谢,低,,,GCST90200430 / GCST90200303,GCST90200303 / GCST90200430,Pyruvate / N-acetylalanine,N-acetylalanine / Pyruvate,若 ratio_trait 表示 out/in，则 direction_sign=+1；若表示 in/out，则 direction_sign=-1；若该模块无合适 ratio，则留空。,"Fill +1 for out/in-like forward support, -1 for in/out-like reverse support",gcst90200430/gcst90200303,gcst90200303/gcst90200430
M_913,GCST90200402,GCST90199634,Lysine,5-hydroxylysine,脯氨酸/赖氨酸相关,Proline/Lysine Related Branch,尿素循环-精氨酸/脯氨酸/肌酸/多胺代谢,中,,,GCST90199634 / GCST90200402,GCST90200402 / GCST90199634,5-hydroxylysine / Lysine,Lysine / 5-hydroxylysine,若 ratio_trait 表示 out/in，则 direction_sign=+1；若表示 in/out，则 direction_sign=-1；若该模块无合适 ratio，则留空。,"Fill +1 for out/in-like forward support, -1 for in/out-like reverse support",gcst90199634/gcst90200402,gcst90200402/gcst90199634
M_914,GCST90200411,GCST90200280,Proline,5-oxoproline,脯氨酸/赖氨酸相关,Proline/Lysine Related Branch,尿素循环-精氨酸/脯氨酸/肌酸/多胺代谢,高,,,GCST90200280 / GCST90200411,GCST90200411 / GCST90200280,5-oxoproline / Proline,Proline / 5-oxoproline,若 ratio_trait 表示 out/in，则 direction_sign=+1；若表示 in/out，则 direction_sign=-1；若该模块无合适 ratio，则留空。,"Fill +1 for out/in-like forward support, -1 for in/out-like reverse support",gcst90200280/gcst90200411,gcst90200411/gcst90200280
M_915,GCST90200678,GCST90200452,N-acetylasparagine,Asparagine,一般氨基酸衍生物,General Amino Acid Derivatives,尿素循环-精氨酸/脯氨酸/肌酸/多胺代谢,高,,,GCST90200452 / GCST90200678,GCST90200678 / GCST90200452,Asparagine / N-acetylasparagine,N-acetylasparagine / Asparagine,若 ratio_trait 表示 out/in，则 direction_sign=+1；若表示 in/out，则 direction_sign=-1；若该模块无合适 ratio，则留空。,"Fill +1 for out/in-like forward support, -1 for in/out-like reverse support",gcst90200452/gcst90200678,gcst90200678/gcst90200452
M_916,GCST90200689,GCST90200402,N6-methyllysine,Lysine,脯氨酸/赖氨酸相关,Proline/Lysine Related Branch,尿素循环-精氨酸/脯氨酸/肌酸/多胺代谢,高,,,GCST90200402 / GCST90200689,GCST90200689 / GCST90200402,Lysine / N6-methyllysine,N6-methyllysine / Lysine,若 ratio_trait 表示 out/in，则 direction_sign=+1；若表示 in/out，则 direction_sign=-1；若该模块无合适 ratio，则留空。,"Fill +1 for out/in-like forward support, -1 for in/out-like reverse support",gcst90200402/gcst90200689,gcst90200689/gcst90200402
M_917,GCST90200697,GCST90200402,"N2-acetyl,N6,N6-dimethyllysine",Lysine,脯氨酸/赖氨酸相关,Proline/Lysine Related Branch,尿素循环-精氨酸/脯氨酸/肌酸/多胺代谢,高,,,GCST90200402 / GCST90200697,GCST90200697 / GCST90200402,"Lysine / N2-acetyl,N6,N6-dimethyllysine","N2-acetyl,N6,N6-dimethyllysine / Lysine",若 ratio_trait 表示 out/in，则 direction_sign=+1；若表示 in/out，则 direction_sign=-1；若该模块无合适 ratio，则留空。,"Fill +1 for out/in-like forward support, -1 for in/out-like reverse support",gcst90200402/gcst90200697,gcst90200697/gcst90200402
M_918,GCST90200698,GCST90200402,"N2-acetyl,N6-methyllysine",Lysine,脯氨酸/赖氨酸相关,Proline/Lysine Related Branch,尿素循环-精氨酸/脯氨酸/肌酸/多胺代谢,高,,,GCST90200402 / GCST90200698,GCST90200698 / GCST90200402,"Lysine / N2-acetyl,N6-methyllysine","N2-acetyl,N6-methyllysine / Lysine",若 ratio_trait 表示 out/in，则 direction_sign=+1；若表示 in/out，则 direction_sign=-1；若该模块无合适 ratio，则留空。,"Fill +1 for out/in-like forward support, -1 for in/out-like reverse support",gcst90200402/gcst90200698,gcst90200698/gcst90200402
M_919,GCST90200696,GCST90200402,"N6,N6-dimethyllysine",Lysine,脯氨酸/赖氨酸相关,Proline/Lysine Related Branch,尿素循环-精氨酸/脯氨酸/肌酸/多胺代谢,高,,,GCST90200402 / GCST90200696,GCST90200696 / GCST90200402,"Lysine / N6,N6-dimethyllysine","N6,N6-dimethyllysine / Lysine",若 ratio_trait 表示 out/in，则 direction_sign=+1；若表示 in/out，则 direction_sign=-1；若该模块无合适 ratio，则留空。,"Fill +1 for out/in-like forward support, -1 for in/out-like reverse support",gcst90200402/gcst90200696,gcst90200696/gcst90200402
M_920,GCST90200452,GCST90200412,Asparagine,Glutamate,一般氨基酸衍生物,General Amino Acid Derivatives,尿素循环-精氨酸/脯氨酸/肌酸/多胺代谢,低,,,GCST90200412 / GCST90200452,GCST90200452 / GCST90200412,Glutamate / Asparagine,Asparagine / Glutamate,若 ratio_trait 表示 out/in，则 direction_sign=+1；若表示 in/out，则 direction_sign=-1；若该模块无合适 ratio，则留空。,"Fill +1 for out/in-like forward support, -1 for in/out-like reverse support",gcst90200412/gcst90200452,gcst90200452/gcst90200412
M_921,GCST90199679,GCST90200285,"2,3-dihydroxypyridine",Xanthine,碱基支路,Nucleobase Branch,核苷酸-辅因子/维生素-外源物代谢,低,,,GCST90200285 / GCST90199679,GCST90199679 / GCST90200285,"Xanthine / 2,3-dihydroxypyridine","2,3-dihydroxypyridine / Xanthine",若 ratio_trait 表示 out/in，则 direction_sign=+1；若表示 in/out，则 direction_sign=-1；若该模块无合适 ratio，则留空。,"Fill +1 for out/in-like forward support, -1 for in/out-like reverse support",gcst90200285/gcst90199679,gcst90199679/gcst90200285
M_922,GCST90199654,GCST90200285,Paraxanthine,Xanthine,碱基支路,Nucleobase Branch,核苷酸-辅因子/维生素-外源物代谢,高,,,GCST90200285 / GCST90199654,GCST90199654 / GCST90200285,Xanthine / Paraxanthine,Paraxanthine / Xanthine,若 ratio_trait 表示 out/in，则 direction_sign=+1；若表示 in/out，则 direction_sign=-1；若该模块无合适 ratio，则留空。,"Fill +1 for out/in-like forward support, -1 for in/out-like reverse support",gcst90200285/gcst90199654,gcst90199654/gcst90200285
M_923,GCST90199771,GCST90200394,7-methylguanine,Inosine,碱基支路,Nucleobase Branch,核苷酸-辅因子/维生素-外源物代谢,低,,,GCST90200394 / GCST90199771,GCST90199771 / GCST90200394,Inosine / 7-methylguanine,7-methylguanine / Inosine,若 ratio_trait 表示 out/in，则 direction_sign=+1；若表示 in/out，则 direction_sign=-1；若该模块无合适 ratio，则留空。,"Fill +1 for out/in-like forward support, -1 for in/out-like reverse support",gcst90200394/gcst90199771,gcst90199771/gcst90200394
M_924,GCST90199699,GCST90200285,3-methylxanthine,Xanthine,碱基支路,Nucleobase Branch,核苷酸-辅因子/维生素-外源物代谢,高,,,GCST90200285 / GCST90199699,GCST90199699 / GCST90200285,Xanthine / 3-methylxanthine,3-methylxanthine / Xanthine,若 ratio_trait 表示 out/in，则 direction_sign=+1；若表示 in/out，则 direction_sign=-1；若该模块无合适 ratio，则留空。,"Fill +1 for out/in-like forward support, -1 for in/out-like reverse support",gcst90200285/gcst90199699,gcst90199699/gcst90200285
M_925,GCST90199754,GCST90200285,7-methylxanthine,Xanthine,碱基支路,Nucleobase Branch,核苷酸-辅因子/维生素-外源物代谢,高,,,GCST90200285 / GCST90199754,GCST90199754 / GCST90200285,Xanthine / 7-methylxanthine,7-methylxanthine / Xanthine,若 ratio_trait 表示 out/in，则 direction_sign=+1；若表示 in/out，则 direction_sign=-1；若该模块无合适 ratio，则留空。,"Fill +1 for out/in-like forward support, -1 for in/out-like reverse support",gcst90200285/gcst90199754,gcst90199754/gcst90200285
M_926,GCST90199760,GCST90200407,5-acetylamino-6-amino-3-methyluracil,Uridine,碱基支路,Nucleobase Branch,核苷酸-辅因子/维生素-外源物代谢,低,,,GCST90200407 / GCST90199760,GCST90199760 / GCST90200407,Uridine / 5-acetylamino-6-amino-3-methyluracil,5-acetylamino-6-amino-3-methyluracil / Uridine,若 ratio_trait 表示 out/in，则 direction_sign=+1；若表示 in/out，则 direction_sign=-1；若该模块无合适 ratio，则留空。,"Fill +1 for out/in-like forward support, -1 for in/out-like reverse support",gcst90200407/gcst90199760,gcst90199760/gcst90200407
M_927,GCST90199763,GCST90200285,1-methylxanthine,Xanthine,碱基支路,Nucleobase Branch,核苷酸-辅因子/维生素-外源物代谢,高,,,GCST90200285 / GCST90199763,GCST90199763 / GCST90200285,Xanthine / 1-methylxanthine,1-methylxanthine / Xanthine,若 ratio_trait 表示 out/in，则 direction_sign=+1；若表示 in/out，则 direction_sign=-1；若该模块无合适 ratio，则留空。,"Fill +1 for out/in-like forward support, -1 for in/out-like reverse support",gcst90200285/gcst90199763,gcst90199763/gcst90200285
M_928,GCST90200285,GCST90200307,Xanthine,Urate,碱基支路,Nucleobase Branch,核苷酸-辅因子/维生素-外源物代谢,高,,,GCST90200307 / GCST90200285,GCST90200285 / GCST90200307,Urate / Xanthine,Xanthine / Urate,若 ratio_trait 表示 out/in，则 direction_sign=+1；若表示 in/out，则 direction_sign=-1；若该模块无合适 ratio，则留空。,"Fill +1 for out/in-like forward support, -1 for in/out-like reverse support",gcst90200307/gcst90200285,gcst90200285/gcst90200307
M_929,GCST90200339,GCST90200407,"5,6-dihydrothymine",Uridine,碱基支路,Nucleobase Branch,核苷酸-辅因子/维生素-外源物代谢,低,,,GCST90200407 / GCST90200339,GCST90200339 / GCST90200407,"Uridine / 5,6-dihydrothymine","5,6-dihydrothymine / Uridine",若 ratio_trait 表示 out/in，则 direction_sign=+1；若表示 in/out，则 direction_sign=-1；若该模块无合适 ratio，则留空。,"Fill +1 for out/in-like forward support, -1 for in/out-like reverse support",gcst90200407/gcst90200339,gcst90200339/gcst90200407
M_930,GCST90200376,GCST90200400,Flavin adenine dinucleotide (FAD),Nicotinamide,碱基支路,Nucleobase Branch,核苷酸-辅因子/维生素-外源物代谢,低,,,GCST90200400 / GCST90200376,GCST90200376 / GCST90200400,Nicotinamide / Flavin adenine dinucleotide (FAD),Flavin adenine dinucleotide (FAD) / Nicotinamide,若 ratio_trait 表示 out/in，则 direction_sign=+1；若表示 in/out，则 direction_sign=-1；若该模块无合适 ratio，则留空。,"Fill +1 for out/in-like forward support, -1 for in/out-like reverse support",gcst90200400/gcst90200376,gcst90200376/gcst90200400
M_931,GCST90200392,GCST90200407,Orotate,Uridine,碱基支路,Nucleobase Branch,核苷酸-辅因子/维生素-外源物代谢,中,,,GCST90200407 / GCST90200392,GCST90200392 / GCST90200407,Uridine / Orotate,Orotate / Uridine,若 ratio_trait 表示 out/in，则 direction_sign=+1；若表示 in/out，则 direction_sign=-1；若该模块无合适 ratio，则留空。,"Fill +1 for out/in-like forward support, -1 for in/out-like reverse support",gcst90200407/gcst90200392,gcst90200392/gcst90200407
M_932,GCST90200680,GCST90200407,5-acetylamino-6-formylamino-3-methyluracil,Uridine,碱基支路,Nucleobase Branch,核苷酸-辅因子/维生素-外源物代谢,低,,,GCST90200407 / GCST90200680,GCST90200680 / GCST90200407,Uridine / 5-acetylamino-6-formylamino-3-methyluracil,5-acetylamino-6-formylamino-3-methyluracil / Uridine,若 ratio_trait 表示 out/in，则 direction_sign=+1；若表示 in/out，则 direction_sign=-1；若该模块无合适 ratio，则留空。,"Fill +1 for out/in-like forward support, -1 for in/out-like reverse support",gcst90200407/gcst90200680,gcst90200680/gcst90200407
M_933,GCST90200433,GCST90200429,Cytosine,Cytidine,碱基支路,Nucleobase Branch,核苷酸-辅因子/维生素-外源物代谢,中,,,GCST90200429 / GCST90200433,GCST90200433 / GCST90200429,Cytidine / Cytosine,Cytosine / Cytidine,若 ratio_trait 表示 out/in，则 direction_sign=+1；若表示 in/out，则 direction_sign=-1；若该模块无合适 ratio，则留空。,"Fill +1 for out/in-like forward support, -1 for in/out-like reverse support",gcst90200429/gcst90200433,gcst90200433/gcst90200429
M_934,GCST90200444,GCST90200392,Dihydroorotate,Orotate,碱基支路,Nucleobase Branch,核苷酸-辅因子/维生素-外源物代谢,高,,,GCST90200392 / GCST90200444,GCST90200444 / GCST90200392,Orotate / Dihydroorotate,Dihydroorotate / Orotate,若 ratio_trait 表示 out/in，则 direction_sign=+1；若表示 in/out，则 direction_sign=-1；若该模块无合适 ratio，则留空。,"Fill +1 for out/in-like forward support, -1 for in/out-like reverse support",gcst90200392/gcst90200444,gcst90200444/gcst90200392
M_935,GCST90199783,GCST90200407,5-methyluridine (ribothymidine),Uridine,核苷支路,Nucleoside Branch,核苷酸-辅因子/维生素-外源物代谢,高,,,GCST90200407 / GCST90199783,GCST90199783 / GCST90200407,Uridine / 5-methyluridine (ribothymidine),5-methyluridine (ribothymidine) / Uridine,若 ratio_trait 表示 out/in，则 direction_sign=+1；若表示 in/out，则 direction_sign=-1；若该模块无合适 ratio，则留空。,"Fill +1 for out/in-like forward support, -1 for in/out-like reverse support",gcst90200407/gcst90199783,gcst90199783/gcst90200407
M_936,GCST90199758,GCST90200429,N4-acetylcytidine,Cytidine,核苷支路,Nucleoside Branch,核苷酸-辅因子/维生素-外源物代谢,高,,,GCST90200429 / GCST90199758,GCST90199758 / GCST90200429,Cytidine / N4-acetylcytidine,N4-acetylcytidine / Cytidine,若 ratio_trait 表示 out/in，则 direction_sign=+1；若表示 in/out，则 direction_sign=-1；若该模块无合适 ratio，则留空。,"Fill +1 for out/in-like forward support, -1 for in/out-like reverse support",gcst90200429/gcst90199758,gcst90199758/gcst90200429
M_937,GCST90199761,GCST90200394,N1-methylinosine,Inosine,核苷支路,Nucleoside Branch,核苷酸-辅因子/维生素-外源物代谢,高,,,GCST90200394 / GCST90199761,GCST90199761 / GCST90200394,Inosine / N1-methylinosine,N1-methylinosine / Inosine,若 ratio_trait 表示 out/in，则 direction_sign=+1；若表示 in/out，则 direction_sign=-1；若该模块无合适 ratio，则留空。,"Fill +1 for out/in-like forward support, -1 for in/out-like reverse support",gcst90200394/gcst90199761,gcst90199761/gcst90200394
M_938,GCST90199762,GCST90200356,N6-carbamoylthreonyladenosine,Adenosine 5'-monophosphate (AMP),核苷支路,Nucleoside Branch,核苷酸-辅因子/维生素-外源物代谢,中,,,GCST90200356 / GCST90199762,GCST90199762 / GCST90200356,Adenosine 5'-monophosphate (AMP) / N6-carbamoylthreonyladenosine,N6-carbamoylthreonyladenosine / Adenosine 5'-monophosphate (AMP),若 ratio_trait 表示 out/in，则 direction_sign=+1；若表示 in/out，则 direction_sign=-1；若该模块无合适 ratio，则留空。,"Fill +1 for out/in-like forward support, -1 for in/out-like reverse support",gcst90200356/gcst90199762,gcst90199762/gcst90200356
M_939,GCST90199764,GCST90200407,"N2,n2-dimethylguanosine",Uridine,核苷支路,Nucleoside Branch,核苷酸-辅因子/维生素-外源物代谢,低,,,GCST90200407 / GCST90199764,GCST90199764 / GCST90200407,"Uridine / N2,n2-dimethylguanosine","N2,n2-dimethylguanosine / Uridine",若 ratio_trait 表示 out/in，则 direction_sign=+1；若表示 in/out，则 direction_sign=-1；若该模块无合适 ratio，则留空。,"Fill +1 for out/in-like forward support, -1 for in/out-like reverse support",gcst90200407/gcst90199764,gcst90199764/gcst90200407
M_940,GCST90199766,GCST90200407,3-(3-amino-3-carboxypropyl)uridine,Uridine,核苷支路,Nucleoside Branch,核苷酸-辅因子/维生素-外源物代谢,高,,,GCST90200407 / GCST90199766,GCST90199766 / GCST90200407,Uridine / 3-(3-amino-3-carboxypropyl)uridine,3-(3-amino-3-carboxypropyl)uridine / Uridine,若 ratio_trait 表示 out/in，则 direction_sign=+1；若表示 in/out，则 direction_sign=-1；若该模块无合适 ratio，则留空。,"Fill +1 for out/in-like forward support, -1 for in/out-like reverse support",gcst90200407/gcst90199766,gcst90199766/gcst90200407
M_941,GCST90199767,GCST90200407,"5,6-dihydrouridine",Uridine,核苷支路,Nucleoside Branch,核苷酸-辅因子/维生素-外源物代谢,高,,,GCST90200407 / GCST90199767,GCST90199767 / GCST90200407,"Uridine / 5,6-dihydrouridine","5,6-dihydrouridine / Uridine",若 ratio_trait 表示 out/in，则 direction_sign=+1；若表示 in/out，则 direction_sign=-1；若该模块无合适 ratio，则留空。,"Fill +1 for out/in-like forward support, -1 for in/out-like reverse support",gcst90200407/gcst90199767,gcst90199767/gcst90200407
M_942,GCST90200313,GCST90200356,N1-methyladenosine,Adenosine 5'-monophosphate (AMP),核苷支路,Nucleoside Branch,核苷酸-辅因子/维生素-外源物代谢,中,,,GCST90200356 / GCST90200313,GCST90200313 / GCST90200356,Adenosine 5'-monophosphate (AMP) / N1-methyladenosine,N1-methyladenosine / Adenosine 5'-monophosphate (AMP),若 ratio_trait 表示 out/in，则 direction_sign=+1；若表示 in/out，则 direction_sign=-1；若该模块无合适 ratio，则留空。,"Fill +1 for out/in-like forward support, -1 for in/out-like reverse support",gcst90200356/gcst90200313,gcst90200313/gcst90200356
M_943,GCST90200355,GCST90200356,Adenosine 5'-diphosphate (ADP),Adenosine 5'-monophosphate (AMP),核苷支路,Nucleoside Branch,核苷酸-辅因子/维生素-外源物代谢,高,GCST90200728,-1.0,GCST90200356 / GCST90200355,GCST90200355 / GCST90200356,Adenosine 5'-monophosphate (AMP) / Adenosine 5'-diphosphate (ADP),Adenosine 5'-diphosphate (ADP) / Adenosine 5'-monophosphate (AMP),若 ratio_trait 表示 out/in，则 direction_sign=+1；若表示 in/out，则 direction_sign=-1；若该模块无合适 ratio，则留空。,"Fill +1 for out/in-like forward support, -1 for in/out-like reverse support",gcst90200356/gcst90200355,gcst90200355/gcst90200356
M_944,GCST90200356,GCST90199641,Adenosine 5'-monophosphate (AMP),Glucuronate,核苷支路,Nucleoside Branch,核苷酸-辅因子/维生素-外源物代谢,低,,,GCST90199641 / GCST90200356,GCST90200356 / GCST90199641,Glucuronate / Adenosine 5'-monophosphate (AMP),Adenosine 5'-monophosphate (AMP) / Glucuronate,若 ratio_trait 表示 out/in，则 direction_sign=+1；若表示 in/out，则 direction_sign=-1；若该模块无合适 ratio，则留空。,"Fill +1 for out/in-like forward support, -1 for in/out-like reverse support",gcst90199641/gcst90200356,gcst90200356/gcst90199641
M_945,GCST90200356,GCST90200395,Adenosine 5'-monophosphate (AMP),Inosine 5'-monophosphate (IMP),核苷支路,Nucleoside Branch,核苷酸-辅因子/维生素-外源物代谢,高,GCST90200738,-1.0,GCST90200395 / GCST90200356,GCST90200356 / GCST90200395,Inosine 5'-monophosphate (IMP) / Adenosine 5'-monophosphate (AMP),Adenosine 5'-monophosphate (AMP) / Inosine 5'-monophosphate (IMP),若 ratio_trait 表示 out/in，则 direction_sign=+1；若表示 in/out，则 direction_sign=-1；若该模块无合适 ratio，则留空。,"Fill +1 for out/in-like forward support, -1 for in/out-like reverse support",gcst90200395/gcst90200356,gcst90200356/gcst90200395
M_946,GCST90200357,GCST90200356,"Adenosine 3',5'-cyclic monophosphate (camp)",Adenosine 5'-monophosphate (AMP),核苷支路,Nucleoside Branch,核苷酸-辅因子/维生素-外源物代谢,高,GCST90200719,-1.0,GCST90200356 / GCST90200357,GCST90200357 / GCST90200356,"Adenosine 5'-monophosphate (AMP) / Adenosine 3',5'-cyclic monophosphate (camp)","Adenosine 3',5'-cyclic monophosphate (camp) / Adenosine 5'-monophosphate (AMP)",若 ratio_trait 表示 out/in，则 direction_sign=+1；若表示 in/out，则 direction_sign=-1；若该模块无合适 ratio，则留空。,"Fill +1 for out/in-like forward support, -1 for in/out-like reverse support",gcst90200356/gcst90200357,gcst90200357/gcst90200356
M_947,GCST90200394,GCST90200395,Inosine,Inosine 5'-monophosphate (IMP),核苷支路,Nucleoside Branch,核苷酸-辅因子/维生素-外源物代谢,中,,,GCST90200395 / GCST90200394,GCST90200394 / GCST90200395,Inosine 5'-monophosphate (IMP) / Inosine,Inosine / Inosine 5'-monophosphate (IMP),若 ratio_trait 表示 out/in，则 direction_sign=+1；若表示 in/out，则 direction_sign=-1；若该模块无合适 ratio，则留空。,"Fill +1 for out/in-like forward support, -1 for in/out-like reverse support",gcst90200395/gcst90200394,gcst90200394/gcst90200395
M_948,GCST90200395,GCST90200394,Inosine 5'-monophosphate (IMP),Inosine,核苷支路,Nucleoside Branch,核苷酸-辅因子/维生素-外源物代谢,高,,,GCST90200394 / GCST90200395,GCST90200395 / GCST90200394,Inosine / Inosine 5'-monophosphate (IMP),Inosine 5'-monophosphate (IMP) / Inosine,若 ratio_trait 表示 out/in，则 direction_sign=+1；若表示 in/out，则 direction_sign=-1；若该模块无合适 ratio，则留空。,"Fill +1 for out/in-like forward support, -1 for in/out-like reverse support",gcst90200394/gcst90200395,gcst90200395/gcst90200394
M_949,GCST90200407,GCST90200361,Uridine,Beta-alanine,核苷支路,Nucleoside Branch,核苷酸-辅因子/维生素-外源物代谢,中,,,GCST90200361 / GCST90200407,GCST90200407 / GCST90200361,Beta-alanine / Uridine,Uridine / Beta-alanine,若 ratio_trait 表示 out/in，则 direction_sign=+1；若表示 in/out，则 direction_sign=-1；若该模块无合适 ratio，则留空。,"Fill +1 for out/in-like forward support, -1 for in/out-like reverse support",gcst90200361/gcst90200407,gcst90200407/gcst90200361
M_950,GCST90200413,GCST90200407,2'-deoxyuridine,Uridine,核苷支路,Nucleoside Branch,核苷酸-辅因子/维生素-外源物代谢,高,GCST90200909,1.0,GCST90200407 / GCST90200413,GCST90200413 / GCST90200407,Uridine / 2'-deoxyuridine,2'-deoxyuridine / Uridine,若 ratio_trait 表示 out/in，则 direction_sign=+1；若表示 in/out，则 direction_sign=-1；若该模块无合适 ratio，则留空。,"Fill +1 for out/in-like forward support, -1 for in/out-like reverse support",gcst90200407/gcst90200413,gcst90200413/gcst90200407
M_951,GCST90200682,GCST90200429,3-methylcytidine,Cytidine,核苷支路,Nucleoside Branch,核苷酸-辅因子/维生素-外源物代谢,高,,,GCST90200429 / GCST90200682,GCST90200682 / GCST90200429,Cytidine / 3-methylcytidine,3-methylcytidine / Cytidine,若 ratio_trait 表示 out/in，则 direction_sign=+1；若表示 in/out，则 direction_sign=-1；若该模块无合适 ratio，则留空。,"Fill +1 for out/in-like forward support, -1 for in/out-like reverse support",gcst90200429/gcst90200682,gcst90200682/gcst90200429
M_952,GCST90200694,GCST90200429,2'-o-methylcytidine,Cytidine,核苷支路,Nucleoside Branch,核苷酸-辅因子/维生素-外源物代谢,高,,,GCST90200429 / GCST90200694,GCST90200694 / GCST90200429,Cytidine / 2'-o-methylcytidine,2'-o-methylcytidine / Cytidine,若 ratio_trait 表示 out/in，则 direction_sign=+1；若表示 in/out，则 direction_sign=-1；若该模块无合适 ratio，则留空。,"Fill +1 for out/in-like forward support, -1 for in/out-like reverse support",gcst90200429/gcst90200694,gcst90200694/gcst90200429
M_953,GCST90200695,GCST90200407,2'-o-methyluridine,Uridine,核苷支路,Nucleoside Branch,核苷酸-辅因子/维生素-外源物代谢,高,,,GCST90200407 / GCST90200695,GCST90200695 / GCST90200407,Uridine / 2'-o-methyluridine,2'-o-methyluridine / Uridine,若 ratio_trait 表示 out/in，则 direction_sign=+1；若表示 in/out，则 direction_sign=-1；若该模块无合适 ratio，则留空。,"Fill +1 for out/in-like forward support, -1 for in/out-like reverse support",gcst90200407/gcst90200695,gcst90200695/gcst90200407
M_954,GCST90200429,GCST90200433,Cytidine,Cytosine,核苷支路,Nucleoside Branch,核苷酸-辅因子/维生素-外源物代谢,中,,,GCST90200433 / GCST90200429,GCST90200429 / GCST90200433,Cytosine / Cytidine,Cytidine / Cytosine,若 ratio_trait 表示 out/in，则 direction_sign=+1；若表示 in/out，则 direction_sign=-1；若该模块无合适 ratio，则留空。,"Fill +1 for out/in-like forward support, -1 for in/out-like reverse support",gcst90200433/gcst90200429,gcst90200429/gcst90200433
M_955,GCST90200429,GCST90200407,Cytidine,Uridine,核苷支路,Nucleoside Branch,核苷酸-辅因子/维生素-外源物代谢,高,GCST90200777,1.0,GCST90200407 / GCST90200429,GCST90200429 / GCST90200407,Uridine / Cytidine,Cytidine / Uridine,若 ratio_trait 表示 out/in，则 direction_sign=+1；若表示 in/out，则 direction_sign=-1；若该模块无合适 ratio，则留空。,"Fill +1 for out/in-like forward support, -1 for in/out-like reverse support",gcst90200407/gcst90200429,gcst90200429/gcst90200407
M_956,GCST90200443,GCST90200407,Pseudouridine,Uridine,核苷支路,Nucleoside Branch,核苷酸-辅因子/维生素-外源物代谢,高,GCST90200774,1.0,GCST90200407 / GCST90200443,GCST90200443 / GCST90200407,Uridine / Pseudouridine,Pseudouridine / Uridine,若 ratio_trait 表示 out/in，则 direction_sign=+1；若表示 in/out，则 direction_sign=-1；若该模块无合适 ratio，则留空。,"Fill +1 for out/in-like forward support, -1 for in/out-like reverse support",gcst90200407/gcst90200443,gcst90200443/gcst90200407
M_957,GCST90199712,GCST90200154,3-carboxy-4-methyl-5-propyl-2-furanpropanoate (cmpf),Hydroxy-cmpf,核苷酸支路,Nucleotide Branch,核苷酸-辅因子/维生素-外源物代谢,中,,,GCST90200154 / GCST90199712,GCST90199712 / GCST90200154,Hydroxy-cmpf / 3-carboxy-4-methyl-5-propyl-2-furanpropanoate (cmpf),3-carboxy-4-methyl-5-propyl-2-furanpropanoate (cmpf) / Hydroxy-cmpf,若 ratio_trait 表示 out/in，则 direction_sign=+1；若表示 in/out，则 direction_sign=-1；若该模块无合适 ratio，则留空。,"Fill +1 for out/in-like forward support, -1 for in/out-like reverse support",gcst90200154/gcst90199712,gcst90199712/gcst90200154
M_958,GCST90199725,GCST90200368,Campesterol,Cholesterol,核苷酸支路,Nucleotide Branch,核苷酸-辅因子/维生素-外源物代谢,低,,,GCST90200368 / GCST90199725,GCST90199725 / GCST90200368,Cholesterol / Campesterol,Campesterol / Cholesterol,若 ratio_trait 表示 out/in，则 direction_sign=+1；若表示 in/out，则 direction_sign=-1；若该模块无合适 ratio，则留空。,"Fill +1 for out/in-like forward support, -1 for in/out-like reverse support",gcst90200368/gcst90199725,gcst90199725/gcst90200368
M_959,GCST90200154,GCST90199712,Hydroxy-cmpf,3-carboxy-4-methyl-5-propyl-2-furanpropanoate (cmpf),核苷酸支路,Nucleotide Branch,核苷酸-辅因子/维生素-外源物代谢,中,,,GCST90199712 / GCST90200154,GCST90200154 / GCST90199712,3-carboxy-4-methyl-5-propyl-2-furanpropanoate (cmpf) / Hydroxy-cmpf,Hydroxy-cmpf / 3-carboxy-4-methyl-5-propyl-2-furanpropanoate (cmpf),若 ratio_trait 表示 out/in，则 direction_sign=+1；若表示 in/out，则 direction_sign=-1；若该模块无合适 ratio，则留空。,"Fill +1 for out/in-like forward support, -1 for in/out-like reverse support",gcst90199712/gcst90200154,gcst90200154/gcst90199712
M_960,GCST90200172,GCST90199712,3-carboxy-4-methyl-5-pentyl-2-furanpropionate (3-CMPFP),3-carboxy-4-methyl-5-propyl-2-furanpropanoate (cmpf),核苷酸支路,Nucleotide Branch,核苷酸-辅因子/维生素-外源物代谢,中,,,GCST90199712 / GCST90200172,GCST90200172 / GCST90199712,3-carboxy-4-methyl-5-propyl-2-furanpropanoate (cmpf) / 3-carboxy-4-methyl-5-pentyl-2-furanpropionate (3-CMPFP),3-carboxy-4-methyl-5-pentyl-2-furanpropionate (3-CMPFP) / 3-carboxy-4-methyl-5-propyl-2-furanpropanoate (cmpf),若 ratio_trait 表示 out/in，则 direction_sign=+1；若表示 in/out，则 direction_sign=-1；若该模块无合适 ratio，则留空。,"Fill +1 for out/in-like forward support, -1 for in/out-like reverse support",gcst90199712/gcst90200172,gcst90200172/gcst90199712
M_961,GCST90199694,GCST90200307,"1,3-dimethylurate",Urate,核苷酸降解支路,Nucleotide Degradation Branch,核苷酸-辅因子/维生素-外源物代谢,高,,,GCST90200307 / GCST90199694,GCST90199694 / GCST90200307,"Urate / 1,3-dimethylurate","1,3-dimethylurate / Urate",若 ratio_trait 表示 out/in，则 direction_sign=+1；若表示 in/out，则 direction_sign=-1；若该模块无合适 ratio，则留空。,"Fill +1 for out/in-like forward support, -1 for in/out-like reverse support",gcst90200307/gcst90199694,gcst90199694/gcst90200307
M_962,GCST90199866,GCST90200361,N-acetyl-beta-alanine,Beta-alanine,核苷酸降解支路,Nucleotide Degradation Branch,核苷酸-辅因子/维生素-外源物代谢,高,,,GCST90200361 / GCST90199866,GCST90199866 / GCST90200361,Beta-alanine / N-acetyl-beta-alanine,N-acetyl-beta-alanine / Beta-alanine,若 ratio_trait 表示 out/in，则 direction_sign=+1；若表示 in/out，则 direction_sign=-1；若该模块无合适 ratio，则留空。,"Fill +1 for out/in-like forward support, -1 for in/out-like reverse support",gcst90200361/gcst90199866,gcst90199866/gcst90200361
M_963,GCST90199755,GCST90200307,"3,7-dimethylurate",Urate,核苷酸降解支路,Nucleotide Degradation Branch,核苷酸-辅因子/维生素-外源物代谢,高,,,GCST90200307 / GCST90199755,GCST90199755 / GCST90200307,"Urate / 3,7-dimethylurate","3,7-dimethylurate / Urate",若 ratio_trait 表示 out/in，则 direction_sign=+1；若表示 in/out，则 direction_sign=-1；若该模块无合适 ratio，则留空。,"Fill +1 for out/in-like forward support, -1 for in/out-like reverse support",gcst90200307/gcst90199755,gcst90199755/gcst90200307
M_964,GCST90199756,GCST90200307,"1,7-dimethyluric acid",Urate,核苷酸降解支路,Nucleotide Degradation Branch,核苷酸-辅因子/维生素-外源物代谢,高,,,GCST90200307 / GCST90199756,GCST90199756 / GCST90200307,"Urate / 1,7-dimethyluric acid","1,7-dimethyluric acid / Urate",若 ratio_trait 表示 out/in，则 direction_sign=+1；若表示 in/out，则 direction_sign=-1；若该模块无合适 ratio，则留空。,"Fill +1 for out/in-like forward support, -1 for in/out-like reverse support",gcst90200307/gcst90199756,gcst90199756/gcst90200307
M_965,GCST90199757,GCST90200307,"1,3,7-trimethylurate",Urate,核苷酸降解支路,Nucleotide Degradation Branch,核苷酸-辅因子/维生素-外源物代谢,高,,,GCST90200307 / GCST90199757,GCST90199757 / GCST90200307,"Urate / 1,3,7-trimethylurate","1,3,7-trimethylurate / Urate",若 ratio_trait 表示 out/in，则 direction_sign=+1；若表示 in/out，则 direction_sign=-1；若该模块无合适 ratio，则留空。,"Fill +1 for out/in-like forward support, -1 for in/out-like reverse support",gcst90200307/gcst90199757,gcst90199757/gcst90200307
M_966,GCST90200286,GCST90200307,Allantoin,Urate,核苷酸降解支路,Nucleotide Degradation Branch,核苷酸-辅因子/维生素-外源物代谢,中,,,GCST90200307 / GCST90200286,GCST90200286 / GCST90200307,Urate / Allantoin,Allantoin / Urate,若 ratio_trait 表示 out/in，则 direction_sign=+1；若表示 in/out，则 direction_sign=-1；若该模块无合适 ratio，则留空。,"Fill +1 for out/in-like forward support, -1 for in/out-like reverse support",gcst90200307/gcst90200286,gcst90200286/gcst90200307
M_967,GCST90200310,GCST90200361,3-aminoisobutyrate,Beta-alanine,核苷酸降解支路,Nucleotide Degradation Branch,核苷酸-辅因子/维生素-外源物代谢,高,,,GCST90200361 / GCST90200310,GCST90200310 / GCST90200361,Beta-alanine / 3-aminoisobutyrate,3-aminoisobutyrate / Beta-alanine,若 ratio_trait 表示 out/in，则 direction_sign=+1；若表示 in/out，则 direction_sign=-1；若该模块无合适 ratio，则留空。,"Fill +1 for out/in-like forward support, -1 for in/out-like reverse support",gcst90200361/gcst90200310,gcst90200310/gcst90200361
M_968,GCST90200361,GCST90199641,Beta-alanine,Glucuronate,核苷酸降解支路,Nucleotide Degradation Branch,核苷酸-辅因子/维生素-外源物代谢,低,,,GCST90199641 / GCST90200361,GCST90200361 / GCST90199641,Glucuronate / Beta-alanine,Beta-alanine / Glucuronate,若 ratio_trait 表示 out/in，则 direction_sign=+1；若表示 in/out，则 direction_sign=-1；若该模块无合适 ratio，则留空。,"Fill +1 for out/in-like forward support, -1 for in/out-like reverse support",gcst90199641/gcst90200361,gcst90200361/gcst90199641
M_969,GCST90200307,GCST90200286,Urate,Allantoin,核苷酸降解支路,Nucleotide Degradation Branch,核苷酸-辅因子/维生素-外源物代谢,高,,,GCST90200286 / GCST90200307,GCST90200307 / GCST90200286,Allantoin / Urate,Urate / Allantoin,若 ratio_trait 表示 out/in，则 direction_sign=+1；若表示 in/out，则 direction_sign=-1；若该模块无合适 ratio，则留空。,"Fill +1 for out/in-like forward support, -1 for in/out-like reverse support",gcst90200286/gcst90200307,gcst90200307/gcst90200286
M_970,GCST90199647,GCST90200285,Theophylline,Xanthine,辅因子/维生素支路,Cofactor/Vitamin Branch,核苷酸-辅因子/维生素-外源物代谢,高,,,GCST90200285 / GCST90199647,GCST90199647 / GCST90200285,Xanthine / Theophylline,Theophylline / Xanthine,若 ratio_trait 表示 out/in，则 direction_sign=+1；若表示 in/out，则 direction_sign=-1；若该模块无合适 ratio，则留空。,"Fill +1 for out/in-like forward support, -1 for in/out-like reverse support",gcst90200285/gcst90199647,gcst90199647/gcst90200285
M_971,GCST90199644,GCST90200285,Theobromine,Xanthine,辅因子/维生素支路,Cofactor/Vitamin Branch,核苷酸-辅因子/维生素-外源物代谢,高,,,GCST90200285 / GCST90199644,GCST90199644 / GCST90200285,Xanthine / Theobromine,Theobromine / Xanthine,若 ratio_trait 表示 out/in，则 direction_sign=+1；若表示 in/out，则 direction_sign=-1；若该模块无合适 ratio，则留空。,"Fill +1 for out/in-like forward support, -1 for in/out-like reverse support",gcst90200285/gcst90199644,gcst90199644/gcst90200285
M_972,GCST90199837,GCST90200400,Beta-cryptoxanthin,Nicotinamide,辅因子/维生素支路,Cofactor/Vitamin Branch,核苷酸-辅因子/维生素-外源物代谢,低,,,GCST90200400 / GCST90199837,GCST90199837 / GCST90200400,Nicotinamide / Beta-cryptoxanthin,Beta-cryptoxanthin / Nicotinamide,若 ratio_trait 表示 out/in，则 direction_sign=+1；若表示 in/out，则 direction_sign=-1；若该模块无合适 ratio，则留空。,"Fill +1 for out/in-like forward support, -1 for in/out-like reverse support",gcst90200400/gcst90199837,gcst90199837/gcst90200400
M_973,GCST90199894,GCST90200405,4-oxo-retinoic acid,Retinol (Vitamin A),辅因子/维生素支路,Cofactor/Vitamin Branch,核苷酸-辅因子/维生素-外源物代谢,中,,,GCST90200405 / GCST90199894,GCST90199894 / GCST90200405,Retinol (Vitamin A) / 4-oxo-retinoic acid,4-oxo-retinoic acid / Retinol (Vitamin A),若 ratio_trait 表示 out/in，则 direction_sign=+1；若表示 in/out，则 direction_sign=-1；若该模块无合适 ratio，则留空。,"Fill +1 for out/in-like forward support, -1 for in/out-like reverse support",gcst90200405/gcst90199894,gcst90199894/gcst90200405
M_974,GCST90199696,GCST90200400,Trigonelline (n'-methylnicotinate),Nicotinamide,辅因子/维生素支路,Cofactor/Vitamin Branch,核苷酸-辅因子/维生素-外源物代谢,低,,,GCST90200400 / GCST90199696,GCST90199696 / GCST90200400,Nicotinamide / Trigonelline (n'-methylnicotinate),Trigonelline (n'-methylnicotinate) / Nicotinamide,若 ratio_trait 表示 out/in，则 direction_sign=+1；若表示 in/out，则 direction_sign=-1；若该模块无合适 ratio，则留空。,"Fill +1 for out/in-like forward support, -1 for in/out-like reverse support",gcst90200400/gcst90199696,gcst90199696/gcst90200400
M_975,GCST90199701,GCST90200400,Pyridoxate,Nicotinamide,辅因子/维生素支路,Cofactor/Vitamin Branch,核苷酸-辅因子/维生素-外源物代谢,低,,,GCST90200400 / GCST90199701,GCST90199701 / GCST90200400,Nicotinamide / Pyridoxate,Pyridoxate / Nicotinamide,若 ratio_trait 表示 out/in，则 direction_sign=+1；若表示 in/out，则 direction_sign=-1；若该模块无合适 ratio，则留空。,"Fill +1 for out/in-like forward support, -1 for in/out-like reverse support",gcst90200400/gcst90199701,gcst90199701/gcst90200400
M_976,GCST90199904,GCST90200400,Pantoate,Nicotinamide,辅因子/维生素支路,Cofactor/Vitamin Branch,核苷酸-辅因子/维生素-外源物代谢,低,,,GCST90200400 / GCST90199904,GCST90199904 / GCST90200400,Nicotinamide / Pantoate,Pantoate / Nicotinamide,若 ratio_trait 表示 out/in，则 direction_sign=+1；若表示 in/out，则 direction_sign=-1；若该模块无合适 ratio，则留空。,"Fill +1 for out/in-like forward support, -1 for in/out-like reverse support",gcst90200400/gcst90199904,gcst90199904/gcst90200400
M_977,GCST90200066,GCST90200400,Gamma-tocopherol/beta-tocopherol,Nicotinamide,辅因子/维生素支路,Cofactor/Vitamin Branch,核苷酸-辅因子/维生素-外源物代谢,低,,,GCST90200400 / GCST90200066,GCST90200066 / GCST90200400,Nicotinamide / Gamma-tocopherol/beta-tocopherol,Gamma-tocopherol/beta-tocopherol / Nicotinamide,若 ratio_trait 表示 out/in，则 direction_sign=+1；若表示 in/out，则 direction_sign=-1；若该模块无合适 ratio，则留空。,"Fill +1 for out/in-like forward support, -1 for in/out-like reverse support",gcst90200400/gcst90200066,gcst90200066/gcst90200400
M_978,GCST90200157,GCST90200400,Carotene diol (3),Nicotinamide,辅因子/维生素支路,Cofactor/Vitamin Branch,核苷酸-辅因子/维生素-外源物代谢,低,,,GCST90200400 / GCST90200157,GCST90200157 / GCST90200400,Nicotinamide / Carotene diol (3),Carotene diol (3) / Nicotinamide,若 ratio_trait 表示 out/in，则 direction_sign=+1；若表示 in/out，则 direction_sign=-1；若该模块无合适 ratio，则留空。,"Fill +1 for out/in-like forward support, -1 for in/out-like reverse support",gcst90200400/gcst90200157,gcst90200157/gcst90200400
M_979,GCST90200140,GCST90200400,Carotene diol (2),Nicotinamide,辅因子/维生素支路,Cofactor/Vitamin Branch,核苷酸-辅因子/维生素-外源物代谢,低,,,GCST90200400 / GCST90200140,GCST90200140 / GCST90200400,Nicotinamide / Carotene diol (2),Carotene diol (2) / Nicotinamide,若 ratio_trait 表示 out/in，则 direction_sign=+1；若表示 in/out，则 direction_sign=-1；若该模块无合适 ratio，则留空。,"Fill +1 for out/in-like forward support, -1 for in/out-like reverse support",gcst90200400/gcst90200140,gcst90200140/gcst90200400
M_980,GCST90200142,GCST90200400,Carotene diol (1),Nicotinamide,辅因子/维生素支路,Cofactor/Vitamin Branch,核苷酸-辅因子/维生素-外源物代谢,低,,,GCST90200400 / GCST90200142,GCST90200142 / GCST90200400,Nicotinamide / Carotene diol (1),Carotene diol (1) / Nicotinamide,若 ratio_trait 表示 out/in，则 direction_sign=+1；若表示 in/out，则 direction_sign=-1；若该模块无合适 ratio，则留空。,"Fill +1 for out/in-like forward support, -1 for in/out-like reverse support",gcst90200400/gcst90200142,gcst90200142/gcst90200400
M_981,GCST90200279,GCST90199904,Pantothenate,Pantoate,辅因子/维生素支路,Cofactor/Vitamin Branch,核苷酸-辅因子/维生素-外源物代谢,中,,,GCST90199904 / GCST90200279,GCST90200279 / GCST90199904,Pantoate / Pantothenate,Pantothenate / Pantoate,若 ratio_trait 表示 out/in，则 direction_sign=+1；若表示 in/out，则 direction_sign=-1；若该模块无合适 ratio，则留空。,"Fill +1 for out/in-like forward support, -1 for in/out-like reverse support",gcst90199904/gcst90200279,gcst90200279/gcst90199904
M_982,GCST90200302,GCST90200400,Alpha-tocopherol,Nicotinamide,辅因子/维生素支路,Cofactor/Vitamin Branch,核苷酸-辅因子/维生素-外源物代谢,低,,,GCST90200400 / GCST90200302,GCST90200302 / GCST90200400,Nicotinamide / Alpha-tocopherol,Alpha-tocopherol / Nicotinamide,若 ratio_trait 表示 out/in，则 direction_sign=+1；若表示 in/out，则 direction_sign=-1；若该模块无合适 ratio，则留空。,"Fill +1 for out/in-like forward support, -1 for in/out-like reverse support",gcst90200400/gcst90200302,gcst90200302/gcst90200400
M_983,GCST90200400,GCST90200406,Nicotinamide,1-methylnicotinamide,辅因子/维生素支路,Cofactor/Vitamin Branch,核苷酸-辅因子/维生素-外源物代谢,高,,,GCST90200406 / GCST90200400,GCST90200400 / GCST90200406,1-methylnicotinamide / Nicotinamide,Nicotinamide / 1-methylnicotinamide,若 ratio_trait 表示 out/in，则 direction_sign=+1；若表示 in/out，则 direction_sign=-1；若该模块无合适 ratio，则留空。,"Fill +1 for out/in-like forward support, -1 for in/out-like reverse support",gcst90200406/gcst90200400,gcst90200400/gcst90200406
M_984,GCST90200405,GCST90199641,Retinol (Vitamin A),Glucuronate,辅因子/维生素支路,Cofactor/Vitamin Branch,核苷酸-辅因子/维生素-外源物代谢,低,,,GCST90199641 / GCST90200405,GCST90200405 / GCST90199641,Glucuronate / Retinol (Vitamin A),Retinol (Vitamin A) / Glucuronate,若 ratio_trait 表示 out/in，则 direction_sign=+1；若表示 in/out，则 direction_sign=-1；若该模块无合适 ratio，则留空。,"Fill +1 for out/in-like forward support, -1 for in/out-like reverse support",gcst90199641/gcst90200405,gcst90200405/gcst90199641
M_985,GCST90200406,GCST90200400,1-methylnicotinamide,Nicotinamide,辅因子/维生素支路,Cofactor/Vitamin Branch,核苷酸-辅因子/维生素-外源物代谢,高,,,GCST90200400 / GCST90200406,GCST90200406 / GCST90200400,Nicotinamide / 1-methylnicotinamide,1-methylnicotinamide / Nicotinamide,若 ratio_trait 表示 out/in，则 direction_sign=+1；若表示 in/out，则 direction_sign=-1；若该模块无合适 ratio，则留空。,"Fill +1 for out/in-like forward support, -1 for in/out-like reverse support",gcst90200400/gcst90200406,gcst90200406/gcst90200400
M_986,GCST90200436,GCST90199654,Caffeine,Paraxanthine,辅因子/维生素支路,Cofactor/Vitamin Branch,核苷酸-辅因子/维生素-外源物代谢,高,GCST90200978,-1.0,GCST90199654 / GCST90200436,GCST90200436 / GCST90199654,Paraxanthine / Caffeine,Caffeine / Paraxanthine,若 ratio_trait 表示 out/in，则 direction_sign=+1；若表示 in/out，则 direction_sign=-1；若该模块无合适 ratio，则留空。,"Fill +1 for out/in-like forward support, -1 for in/out-like reverse support",gcst90199654/gcst90200436,gcst90200436/gcst90199654
M_987,GCST90200436,GCST90199647,Caffeine,Theophylline,辅因子/维生素支路,Cofactor/Vitamin Branch,核苷酸-辅因子/维生素-外源物代谢,高,GCST90200919,-1.0,GCST90199647 / GCST90200436,GCST90200436 / GCST90199647,Theophylline / Caffeine,Caffeine / Theophylline,若 ratio_trait 表示 out/in，则 direction_sign=+1；若表示 in/out，则 direction_sign=-1；若该模块无合适 ratio，则留空。,"Fill +1 for out/in-like forward support, -1 for in/out-like reverse support",gcst90199647/gcst90200436,gcst90200436/gcst90199647
M_988,GCST90200436,GCST90199644,Caffeine,Theobromine,辅因子/维生素支路,Cofactor/Vitamin Branch,核苷酸-辅因子/维生素-外源物代谢,高,GCST90200925,-1.0,GCST90199644 / GCST90200436,GCST90200436 / GCST90199644,Theobromine / Caffeine,Caffeine / Theobromine,若 ratio_trait 表示 out/in，则 direction_sign=+1；若表示 in/out，则 direction_sign=-1；若该模块无合适 ratio，则留空。,"Fill +1 for out/in-like forward support, -1 for in/out-like reverse support",gcst90199644/gcst90200436,gcst90200436/gcst90199644
M_989,GCST90200451,GCST90200400,Nonadecanoate (19:0),Nicotinamide,辅因子/维生素支路,Cofactor/Vitamin Branch,核苷酸-辅因子/维生素-外源物代谢,低,,,GCST90200400 / GCST90200451,GCST90200451 / GCST90200400,Nicotinamide / Nonadecanoate (19:0),Nonadecanoate (19:0) / Nicotinamide,若 ratio_trait 表示 out/in，则 direction_sign=+1；若表示 in/out，则 direction_sign=-1；若该模块无合适 ratio，则留空。,"Fill +1 for out/in-like forward support, -1 for in/out-like reverse support",gcst90200400/gcst90200451,gcst90200451/gcst90200400
M_990,GCST90199670,GCST90199641,Iminodiacetate (IDA),Glucuronate,外源物/环境暴露支路,Xenobiotic/Environmental Exposure Branch,核苷酸-辅因子/维生素-外源物代谢,低,,,GCST90199641 / GCST90199670,GCST90199670 / GCST90199641,Glucuronate / Iminodiacetate (IDA),Iminodiacetate (IDA) / Glucuronate,若 ratio_trait 表示 out/in，则 direction_sign=+1；若表示 in/out，则 direction_sign=-1；若该模块无合适 ratio，则留空。,"Fill +1 for out/in-like forward support, -1 for in/out-like reverse support",gcst90199641/gcst90199670,gcst90199670/gcst90199641
M_991,GCST90199672,GCST90200318,Oxalate (ethanedioate),Acetoacetate,其他/待定,Other/Undetermined,核苷酸-辅因子/维生素-外源物代谢,低,,,GCST90200318 / GCST90199672,GCST90199672 / GCST90200318,Acetoacetate / Oxalate (ethanedioate),Oxalate (ethanedioate) / Acetoacetate,若 ratio_trait 表示 out/in，则 direction_sign=+1；若表示 in/out，则 direction_sign=-1；若该模块无合适 ratio，则留空。,"Fill +1 for out/in-like forward support, -1 for in/out-like reverse support",gcst90200318/gcst90199672,gcst90199672/gcst90200318
M_992,GCST90199690,GCST90199641,EDTA,Glucuronate,外源物/环境暴露支路,Xenobiotic/Environmental Exposure Branch,核苷酸-辅因子/维生素-外源物代谢,低,,,GCST90199641 / GCST90199690,GCST90199690 / GCST90199641,Glucuronate / EDTA,EDTA / Glucuronate,若 ratio_trait 表示 out/in，则 direction_sign=+1；若表示 in/out，则 direction_sign=-1；若该模块无合适 ratio，则留空。,"Fill +1 for out/in-like forward support, -1 for in/out-like reverse support",gcst90199641/gcst90199690,gcst90199690/gcst90199641
M_993,GCST90199632,GCST90199641,Tartarate,Glucuronate,其他/待定,Other/Undetermined,核苷酸-辅因子/维生素-外源物代谢,低,,,GCST90199641 / GCST90199632,GCST90199632 / GCST90199641,Glucuronate / Tartarate,Tartarate / Glucuronate,若 ratio_trait 表示 out/in，则 direction_sign=+1；若表示 in/out，则 direction_sign=-1；若该模块无合适 ratio，则留空。,"Fill +1 for out/in-like forward support, -1 for in/out-like reverse support",gcst90199641/gcst90199632,gcst90199632/gcst90199641
M_994,GCST90199864,GCST90199641,Gamma-CEHC,Glucuronate,其他/待定,Other/Undetermined,核苷酸-辅因子/维生素-外源物代谢,低,,,GCST90199641 / GCST90199864,GCST90199864 / GCST90199641,Glucuronate / Gamma-CEHC,Gamma-CEHC / Glucuronate,若 ratio_trait 表示 out/in，则 direction_sign=+1；若表示 in/out，则 direction_sign=-1；若该模块无合适 ratio，则留空。,"Fill +1 for out/in-like forward support, -1 for in/out-like reverse support",gcst90199641/gcst90199864,gcst90199864/gcst90199641
M_995,GCST90199812,GCST90199641,3-(3-hydroxyphenyl)propionate,Glucuronate,其他/待定,Other/Undetermined,核苷酸-辅因子/维生素-外源物代谢,低,,,GCST90199641 / GCST90199812,GCST90199812 / GCST90199641,Glucuronate / 3-(3-hydroxyphenyl)propionate,3-(3-hydroxyphenyl)propionate / Glucuronate,若 ratio_trait 表示 out/in，则 direction_sign=+1；若表示 in/out，则 direction_sign=-1；若该模块无合适 ratio，则留空。,"Fill +1 for out/in-like forward support, -1 for in/out-like reverse support",gcst90199641/gcst90199812,gcst90199812/gcst90199641
M_996,GCST90199825,GCST90199641,Pyrraline,Glucuronate,其他/待定,Other/Undetermined,核苷酸-辅因子/维生素-外源物代谢,低,,,GCST90199641 / GCST90199825,GCST90199825 / GCST90199641,Glucuronate / Pyrraline,Pyrraline / Glucuronate,若 ratio_trait 表示 out/in，则 direction_sign=+1；若表示 in/out，则 direction_sign=-1；若该模块无合适 ratio，则留空。,"Fill +1 for out/in-like forward support, -1 for in/out-like reverse support",gcst90199641/gcst90199825,gcst90199825/gcst90199641
M_997,GCST90199778,GCST90199641,N1-methyl-2-pyridone-5-carboxamide,Glucuronate,其他/待定,Other/Undetermined,核苷酸-辅因子/维生素-外源物代谢,低,,,GCST90199641 / GCST90199778,GCST90199778 / GCST90199641,Glucuronate / N1-methyl-2-pyridone-5-carboxamide,N1-methyl-2-pyridone-5-carboxamide / Glucuronate,若 ratio_trait 表示 out/in，则 direction_sign=+1；若表示 in/out，则 direction_sign=-1；若该模块无合适 ratio，则留空。,"Fill +1 for out/in-like forward support, -1 for in/out-like reverse support",gcst90199641/gcst90199778,gcst90199778/gcst90199641
M_998,GCST90199714,GCST90199641,3-hydroxy-2-ethylpropionate,Glucuronate,其他/待定,Other/Undetermined,核苷酸-辅因子/维生素-外源物代谢,低,,,GCST90199641 / GCST90199714,GCST90199714 / GCST90199641,Glucuronate / 3-hydroxy-2-ethylpropionate,3-hydroxy-2-ethylpropionate / Glucuronate,若 ratio_trait 表示 out/in，则 direction_sign=+1；若表示 in/out，则 direction_sign=-1；若该模块无合适 ratio，则留空。,"Fill +1 for out/in-like forward support, -1 for in/out-like reverse support",gcst90199641/gcst90199714,gcst90199714/gcst90199641
M_999,GCST90199908,GCST90199641,2-o-methylascorbic acid,Glucuronate,其他/待定,Other/Undetermined,核苷酸-辅因子/维生素-外源物代谢,低,,,GCST90199641 / GCST90199908,GCST90199908 / GCST90199641,Glucuronate / 2-o-methylascorbic acid,2-o-methylascorbic acid / Glucuronate,若 ratio_trait 表示 out/in，则 direction_sign=+1；若表示 in/out，则 direction_sign=-1；若该模块无合适 ratio，则留空。,"Fill +1 for out/in-like forward support, -1 for in/out-like reverse support",gcst90199641/gcst90199908,gcst90199908/gcst90199641
M_1000,GCST90199918,GCST90200412,Carboxyethyl-gaba,Glutamate,其他/待定,Other/Undetermined,核苷酸-辅因子/维生素-外源物代谢,低,,,GCST90200412 / GCST90199918,GCST90199918 / GCST90200412,Glutamate / Carboxyethyl-gaba,Carboxyethyl-gaba / Glutamate,若 ratio_trait 表示 out/in，则 direction_sign=+1；若表示 in/out，则 direction_sign=-1；若该模块无合适 ratio，则留空。,"Fill +1 for out/in-like forward support, -1 for in/out-like reverse support",gcst90200412/gcst90199918,gcst90199918/gcst90200412
M_1001,GCST90200100,GCST90199641,Perfluorooctanesulfonate (PFOS),Glucuronate,外源物/环境暴露支路,Xenobiotic/Environmental Exposure Branch,核苷酸-辅因子/维生素-外源物代谢,低,,,GCST90199641 / GCST90200100,GCST90200100 / GCST90199641,Glucuronate / Perfluorooctanesulfonate (PFOS),Perfluorooctanesulfonate (PFOS) / Glucuronate,若 ratio_trait 表示 out/in，则 direction_sign=+1；若表示 in/out，则 direction_sign=-1；若该模块无合适 ratio，则留空。,"Fill +1 for out/in-like forward support, -1 for in/out-like reverse support",gcst90199641/gcst90200100,gcst90200100/gcst90199641
M_1002,GCST90200023,GCST90199641,"Trans 3,4-methyleneheptanoate",Glucuronate,其他/待定,Other/Undetermined,核苷酸-辅因子/维生素-外源物代谢,低,,,GCST90199641 / GCST90200023,GCST90200023 / GCST90199641,"Glucuronate / Trans 3,4-methyleneheptanoate","Trans 3,4-methyleneheptanoate / Glucuronate",若 ratio_trait 表示 out/in，则 direction_sign=+1；若表示 in/out，则 direction_sign=-1；若该模块无合适 ratio，则留空。,"Fill +1 for out/in-like forward support, -1 for in/out-like reverse support",gcst90199641/gcst90200023,gcst90200023/gcst90199641
M_1003,GCST90199949,GCST90199641,6-oxopiperidine-2-carboxylate,Glucuronate,其他/待定,Other/Undetermined,核苷酸-辅因子/维生素-外源物代谢,低,,,GCST90199641 / GCST90199949,GCST90199949 / GCST90199641,Glucuronate / 6-oxopiperidine-2-carboxylate,6-oxopiperidine-2-carboxylate / Glucuronate,若 ratio_trait 表示 out/in，则 direction_sign=+1；若表示 in/out，则 direction_sign=-1；若该模块无合适 ratio，则留空。,"Fill +1 for out/in-like forward support, -1 for in/out-like reverse support",gcst90199641/gcst90199949,gcst90199949/gcst90199641
M_1004,GCST90200004,GCST90200430,N-carbamoylalanine,Pyruvate,其他/待定,Other/Undetermined,核苷酸-辅因子/维生素-外源物代谢,低,,,GCST90200430 / GCST90200004,GCST90200004 / GCST90200430,Pyruvate / N-carbamoylalanine,N-carbamoylalanine / Pyruvate,若 ratio_trait 表示 out/in，则 direction_sign=+1；若表示 in/out，则 direction_sign=-1；若该模块无合适 ratio，则留空。,"Fill +1 for out/in-like forward support, -1 for in/out-like reverse support",gcst90200430/gcst90200004,gcst90200004/gcst90200430
M_1005,GCST90199977,GCST90199641,4-hydroxychlorothalonil,Glucuronate,外源物/环境暴露支路,Xenobiotic/Environmental Exposure Branch,核苷酸-辅因子/维生素-外源物代谢,低,,,GCST90199641 / GCST90199977,GCST90199977 / GCST90199641,Glucuronate / 4-hydroxychlorothalonil,4-hydroxychlorothalonil / Glucuronate,若 ratio_trait 表示 out/in，则 direction_sign=+1；若表示 in/out，则 direction_sign=-1；若该模块无合适 ratio，则留空。,"Fill +1 for out/in-like forward support, -1 for in/out-like reverse support",gcst90199641/gcst90199977,gcst90199977/gcst90199641
M_1006,GCST90199942,GCST90199641,Dimethyl sulfone,Glucuronate,外源物/环境暴露支路,Xenobiotic/Environmental Exposure Branch,核苷酸-辅因子/维生素-外源物代谢,低,,,GCST90199641 / GCST90199942,GCST90199942 / GCST90199641,Glucuronate / Dimethyl sulfone,Dimethyl sulfone / Glucuronate,若 ratio_trait 表示 out/in，则 direction_sign=+1；若表示 in/out，则 direction_sign=-1；若该模块无合适 ratio，则留空。,"Fill +1 for out/in-like forward support, -1 for in/out-like reverse support",gcst90199641/gcst90199942,gcst90199942/gcst90199641
M_1007,GCST90199943,GCST90199641,2-piperidinone,Glucuronate,其他/待定,Other/Undetermined,核苷酸-辅因子/维生素-外源物代谢,低,,,GCST90199641 / GCST90199943,GCST90199943 / GCST90199641,Glucuronate / 2-piperidinone,2-piperidinone / Glucuronate,若 ratio_trait 表示 out/in，则 direction_sign=+1；若表示 in/out，则 direction_sign=-1；若该模块无合适 ratio，则留空。,"Fill +1 for out/in-like forward support, -1 for in/out-like reverse support",gcst90199641/gcst90199943,gcst90199943/gcst90199641
M_1008,GCST90200147,GCST90199641,"N,N,N-trimethyl-5-aminovalerate",Glucuronate,其他/待定,Other/Undetermined,核苷酸-辅因子/维生素-外源物代谢,低,,,GCST90199641 / GCST90200147,GCST90200147 / GCST90199641,"Glucuronate / N,N,N-trimethyl-5-aminovalerate","N,N,N-trimethyl-5-aminovalerate / Glucuronate",若 ratio_trait 表示 out/in，则 direction_sign=+1；若表示 in/out，则 direction_sign=-1；若该模块无合适 ratio，则留空。,"Fill +1 for out/in-like forward support, -1 for in/out-like reverse support",gcst90199641/gcst90200147,gcst90200147/gcst90199641
M_1009,GCST90200229,GCST90199641,"2,6-dihydroxybenzoic acid",Glucuronate,其他/待定,Other/Undetermined,核苷酸-辅因子/维生素-外源物代谢,低,,,GCST90199641 / GCST90200229,GCST90200229 / GCST90199641,"Glucuronate / 2,6-dihydroxybenzoic acid","2,6-dihydroxybenzoic acid / Glucuronate",若 ratio_trait 表示 out/in，则 direction_sign=+1；若表示 in/out，则 direction_sign=-1；若该模块无合适 ratio，则留空。,"Fill +1 for out/in-like forward support, -1 for in/out-like reverse support",gcst90199641/gcst90200229,gcst90200229/gcst90199641
M_1010,GCST90200171,GCST90199641,Perfluorooctanoate (PFOA),Glucuronate,外源物/环境暴露支路,Xenobiotic/Environmental Exposure Branch,核苷酸-辅因子/维生素-外源物代谢,低,,,GCST90199641 / GCST90200171,GCST90200171 / GCST90199641,Glucuronate / Perfluorooctanoate (PFOA),Perfluorooctanoate (PFOA) / Glucuronate,若 ratio_trait 表示 out/in，则 direction_sign=+1；若表示 in/out，则 direction_sign=-1；若该模块无合适 ratio，则留空。,"Fill +1 for out/in-like forward support, -1 for in/out-like reverse support",gcst90199641/gcst90200171,gcst90200171/gcst90199641
M_1011,GCST90200188,GCST90199641,3-amino-2-piperidone,Glucuronate,其他/待定,Other/Undetermined,核苷酸-辅因子/维生素-外源物代谢,低,,,GCST90199641 / GCST90200188,GCST90200188 / GCST90199641,Glucuronate / 3-amino-2-piperidone,3-amino-2-piperidone / Glucuronate,若 ratio_trait 表示 out/in，则 direction_sign=+1；若表示 in/out，则 direction_sign=-1；若该模块无合适 ratio，则留空。,"Fill +1 for out/in-like forward support, -1 for in/out-like reverse support",gcst90199641/gcst90200188,gcst90200188/gcst90199641
M_1012,GCST90200192,GCST90200430,"N,N-dimethylalanine",Pyruvate,其他/待定,Other/Undetermined,核苷酸-辅因子/维生素-外源物代谢,低,,,GCST90200430 / GCST90200192,GCST90200192 / GCST90200430,"Pyruvate / N,N-dimethylalanine","N,N-dimethylalanine / Pyruvate",若 ratio_trait 表示 out/in，则 direction_sign=+1；若表示 in/out，则 direction_sign=-1；若该模块无合适 ratio，则留空。,"Fill +1 for out/in-like forward support, -1 for in/out-like reverse support",gcst90200430/gcst90200192,gcst90200192/gcst90200430
M_1013,GCST90200193,GCST90200440,Ethyl beta-glucopyranoside,Glucose,其他/待定,Other/Undetermined,核苷酸-辅因子/维生素-外源物代谢,中,,,GCST90200440 / GCST90200193,GCST90200193 / GCST90200440,Glucose / Ethyl beta-glucopyranoside,Ethyl beta-glucopyranoside / Glucose,若 ratio_trait 表示 out/in，则 direction_sign=+1；若表示 in/out，则 direction_sign=-1；若该模块无合适 ratio，则留空。,"Fill +1 for out/in-like forward support, -1 for in/out-like reverse support",gcst90200440/gcst90200193,gcst90200193/gcst90200440
M_1014,GCST90200245,GCST90200318,Eicosenedioate (C20:1-DC),Acetoacetate,其他/待定,Other/Undetermined,核苷酸-辅因子/维生素-外源物代谢,低,,,GCST90200318 / GCST90200245,GCST90200245 / GCST90200318,Acetoacetate / Eicosenedioate (C20:1-DC),Eicosenedioate (C20:1-DC) / Acetoacetate,若 ratio_trait 表示 out/in，则 direction_sign=+1；若表示 in/out，则 direction_sign=-1；若该模块无合适 ratio，则留空。,"Fill +1 for out/in-like forward support, -1 for in/out-like reverse support",gcst90200318/gcst90200245,gcst90200245/gcst90200318
M_1015,GCST90200248,GCST90199641,"Cis 3,4-methyleneheptanoate",Glucuronate,其他/待定,Other/Undetermined,核苷酸-辅因子/维生素-外源物代谢,低,,,GCST90199641 / GCST90200248,GCST90200248 / GCST90199641,"Glucuronate / Cis 3,4-methyleneheptanoate","Cis 3,4-methyleneheptanoate / Glucuronate",若 ratio_trait 表示 out/in，则 direction_sign=+1；若表示 in/out，则 direction_sign=-1；若该模块无合适 ratio，则留空。,"Fill +1 for out/in-like forward support, -1 for in/out-like reverse support",gcst90199641/gcst90200248,gcst90200248/gcst90199641
M_1016,GCST90200252,GCST90199641,"3,5-dichloro-2,6-dihydroxybenzoic acid",Glucuronate,其他/待定,Other/Undetermined,核苷酸-辅因子/维生素-外源物代谢,低,,,GCST90199641 / GCST90200252,GCST90200252 / GCST90199641,"Glucuronate / 3,5-dichloro-2,6-dihydroxybenzoic acid","3,5-dichloro-2,6-dihydroxybenzoic acid / Glucuronate",若 ratio_trait 表示 out/in，则 direction_sign=+1；若表示 in/out，则 direction_sign=-1；若该模块无合适 ratio，则留空。,"Fill +1 for out/in-like forward support, -1 for in/out-like reverse support",gcst90199641/gcst90200252,gcst90200252/gcst90199641
M_1017,GCST90200254,GCST90199641,(S)-a-amino-omega-caprolactam,Glucuronate,其他/待定,Other/Undetermined,核苷酸-辅因子/维生素-外源物代谢,低,,,GCST90199641 / GCST90200254,GCST90200254 / GCST90199641,Glucuronate / (S)-a-amino-omega-caprolactam,(S)-a-amino-omega-caprolactam / Glucuronate,若 ratio_trait 表示 out/in，则 direction_sign=+1；若表示 in/out，则 direction_sign=-1；若该模块无合适 ratio，则留空。,"Fill +1 for out/in-like forward support, -1 for in/out-like reverse support",gcst90199641/gcst90200254,gcst90200254/gcst90199641
M_1018,GCST90200255,GCST90199641,"3-bromo-5-chloro-2,6-dihydroxybenzoic acid",Glucuronate,其他/待定,Other/Undetermined,核苷酸-辅因子/维生素-外源物代谢,低,,,GCST90199641 / GCST90200255,GCST90200255 / GCST90199641,"Glucuronate / 3-bromo-5-chloro-2,6-dihydroxybenzoic acid","3-bromo-5-chloro-2,6-dihydroxybenzoic acid / Glucuronate",若 ratio_trait 表示 out/in，则 direction_sign=+1；若表示 in/out，则 direction_sign=-1；若该模块无合适 ratio，则留空。,"Fill +1 for out/in-like forward support, -1 for in/out-like reverse support",gcst90199641/gcst90200255,gcst90200255/gcst90199641
M_1019,GCST90200260,GCST90200318,Branched chain 14:0 dicarboxylic acid,Acetoacetate,其他/待定,Other/Undetermined,核苷酸-辅因子/维生素-外源物代谢,低,,,GCST90200318 / GCST90200260,GCST90200260 / GCST90200318,Acetoacetate / Branched chain 14:0 dicarboxylic acid,Branched chain 14:0 dicarboxylic acid / Acetoacetate,若 ratio_trait 表示 out/in，则 direction_sign=+1；若表示 in/out，则 direction_sign=-1；若该模块无合适 ratio，则留空。,"Fill +1 for out/in-like forward support, -1 for in/out-like reverse support",gcst90200318/gcst90200260,gcst90200260/gcst90200318
M_1020,GCST90200122,GCST90199641,Nisinate (24:6n3),Glucuronate,其他/待定,Other/Undetermined,核苷酸-辅因子/维生素-外源物代谢,低,,,GCST90199641 / GCST90200122,GCST90200122 / GCST90199641,Glucuronate / Nisinate (24:6n3),Nisinate (24:6n3) / Glucuronate,若 ratio_trait 表示 out/in，则 direction_sign=+1；若表示 in/out，则 direction_sign=-1；若该模块无合适 ratio，则留空。,"Fill +1 for out/in-like forward support, -1 for in/out-like reverse support",gcst90199641/gcst90200122,gcst90200122/gcst90199641
M_1021,GCST90200141,GCST90200440,Ethyl alpha-glucopyranoside,Glucose,其他/待定,Other/Undetermined,核苷酸-辅因子/维生素-外源物代谢,中,,,GCST90200440 / GCST90200141,GCST90200141 / GCST90200440,Glucose / Ethyl alpha-glucopyranoside,Ethyl alpha-glucopyranoside / Glucose,若 ratio_trait 表示 out/in，则 direction_sign=+1；若表示 in/out，则 direction_sign=-1；若该模块无合适 ratio，则留空。,"Fill +1 for out/in-like forward support, -1 for in/out-like reverse support",gcst90200440/gcst90200141,gcst90200141/gcst90200440
M_1022,GCST90200202,GCST90199641,Delta-CEHC,Glucuronate,其他/待定,Other/Undetermined,核苷酸-辅因子/维生素-外源物代谢,低,,,GCST90199641 / GCST90200202,GCST90200202 / GCST90199641,Glucuronate / Delta-CEHC,Delta-CEHC / Glucuronate,若 ratio_trait 表示 out/in，则 direction_sign=+1；若表示 in/out，则 direction_sign=-1；若该模块无合适 ratio，则留空。,"Fill +1 for out/in-like forward support, -1 for in/out-like reverse support",gcst90199641/gcst90200202,gcst90200202/gcst90199641
M_1023,GCST90200276,GCST90199641,"2,4-di-tert-butylphenol",Glucuronate,其他/待定,Other/Undetermined,核苷酸-辅因子/维生素-外源物代谢,低,,,GCST90199641 / GCST90200276,GCST90200276 / GCST90199641,"Glucuronate / 2,4-di-tert-butylphenol","2,4-di-tert-butylphenol / Glucuronate",若 ratio_trait 表示 out/in，则 direction_sign=+1；若表示 in/out，则 direction_sign=-1；若该模块无合适 ratio，则留空。,"Fill +1 for out/in-like forward support, -1 for in/out-like reverse support",gcst90199641/gcst90200276,gcst90200276/gcst90199641
M_1024,GCST90200282,GCST90199641,Picolinate,Glucuronate,其他/待定,Other/Undetermined,核苷酸-辅因子/维生素-外源物代谢,低,,,GCST90199641 / GCST90200282,GCST90200282 / GCST90199641,Glucuronate / Picolinate,Picolinate / Glucuronate,若 ratio_trait 表示 out/in，则 direction_sign=+1；若表示 in/out，则 direction_sign=-1；若该模块无合适 ratio，则留空。,"Fill +1 for out/in-like forward support, -1 for in/out-like reverse support",gcst90199641/gcst90200282,gcst90200282/gcst90199641
M_1025,GCST90200283,GCST90199641,3-ureidopropionate,Glucuronate,其他/待定,Other/Undetermined,核苷酸-辅因子/维生素-外源物代谢,低,,,GCST90199641 / GCST90200283,GCST90200283 / GCST90199641,Glucuronate / 3-ureidopropionate,3-ureidopropionate / Glucuronate,若 ratio_trait 表示 out/in，则 direction_sign=+1；若表示 in/out，则 direction_sign=-1；若该模块无合适 ratio，则留空。,"Fill +1 for out/in-like forward support, -1 for in/out-like reverse support",gcst90199641/gcst90200283,gcst90200283/gcst90199641
M_1026,GCST90200284,GCST90200318,Erucate (22:1n9),Acetoacetate,其他/待定,Other/Undetermined,核苷酸-辅因子/维生素-外源物代谢,低,,,GCST90200318 / GCST90200284,GCST90200284 / GCST90200318,Acetoacetate / Erucate (22:1n9),Erucate (22:1n9) / Acetoacetate,若 ratio_trait 表示 out/in，则 direction_sign=+1；若表示 in/out，则 direction_sign=-1；若该模块无合适 ratio，则留空。,"Fill +1 for out/in-like forward support, -1 for in/out-like reverse support",gcst90200318/gcst90200284,gcst90200284/gcst90200318
M_1027,GCST90200309,GCST90199641,Vanillylmandelate (VMA),Glucuronate,其他/待定,Other/Undetermined,核苷酸-辅因子/维生素-外源物代谢,低,,,GCST90199641 / GCST90200309,GCST90200309 / GCST90199641,Glucuronate / Vanillylmandelate (VMA),Vanillylmandelate (VMA) / Glucuronate,若 ratio_trait 表示 out/in，则 direction_sign=+1；若表示 in/out，则 direction_sign=-1；若该模块无合适 ratio，则留空。,"Fill +1 for out/in-like forward support, -1 for in/out-like reverse support",gcst90199641/gcst90200309,gcst90200309/gcst90199641
M_1028,GCST90200311,GCST90199641,4-acetamidobutanoate,Glucuronate,其他/待定,Other/Undetermined,核苷酸-辅因子/维生素-外源物代谢,低,,,GCST90199641 / GCST90200311,GCST90200311 / GCST90199641,Glucuronate / 4-acetamidobutanoate,4-acetamidobutanoate / Glucuronate,若 ratio_trait 表示 out/in，则 direction_sign=+1；若表示 in/out，则 direction_sign=-1；若该模块无合适 ratio，则留空。,"Fill +1 for out/in-like forward support, -1 for in/out-like reverse support",gcst90199641/gcst90200311,gcst90200311/gcst90199641
M_1029,GCST90200317,GCST90199641,Homovanillate (hva),Glucuronate,其他/待定,Other/Undetermined,核苷酸-辅因子/维生素-外源物代谢,低,,,GCST90199641 / GCST90200317,GCST90200317 / GCST90199641,Glucuronate / Homovanillate (hva),Homovanillate (hva) / Glucuronate,若 ratio_trait 表示 out/in，则 direction_sign=+1；若表示 in/out，则 direction_sign=-1；若该模块无合适 ratio，则留空。,"Fill +1 for out/in-like forward support, -1 for in/out-like reverse support",gcst90199641/gcst90200317,gcst90200317/gcst90199641
M_1030,GCST90200319,GCST90199641,"Cys-gly, oxidized",Glucuronate,其他/待定,Other/Undetermined,核苷酸-辅因子/维生素-外源物代谢,低,,,GCST90199641 / GCST90200319,GCST90200319 / GCST90199641,"Glucuronate / Cys-gly, oxidized","Cys-gly, oxidized / Glucuronate",若 ratio_trait 表示 out/in，则 direction_sign=+1；若表示 in/out，则 direction_sign=-1；若该模块无合适 ratio，则留空。,"Fill +1 for out/in-like forward support, -1 for in/out-like reverse support",gcst90199641/gcst90200319,gcst90200319/gcst90199641
M_1031,GCST90200348,GCST90199641,Quinolinate,Glucuronate,其他/待定,Other/Undetermined,核苷酸-辅因子/维生素-外源物代谢,低,,,GCST90199641 / GCST90200348,GCST90200348 / GCST90199641,Glucuronate / Quinolinate,Quinolinate / Glucuronate,若 ratio_trait 表示 out/in，则 direction_sign=+1；若表示 in/out，则 direction_sign=-1；若该模块无合适 ratio，则留空。,"Fill +1 for out/in-like forward support, -1 for in/out-like reverse support",gcst90199641/gcst90200348,gcst90200348/gcst90199641
M_1032,GCST90200353,GCST90199641,"9,10-DiHOME",Glucuronate,其他/待定,Other/Undetermined,核苷酸-辅因子/维生素-外源物代谢,低,,,GCST90199641 / GCST90200353,GCST90200353 / GCST90199641,"Glucuronate / 9,10-DiHOME","9,10-DiHOME / Glucuronate",若 ratio_trait 表示 out/in，则 direction_sign=+1；若表示 in/out，则 direction_sign=-1；若该模块无合适 ratio，则留空。,"Fill +1 for out/in-like forward support, -1 for in/out-like reverse support",gcst90199641/gcst90200353,gcst90200353/gcst90199641
M_1033,GCST90200381,GCST90199641,S-1-pyrroline-5-carboxylate,Glucuronate,其他/待定,Other/Undetermined,核苷酸-辅因子/维生素-外源物代谢,低,,,GCST90199641 / GCST90200381,GCST90200381 / GCST90199641,Glucuronate / S-1-pyrroline-5-carboxylate,S-1-pyrroline-5-carboxylate / Glucuronate,若 ratio_trait 表示 out/in，则 direction_sign=+1；若表示 in/out，则 direction_sign=-1；若该模块无合适 ratio，则留空。,"Fill +1 for out/in-like forward support, -1 for in/out-like reverse support",gcst90199641/gcst90200381,gcst90200381/gcst90199641
M_1034,GCST90200293,GCST90199641,Thyroxine,Glucuronate,其他/待定,Other/Undetermined,核苷酸-辅因子/维生素-外源物代谢,低,,,GCST90199641 / GCST90200293,GCST90200293 / GCST90199641,Glucuronate / Thyroxine,Thyroxine / Glucuronate,若 ratio_trait 表示 out/in，则 direction_sign=+1；若表示 in/out，则 direction_sign=-1；若该模块无合适 ratio，则留空。,"Fill +1 for out/in-like forward support, -1 for in/out-like reverse support",gcst90199641/gcst90200293,gcst90200293/gcst90199641
M_1035,GCST90200294,GCST90199641,Pipecolate,Glucuronate,其他/待定,Other/Undetermined,核苷酸-辅因子/维生素-外源物代谢,低,,,GCST90199641 / GCST90200294,GCST90200294 / GCST90199641,Glucuronate / Pipecolate,Pipecolate / Glucuronate,若 ratio_trait 表示 out/in，则 direction_sign=+1；若表示 in/out，则 direction_sign=-1；若该模块无合适 ratio，则留空。,"Fill +1 for out/in-like forward support, -1 for in/out-like reverse support",gcst90199641/gcst90200294,gcst90200294/gcst90199641
M_1036,GCST90200305,GCST90199641,2-aminobutyrate,Glucuronate,其他/待定,Other/Undetermined,核苷酸-辅因子/维生素-外源物代谢,低,,,GCST90199641 / GCST90200305,GCST90200305 / GCST90199641,Glucuronate / 2-aminobutyrate,2-aminobutyrate / Glucuronate,若 ratio_trait 表示 out/in，则 direction_sign=+1；若表示 in/out，则 direction_sign=-1；若该模块无合适 ratio，则留空。,"Fill +1 for out/in-like forward support, -1 for in/out-like reverse support",gcst90199641/gcst90200305,gcst90200305/gcst90199641
M_1037,GCST90200306,GCST90199641,Butyrate/isobutyrate (4:0),Glucuronate,其他/待定,Other/Undetermined,核苷酸-辅因子/维生素-外源物代谢,低,,,GCST90199641 / GCST90200306,GCST90200306 / GCST90199641,Glucuronate / Butyrate/isobutyrate (4:0),Butyrate/isobutyrate (4:0) / Glucuronate,若 ratio_trait 表示 out/in，则 direction_sign=+1；若表示 in/out，则 direction_sign=-1；若该模块无合适 ratio，则留空。,"Fill +1 for out/in-like forward support, -1 for in/out-like reverse support",gcst90199641/gcst90200306,gcst90200306/gcst90199641
M_1038,GCST90200393,GCST90199641,Phosphate,Glucuronate,其他/待定,Other/Undetermined,核苷酸-辅因子/维生素-外源物代谢,低,,,GCST90199641 / GCST90200393,GCST90200393 / GCST90199641,Glucuronate / Phosphate,Phosphate / Glucuronate,若 ratio_trait 表示 out/in，则 direction_sign=+1；若表示 in/out，则 direction_sign=-1；若该模块无合适 ratio，则留空。,"Fill +1 for out/in-like forward support, -1 for in/out-like reverse support",gcst90199641/gcst90200393,gcst90200393/gcst90199641
M_1039,GCST90200409,GCST90199641,Pristanate,Glucuronate,其他/待定,Other/Undetermined,核苷酸-辅因子/维生素-外源物代谢,低,,,GCST90199641 / GCST90200409,GCST90200409 / GCST90199641,Glucuronate / Pristanate,Pristanate / Glucuronate,若 ratio_trait 表示 out/in，则 direction_sign=+1；若表示 in/out，则 direction_sign=-1；若该模块无合适 ratio，则留空。,"Fill +1 for out/in-like forward support, -1 for in/out-like reverse support",gcst90199641/gcst90200409,gcst90200409/gcst90199641
M_1040,GCST90200410,GCST90199641,Phytanate,Glucuronate,其他/待定,Other/Undetermined,核苷酸-辅因子/维生素-外源物代谢,低,,,GCST90199641 / GCST90200410,GCST90200410 / GCST90199641,Glucuronate / Phytanate,Phytanate / Glucuronate,若 ratio_trait 表示 out/in，则 direction_sign=+1；若表示 in/out，则 direction_sign=-1；若该模块无合适 ratio，则留空。,"Fill +1 for out/in-like forward support, -1 for in/out-like reverse support",gcst90199641/gcst90200410,gcst90200410/gcst90199641
M_1041,GCST90200418,GCST90199641,Pyridoxal,Glucuronate,其他/待定,Other/Undetermined,核苷酸-辅因子/维生素-外源物代谢,低,,,GCST90199641 / GCST90200418,GCST90200418 / GCST90199641,Glucuronate / Pyridoxal,Pyridoxal / Glucuronate,若 ratio_trait 表示 out/in，则 direction_sign=+1；若表示 in/out，则 direction_sign=-1；若该模块无合适 ratio，则留空。,"Fill +1 for out/in-like forward support, -1 for in/out-like reverse support",gcst90199641/gcst90200418,gcst90200418/gcst90199641
M_1042,GCST90200421,GCST90199641,Salicylate,Glucuronate,其他/待定,Other/Undetermined,核苷酸-辅因子/维生素-外源物代谢,低,,,GCST90199641 / GCST90200421,GCST90200421 / GCST90199641,Glucuronate / Salicylate,Salicylate / Glucuronate,若 ratio_trait 表示 out/in，则 direction_sign=+1；若表示 in/out，则 direction_sign=-1；若该模块无合适 ratio，则留空。,"Fill +1 for out/in-like forward support, -1 for in/out-like reverse support",gcst90199641/gcst90200421,gcst90200421/gcst90199641
M_1043,GCST90200422,GCST90199641,Serotonin,Glucuronate,其他/待定,Other/Undetermined,核苷酸-辅因子/维生素-外源物代谢,低,,,GCST90199641 / GCST90200422,GCST90200422 / GCST90199641,Glucuronate / Serotonin,Serotonin / Glucuronate,若 ratio_trait 表示 out/in，则 direction_sign=+1；若表示 in/out，则 direction_sign=-1；若该模块无合适 ratio，则留空。,"Fill +1 for out/in-like forward support, -1 for in/out-like reverse support",gcst90199641/gcst90200422,gcst90200422/gcst90199641
M_1044,GCST90200426,GCST90199641,Xylose,Glucuronate,其他/待定,Other/Undetermined,核苷酸-辅因子/维生素-外源物代谢,低,,,GCST90199641 / GCST90200426,GCST90200426 / GCST90199641,Glucuronate / Xylose,Xylose / Glucuronate,若 ratio_trait 表示 out/in，则 direction_sign=+1；若表示 in/out，则 direction_sign=-1；若该模块无合适 ratio，则留空。,"Fill +1 for out/in-like forward support, -1 for in/out-like reverse support",gcst90199641/gcst90200426,gcst90200426/gcst90199641
M_1045,GCST90200428,GCST90199641,Caprate (10:0),Glucuronate,其他/待定,Other/Undetermined,核苷酸-辅因子/维生素-外源物代谢,低,,,GCST90199641 / GCST90200428,GCST90200428 / GCST90199641,Glucuronate / Caprate (10:0),Caprate (10:0) / Glucuronate,若 ratio_trait 表示 out/in，则 direction_sign=+1；若表示 in/out，则 direction_sign=-1；若该模块无合适 ratio，则留空。,"Fill +1 for out/in-like forward support, -1 for in/out-like reverse support",gcst90199641/gcst90200428,gcst90200428/gcst90199641
M_1046,GCST90200681,GCST90199641,Orotidine,Glucuronate,其他/待定,Other/Undetermined,核苷酸-辅因子/维生素-外源物代谢,低,,,GCST90199641 / GCST90200681,GCST90200681 / GCST90199641,Glucuronate / Orotidine,Orotidine / Glucuronate,若 ratio_trait 表示 out/in，则 direction_sign=+1；若表示 in/out，则 direction_sign=-1；若该模块无合适 ratio，则留空。,"Fill +1 for out/in-like forward support, -1 for in/out-like reverse support",gcst90199641/gcst90200681,gcst90200681/gcst90199641
M_1047,GCST90200700,GCST90199641,Decadienedioic acid (C10:2-DC),Glucuronate,其他/待定,Other/Undetermined,核苷酸-辅因子/维生素-外源物代谢,低,,,GCST90199641 / GCST90200700,GCST90200700 / GCST90199641,Glucuronate / Decadienedioic acid (C10:2-DC),Decadienedioic acid (C10:2-DC) / Glucuronate,若 ratio_trait 表示 out/in，则 direction_sign=+1；若表示 in/out，则 direction_sign=-1；若该模块无合适 ratio，则留空。,"Fill +1 for out/in-like forward support, -1 for in/out-like reverse support",gcst90199641/gcst90200700,gcst90200700/gcst90199641
M_1048,GCST90200705,GCST90200318,Ethylmalonate,Acetoacetate,其他/待定,Other/Undetermined,核苷酸-辅因子/维生素-外源物代谢,低,,,GCST90200318 / GCST90200705,GCST90200705 / GCST90200318,Acetoacetate / Ethylmalonate,Ethylmalonate / Acetoacetate,若 ratio_trait 表示 out/in，则 direction_sign=+1；若表示 in/out，则 direction_sign=-1；若该模块无合适 ratio，则留空。,"Fill +1 for out/in-like forward support, -1 for in/out-like reverse support",gcst90200318/gcst90200705,gcst90200705/gcst90200318
M_1049,GCST90200431,GCST90200430,Alanine,Pyruvate,其他/待定,Other/Undetermined,核苷酸-辅因子/维生素-外源物代谢,低,GCST90200780,-1.0,GCST90200430 / GCST90200431,GCST90200431 / GCST90200430,Pyruvate / Alanine,Alanine / Pyruvate,若 ratio_trait 表示 out/in，则 direction_sign=+1；若表示 in/out，则 direction_sign=-1；若该模块无合适 ratio，则留空。,"Fill +1 for out/in-like forward support, -1 for in/out-like reverse support",gcst90200430/gcst90200431,gcst90200431/gcst90200430
M_1050,GCST90200434,GCST90199641,"12,13-DiHOME",Glucuronate,其他/待定,Other/Undetermined,核苷酸-辅因子/维生素-外源物代谢,低,,,GCST90199641 / GCST90200434,GCST90200434 / GCST90199641,"Glucuronate / 12,13-DiHOME","12,13-DiHOME / Glucuronate",若 ratio_trait 表示 out/in，则 direction_sign=+1；若表示 in/out，则 direction_sign=-1；若该模块无合适 ratio，则留空。,"Fill +1 for out/in-like forward support, -1 for in/out-like reverse support",gcst90199641/gcst90200434,gcst90200434/gcst90199641
M_1051,GCST90200446,GCST90199641,Arachidate (20:0),Glucuronate,其他/待定,Other/Undetermined,核苷酸-辅因子/维生素-外源物代谢,低,,,GCST90199641 / GCST90200446,GCST90200446 / GCST90199641,Glucuronate / Arachidate (20:0),Arachidate (20:0) / Glucuronate,若 ratio_trait 表示 out/in，则 direction_sign=+1；若表示 in/out，则 direction_sign=-1；若该模块无合适 ratio，则留空。,"Fill +1 for out/in-like forward support, -1 for in/out-like reverse support",gcst90199641/gcst90200446,gcst90200446/gcst90199641
M_1052,GCST90200459,GCST90199641,Margarate (17:0),Glucuronate,其他/待定,Other/Undetermined,核苷酸-辅因子/维生素-外源物代谢,低,,,GCST90199641 / GCST90200459,GCST90200459 / GCST90199641,Glucuronate / Margarate (17:0),Margarate (17:0) / Glucuronate,若 ratio_trait 表示 out/in，则 direction_sign=+1；若表示 in/out，则 direction_sign=-1；若该模块无合适 ratio，则留空。,"Fill +1 for out/in-like forward support, -1 for in/out-like reverse support",gcst90199641/gcst90200459,gcst90200459/gcst90199641
M_1053,GCST90200415,GCST90200432,Serine,threonine,跨支路ratio模块,Cross-branch Ratio Module,跨通路ratio模块,低,GCST90201000,-1.0,threonine / Serine,Serine / threonine,threonine / Serine,Serine / threonine,本行为由未匹配ratio直接生成的新模块：严格按 reportedTrait 中 'to' 分割，并去除末尾 ratio；to 前边=in，to 后边=out；因此 direction_sign=-1。,"来源reportedTrait=Serine to threonine ratio；严格按 reportedTrait 中 'to' 分割：in=Serine, out=threonine；in/out 分属不同已知Subpathway",threonine/serine,serine/threonine
M_1054,GCST90200415,GCST90200438,Serine,alpha-ketobutyrate,跨支路ratio模块,Cross-branch Ratio Module,跨通路ratio模块,低,GCST90201001,-1.0,alpha-ketobutyrate / Serine,Serine / alpha-ketobutyrate,alpha-ketobutyrate / Serine,Serine / alpha-ketobutyrate,本行为由未匹配ratio直接生成的新模块：严格按 reportedTrait 中 'to' 分割，并去除末尾 ratio；to 前边=in，to 后边=out；因此 direction_sign=-1。,"来源reportedTrait=Serine to alpha-ketobutyrate ratio；严格按 reportedTrait 中 'to' 分割：in=Serine, out=alpha-ketobutyrate；in/out 分属不同已知Subpathway",alpha-ketobutyrate/serine,serine/alpha-ketobutyrate
M_1055,GCST90200447,GCST90200449,Maltose,sucrose,己糖/二糖支路,Hexose/Disaccharide Branch,中心碳水化合物代谢（糖酵解/糖异生/磷酸戊糖途径）,中,GCST90201002,-1.0,sucrose / Maltose,Maltose / sucrose,sucrose / Maltose,Maltose / sucrose,本行为由未匹配ratio直接生成的新模块：严格按 reportedTrait 中 'to' 分割，并去除末尾 ratio；to 前边=in，to 后边=out；因此 direction_sign=-1。,"来源reportedTrait=Maltose to sucrose ratio；严格按 reportedTrait 中 'to' 分割：in=Maltose, out=sucrose；in/out 命中相同Subpathway",sucrose/maltose,maltose/sucrose
M_1056,GCST90200440,,Glucose,N-palmitoyl-sphingosine (d18:1 to 16:0),跨支路ratio模块,Cross-branch Ratio Module,跨通路ratio模块,低,GCST90201003,-1.0,N-palmitoyl-sphingosine (d18:1 to 16:0) / Glucose,Glucose / N-palmitoyl-sphingosine (d18:1 to 16:0),N-palmitoyl-sphingosine (d18:1 to 16:0) / Glucose,Glucose / N-palmitoyl-sphingosine (d18:1 to 16:0),本行为由未匹配ratio直接生成的新模块：严格按 reportedTrait 中 'to' 分割，并去除末尾 ratio；to 前边=in，to 后边=out；因此 direction_sign=-1。,"来源reportedTrait=Glucose to N-palmitoyl-sphingosine (d18:1 to 16:0) ratio；严格按 reportedTrait 中 'to' 分割：in=Glucose, out=N-palmitoyl-sphingosine (d18:1 to 16:0)；in/out 分属不同已知Subpathway",n-palmitoyl-sphingosine (d18:1 to 16:0)/glucose,glucose/n-palmitoyl-sphingosine (d18:1 to 16:0)
M_1057,GCST90200440,,Glucose,N-stearoyl-sphingosine (d18:1 to 18:0),跨支路ratio模块,Cross-branch Ratio Module,跨通路ratio模块,低,GCST90201004,-1.0,N-stearoyl-sphingosine (d18:1 to 18:0) / Glucose,Glucose / N-stearoyl-sphingosine (d18:1 to 18:0),N-stearoyl-sphingosine (d18:1 to 18:0) / Glucose,Glucose / N-stearoyl-sphingosine (d18:1 to 18:0),本行为由未匹配ratio直接生成的新模块：严格按 reportedTrait 中 'to' 分割，并去除末尾 ratio；to 前边=in，to 后边=out；因此 direction_sign=-1。,"来源reportedTrait=Glucose to N-stearoyl-sphingosine (d18:1 to 18:0) ratio；严格按 reportedTrait 中 'to' 分割：in=Glucose, out=N-stearoyl-sphingosine (d18:1 to 18:0)；in/out 分属不同已知Subpathway",n-stearoyl-sphingosine (d18:1 to 18:0)/glucose,glucose/n-stearoyl-sphingosine (d18:1 to 18:0)
M_1058,GCST90200437,GCST90200447,Fructose,maltose,己糖/二糖支路,Hexose/Disaccharide Branch,中心碳水化合物代谢（糖酵解/糖异生/磷酸戊糖途径）,中,GCST90201005,-1.0,maltose / Fructose,Fructose / maltose,maltose / Fructose,Fructose / maltose,本行为由未匹配ratio直接生成的新模块：严格按 reportedTrait 中 'to' 分割，并去除末尾 ratio；to 前边=in，to 后边=out；因此 direction_sign=-1。,"来源reportedTrait=Fructose to maltose ratio；严格按 reportedTrait 中 'to' 分割：in=Fructose, out=maltose；in/out 命中相同Subpathway",maltose/fructose,fructose/maltose
M_1059,GCST90200438,GCST90199631,Alpha-ketobutyrate,3-methyl-2-oxovalerate,BCAA α-酮酸支路,BCAA α-Keto Acid Branch,支链氨基酸代谢,中,GCST90201006,-1.0,3-methyl-2-oxovalerate / Alpha-ketobutyrate,Alpha-ketobutyrate / 3-methyl-2-oxovalerate,3-methyl-2-oxovalerate / Alpha-ketobutyrate,Alpha-ketobutyrate / 3-methyl-2-oxovalerate,本行为由未匹配ratio直接生成的新模块：严格按 reportedTrait 中 'to' 分割，并去除末尾 ratio；to 前边=in，to 后边=out；因此 direction_sign=-1。,"来源reportedTrait=Alpha-ketobutyrate to 3-methyl-2-oxovalerate ratio；严格按 reportedTrait 中 'to' 分割：in=Alpha-ketobutyrate, out=3-methyl-2-oxovalerate；in/out 命中相同Subpathway",3-methyl-2-oxovalerate/alpha-ketobutyrate,alpha-ketobutyrate/3-methyl-2-oxovalerate
M_1060,GCST90200440,,Glucose,N-palmitoyl-sphinganine (d18:0 to 16:0),跨支路ratio模块,Cross-branch Ratio Module,跨通路ratio模块,低,GCST90201007,-1.0,N-palmitoyl-sphinganine (d18:0 to 16:0) / Glucose,Glucose / N-palmitoyl-sphinganine (d18:0 to 16:0),N-palmitoyl-sphinganine (d18:0 to 16:0) / Glucose,Glucose / N-palmitoyl-sphinganine (d18:0 to 16:0),本行为由未匹配ratio直接生成的新模块：严格按 reportedTrait 中 'to' 分割，并去除末尾 ratio；to 前边=in，to 后边=out；因此 direction_sign=-1。,"来源reportedTrait=Glucose to N-palmitoyl-sphinganine (d18:0 to 16:0) ratio；严格按 reportedTrait 中 'to' 分割：in=Glucose, out=N-palmitoyl-sphinganine (d18:0 to 16:0)；in/out 分属不同已知Subpathway",n-palmitoyl-sphinganine (d18:0 to 16:0)/glucose,glucose/n-palmitoyl-sphinganine (d18:0 to 16:0)
M_1061,GCST90200432,GCST90200430,Threonine,pyruvate,跨支路ratio模块,Cross-branch Ratio Module,跨通路ratio模块,低,GCST90201009,-1.0,pyruvate / Threonine,Threonine / pyruvate,pyruvate / Threonine,Threonine / pyruvate,本行为由未匹配ratio直接生成的新模块：严格按 reportedTrait 中 'to' 分割，并去除末尾 ratio；to 前边=in，to 后边=out；因此 direction_sign=-1。,"来源reportedTrait=Threonine to pyruvate ratio；严格按 reportedTrait 中 'to' 分割：in=Threonine, out=pyruvate；in/out 分属不同已知Subpathway",pyruvate/threonine,threonine/pyruvate
M_1062,GCST90200438,GCST90199655,Alpha-ketobutyrate,4-methyl-2-oxopentanoate,BCAA α-酮酸支路,BCAA α-Keto Acid Branch,支链氨基酸代谢,中,GCST90201010,-1.0,4-methyl-2-oxopentanoate / Alpha-ketobutyrate,Alpha-ketobutyrate / 4-methyl-2-oxopentanoate,4-methyl-2-oxopentanoate / Alpha-ketobutyrate,Alpha-ketobutyrate / 4-methyl-2-oxopentanoate,本行为由未匹配ratio直接生成的新模块：严格按 reportedTrait 中 'to' 分割，并去除末尾 ratio；to 前边=in，to 后边=out；因此 direction_sign=-1。,"来源reportedTrait=Alpha-ketobutyrate to 4-methyl-2-oxopentanoate ratio；严格按 reportedTrait 中 'to' 分割：in=Alpha-ketobutyrate, out=4-methyl-2-oxopentanoate；in/out 命中相同Subpathway",4-methyl-2-oxopentanoate/alpha-ketobutyrate,alpha-ketobutyrate/4-methyl-2-oxopentanoate
M_1063,GCST90199631,GCST90199655,3-methyl-2-oxovalerate,4-methyl-2-oxopentanoate,BCAA α-酮酸支路,BCAA Amino Acid Pool,支链氨基酸代谢,中,GCST90201011,-1.0,4-methyl-2-oxopentanoate / 3-methyl-2-oxovalerate,3-methyl-2-oxovalerate / 4-methyl-2-oxopentanoate,4-methyl-2-oxopentanoate / 3-methyl-2-oxovalerate,3-methyl-2-oxovalerate / 4-methyl-2-oxopentanoate,本行为由未匹配ratio直接生成的新模块：严格按 reportedTrait 中 'to' 分割，并去除末尾 ratio；to 前边=in，to 后边=out；因此 direction_sign=-1。,"来源reportedTrait=3-methyl-2-oxovalerate to 4-methyl-2-oxopentanoate ratio；严格按 reportedTrait 中 'to' 分割：in=3-methyl-2-oxovalerate, out=4-methyl-2-oxopentanoate；in/out 命中相同Subpathway",4-methyl-2-oxopentanoate/3-methyl-2-oxovalerate,3-methyl-2-oxovalerate/4-methyl-2-oxopentanoate
M_1064,GCST90199631,GCST90199677,3-methyl-2-oxovalerate,3-methyl-2-oxobutyrate,BCAA α-酮酸支路,BCAA Amino Acid Pool,支链氨基酸代谢,中,GCST90201012,-1.0,3-methyl-2-oxobutyrate / 3-methyl-2-oxovalerate,3-methyl-2-oxovalerate / 3-methyl-2-oxobutyrate,3-methyl-2-oxobutyrate / 3-methyl-2-oxovalerate,3-methyl-2-oxovalerate / 3-methyl-2-oxobutyrate,本行为由未匹配ratio直接生成的新模块：严格按 reportedTrait 中 'to' 分割，并去除末尾 ratio；to 前边=in，to 后边=out；因此 direction_sign=-1。,"来源reportedTrait=3-methyl-2-oxovalerate to 3-methyl-2-oxobutyrate ratio；严格按 reportedTrait 中 'to' 分割：in=3-methyl-2-oxovalerate, out=3-methyl-2-oxobutyrate；in/out 命中相同Subpathway",3-methyl-2-oxobutyrate/3-methyl-2-oxovalerate,3-methyl-2-oxovalerate/3-methyl-2-oxobutyrate
M_1065,GCST90200688,GCST90199964,Androsterone glucuronide,etiocholanolone glucuronide,类固醇前体/激素支路,Steroid Precursor/Hormone Branch,类固醇-胆汁酸-葡萄糖醛酸化代谢,中,GCST90201013,-1.0,etiocholanolone glucuronide / Androsterone glucuronide,Androsterone glucuronide / etiocholanolone glucuronide,etiocholanolone glucuronide / Androsterone glucuronide,Androsterone glucuronide / etiocholanolone glucuronide,本行为由未匹配ratio直接生成的新模块：严格按 reportedTrait 中 'to' 分割，并去除末尾 ratio；to 前边=in，to 后边=out；因此 direction_sign=-1。,"来源reportedTrait=Androsterone glucuronide to etiocholanolone glucuronide ratio；严格按 reportedTrait 中 'to' 分割：in=Androsterone glucuronide, out=etiocholanolone glucuronide；in/out 命中相同Subpathway",etiocholanolone glucuronide/androsterone glucuronide,androsterone glucuronide/etiocholanolone glucuronide
M_1066,GCST90200704,GCST90200688,"Bilirubin (Z,Z)",androsterone glucuronide,跨支路ratio模块,Cross-branch Ratio Module,跨通路ratio模块,低,GCST90201015,-1.0,"androsterone glucuronide / Bilirubin (Z,Z)","Bilirubin (Z,Z) / androsterone glucuronide","androsterone glucuronide / Bilirubin (Z,Z)","Bilirubin (Z,Z) / androsterone glucuronide",本行为由未匹配ratio直接生成的新模块：严格按 reportedTrait 中 'to' 分割，并去除末尾 ratio；to 前边=in，to 后边=out；因此 direction_sign=-1。,"来源reportedTrait=Bilirubin (Z,Z) to androsterone glucuronide ratio；严格按 reportedTrait 中 'to' 分割：in=Bilirubin (Z,Z), out=androsterone glucuronide；in/out 分属不同已知Subpathway","androsterone glucuronide/bilirubin (z,z)","bilirubin (z,z)/androsterone glucuronide"
M_1067,GCST90200704,GCST90199964,"Bilirubin (Z,Z)",etiocholanolone glucuronide,跨支路ratio模块,Cross-branch Ratio Module,跨通路ratio模块,低,GCST90201016,-1.0,"etiocholanolone glucuronide / Bilirubin (Z,Z)","Bilirubin (Z,Z) / etiocholanolone glucuronide","etiocholanolone glucuronide / Bilirubin (Z,Z)","Bilirubin (Z,Z) / etiocholanolone glucuronide",本行为由未匹配ratio直接生成的新模块：严格按 reportedTrait 中 'to' 分割，并去除末尾 ratio；to 前边=in，to 后边=out；因此 direction_sign=-1。,"来源reportedTrait=Bilirubin (Z,Z) to etiocholanolone glucuronide ratio；严格按 reportedTrait 中 'to' 分割：in=Bilirubin (Z,Z), out=etiocholanolone glucuronide；in/out 分属不同已知Subpathway","etiocholanolone glucuronide/bilirubin (z,z)","bilirubin (z,z)/etiocholanolone glucuronide"
M_1068,GCST90199655,GCST90199677,4-methyl-2-oxopentanoate,3-methyl-2-oxobutyrate,BCAA α-酮酸支路,BCAA Amino Acid Pool,支链氨基酸代谢,中,GCST90201017,-1.0,3-methyl-2-oxobutyrate / 4-methyl-2-oxopentanoate,4-methyl-2-oxopentanoate / 3-methyl-2-oxobutyrate,3-methyl-2-oxobutyrate / 4-methyl-2-oxopentanoate,4-methyl-2-oxopentanoate / 3-methyl-2-oxobutyrate,本行为由未匹配ratio直接生成的新模块：严格按 reportedTrait 中 'to' 分割，并去除末尾 ratio；to 前边=in，to 后边=out；因此 direction_sign=-1。,"来源reportedTrait=4-methyl-2-oxopentanoate to 3-methyl-2-oxobutyrate ratio；严格按 reportedTrait 中 'to' 分割：in=4-methyl-2-oxopentanoate, out=3-methyl-2-oxobutyrate；in/out 命中相同Subpathway",3-methyl-2-oxobutyrate/4-methyl-2-oxopentanoate,4-methyl-2-oxopentanoate/3-methyl-2-oxobutyrate
M_1069,GCST90200704,GCST90199641,"Bilirubin (Z,Z)",glucuronate,跨支路ratio模块,Cross-branch Ratio Module,跨通路ratio模块,低,GCST90201018,-1.0,"glucuronate / Bilirubin (Z,Z)","Bilirubin (Z,Z) / glucuronate","glucuronate / Bilirubin (Z,Z)","Bilirubin (Z,Z) / glucuronate",本行为由未匹配ratio直接生成的新模块：严格按 reportedTrait 中 'to' 分割，并去除末尾 ratio；to 前边=in，to 后边=out；因此 direction_sign=-1。,"来源reportedTrait=Bilirubin (Z,Z) to glucuronate ratio；严格按 reportedTrait 中 'to' 分割：in=Bilirubin (Z,Z), out=glucuronate；in/out 分属不同已知Subpathway","glucuronate/bilirubin (z,z)","bilirubin (z,z)/glucuronate"
M_1070,GCST90199654,GCST90200680,Paraxanthine,5-acetylamino-6-formylamino-3-methyluracil,碱基支路,Nucleobase Branch,核苷酸-辅因子/维生素-外源物代谢,中,GCST90201020,-1.0,5-acetylamino-6-formylamino-3-methyluracil / Paraxanthine,Paraxanthine / 5-acetylamino-6-formylamino-3-methyluracil,5-acetylamino-6-formylamino-3-methyluracil / Paraxanthine,Paraxanthine / 5-acetylamino-6-formylamino-3-methyluracil,本行为由未匹配ratio直接生成的新模块：严格按 reportedTrait 中 'to' 分割，并去除末尾 ratio；to 前边=in，to 后边=out；因此 direction_sign=-1。,"来源reportedTrait=Paraxanthine to 5-acetylamino-6-formylamino-3-methyluracil ratio；严格按 reportedTrait 中 'to' 分割：in=Paraxanthine, out=5-acetylamino-6-formylamino-3-methyluracil；in/out 命中相同Subpathway",5-acetylamino-6-formylamino-3-methyluracil/paraxanthine,paraxanthine/5-acetylamino-6-formylamino-3-methyluracil
M_1071,GCST90200423,GCST90200359,Spermidine,5-methylthioadenosine (MTA),跨支路ratio模块,Cross-branch Ratio Module,跨通路ratio模块,低,GCST90200712,-1.0,5-methylthioadenosine (MTA) / Spermidine,Spermidine / 5-methylthioadenosine (MTA),5-methylthioadenosine (MTA) / Spermidine,Spermidine / 5-methylthioadenosine (MTA),本行为由未匹配ratio直接生成的新模块：严格按 reportedTrait 中 'to' 分割，并去除末尾 ratio；to 前边=in，to 后边=out；因此 direction_sign=-1。,"来源reportedTrait=Spermidine to 5-methylthioadenosine (MTA) ratio；严格按 reportedTrait 中 'to' 分割：in=Spermidine, out=5-methylthioadenosine (MTA)；in/out 分属不同已知Subpathway",5-methylthioadenosine (mta)/spermidine,spermidine/5-methylthioadenosine (mta)
M_1072,GCST90200423,GCST90200404,Spermidine,ornithine,肌酸/多胺支路,Creatine/Polyamine Branch,尿素循环-精氨酸/脯氨酸/肌酸/多胺代谢,中,GCST90200713,-1.0,ornithine / Spermidine,Spermidine / ornithine,ornithine / Spermidine,Spermidine / ornithine,本行为由未匹配ratio直接生成的新模块：严格按 reportedTrait 中 'to' 分割，并去除末尾 ratio；to 前边=in，to 后边=out；因此 direction_sign=-1。,"来源reportedTrait=Spermidine to ornithine ratio；严格按 reportedTrait 中 'to' 分割：in=Spermidine, out=ornithine；in/out 命中相同Subpathway",ornithine/spermidine,spermidine/ornithine
M_1073,GCST90200455,GCST90200438,Alpha-ketoglutarate,alpha-ketobutyrate,跨支路ratio模块,Cross-branch Ratio Module,跨通路ratio模块,低,GCST90200714,-1.0,alpha-ketobutyrate / Alpha-ketoglutarate,Alpha-ketoglutarate / alpha-ketobutyrate,alpha-ketobutyrate / Alpha-ketoglutarate,Alpha-ketoglutarate / alpha-ketobutyrate,本行为由未匹配ratio直接生成的新模块：严格按 reportedTrait 中 'to' 分割，并去除末尾 ratio；to 前边=in，to 后边=out；因此 direction_sign=-1。,"来源reportedTrait=Alpha-ketoglutarate to alpha-ketobutyrate ratio；严格按 reportedTrait 中 'to' 分割：in=Alpha-ketoglutarate, out=alpha-ketobutyrate；in/out 分属不同已知Subpathway",alpha-ketobutyrate/alpha-ketoglutarate,alpha-ketoglutarate/alpha-ketobutyrate
M_1074,GCST90200355,GCST90200281,Adenosine 5'-diphosphate (ADP),phosphoethanolamine,跨支路ratio模块,Cross-branch Ratio Module,跨通路ratio模块,低,GCST90200716,-1.0,phosphoethanolamine / Adenosine 5'-diphosphate (ADP),Adenosine 5'-diphosphate (ADP) / phosphoethanolamine,phosphoethanolamine / Adenosine 5'-diphosphate (ADP),Adenosine 5'-diphosphate (ADP) / phosphoethanolamine,本行为由未匹配ratio直接生成的新模块：严格按 reportedTrait 中 'to' 分割，并去除末尾 ratio；to 前边=in，to 后边=out；因此 direction_sign=-1。,"来源reportedTrait=Adenosine 5'-diphosphate (ADP) to phosphoethanolamine ratio；严格按 reportedTrait 中 'to' 分割：in=Adenosine 5'-diphosphate (ADP), out=phosphoethanolamine；in/out 分属不同已知Subpathway",phosphoethanolamine/adenosine 5'-diphosphate (adp),adenosine 5'-diphosphate (adp)/phosphoethanolamine
M_1075,GCST90200329,GCST90200355,3-phosphoglycerate,adenosine 5'-diphosphate (ADP),跨支路ratio模块,Cross-branch Ratio Module,跨通路ratio模块,低,GCST90200717,-1.0,adenosine 5'-diphosphate (ADP) / 3-phosphoglycerate,3-phosphoglycerate / adenosine 5'-diphosphate (ADP),adenosine 5'-diphosphate (ADP) / 3-phosphoglycerate,3-phosphoglycerate / adenosine 5'-diphosphate (ADP),本行为由未匹配ratio直接生成的新模块：严格按 reportedTrait 中 'to' 分割，并去除末尾 ratio；to 前边=in，to 后边=out；因此 direction_sign=-1。,"来源reportedTrait=3-phosphoglycerate to adenosine 5'-diphosphate (ADP) ratio；严格按 reportedTrait 中 'to' 分割：in=3-phosphoglycerate, out=adenosine 5'-diphosphate (ADP)；in/out 分属不同已知Subpathway",adenosine 5'-diphosphate (adp)/3-phosphoglycerate,3-phosphoglycerate/adenosine 5'-diphosphate (adp)
M_1076,GCST90200355,GCST90200279,Adenosine 5'-diphosphate (ADP),pantothenate,跨支路ratio模块,Cross-branch Ratio Module,跨通路ratio模块,低,GCST90200720,-1.0,pantothenate / Adenosine 5'-diphosphate (ADP),Adenosine 5'-diphosphate (ADP) / pantothenate,pantothenate / Adenosine 5'-diphosphate (ADP),Adenosine 5'-diphosphate (ADP) / pantothenate,本行为由未匹配ratio直接生成的新模块：严格按 reportedTrait 中 'to' 分割，并去除末尾 ratio；to 前边=in，to 后边=out；因此 direction_sign=-1。,"来源reportedTrait=Adenosine 5'-diphosphate (ADP) to pantothenate ratio；严格按 reportedTrait 中 'to' 分割：in=Adenosine 5'-diphosphate (ADP), out=pantothenate；in/out 分属不同已知Subpathway",pantothenate/adenosine 5'-diphosphate (adp),adenosine 5'-diphosphate (adp)/pantothenate
M_1077,GCST90200355,GCST90200393,Adenosine 5'-diphosphate (ADP),phosphate,跨支路ratio模块,Cross-branch Ratio Module,跨通路ratio模块,低,GCST90200721,-1.0,phosphate / Adenosine 5'-diphosphate (ADP),Adenosine 5'-diphosphate (ADP) / phosphate,phosphate / Adenosine 5'-diphosphate (ADP),Adenosine 5'-diphosphate (ADP) / phosphate,本行为由未匹配ratio直接生成的新模块：严格按 reportedTrait 中 'to' 分割，并去除末尾 ratio；to 前边=in，to 后边=out；因此 direction_sign=-1。,"来源reportedTrait=Adenosine 5'-diphosphate (ADP) to phosphate ratio；严格按 reportedTrait 中 'to' 分割：in=Adenosine 5'-diphosphate (ADP), out=phosphate；in/out 分属不同已知Subpathway",phosphate/adenosine 5'-diphosphate (adp),adenosine 5'-diphosphate (adp)/phosphate
M_1078,GCST90200345,GCST90200389,S-adenosylhomocysteine (SAH),leucine,跨支路ratio模块,Cross-branch Ratio Module,跨通路ratio模块,低,GCST90200722,-1.0,leucine / S-adenosylhomocysteine (SAH),S-adenosylhomocysteine (SAH) / leucine,leucine / S-adenosylhomocysteine (SAH),S-adenosylhomocysteine (SAH) / leucine,本行为由未匹配ratio直接生成的新模块：严格按 reportedTrait 中 'to' 分割，并去除末尾 ratio；to 前边=in，to 后边=out；因此 direction_sign=-1。,"来源reportedTrait=S-adenosylhomocysteine (SAH) to leucine ratio；严格按 reportedTrait 中 'to' 分割：in=S-adenosylhomocysteine (SAH), out=leucine；in/out 分属不同已知Subpathway",leucine/s-adenosylhomocysteine (sah),s-adenosylhomocysteine (sah)/leucine
M_1079,GCST90200345,GCST90199783,S-adenosylhomocysteine (SAH),5-methyluridine (ribothymidine),跨支路ratio模块,Cross-branch Ratio Module,跨通路ratio模块,低,GCST90200723,-1.0,5-methyluridine (ribothymidine) / S-adenosylhomocysteine (SAH),S-adenosylhomocysteine (SAH) / 5-methyluridine (ribothymidine),5-methyluridine (ribothymidine) / S-adenosylhomocysteine (SAH),S-adenosylhomocysteine (SAH) / 5-methyluridine (ribothymidine),本行为由未匹配ratio直接生成的新模块：严格按 reportedTrait 中 'to' 分割，并去除末尾 ratio；to 前边=in，to 后边=out；因此 direction_sign=-1。,"来源reportedTrait=S-adenosylhomocysteine (SAH) to 5-methyluridine (ribothymidine) ratio；严格按 reportedTrait 中 'to' 分割：in=S-adenosylhomocysteine (SAH), out=5-methyluridine (ribothymidine)；in/out 分属不同已知Subpathway",5-methyluridine (ribothymidine)/s-adenosylhomocysteine (sah),s-adenosylhomocysteine (sah)/5-methyluridine (ribothymidine)
M_1080,GCST90200356,GCST90200415,Adenosine 5'-monophosphate (AMP),serine,跨支路ratio模块,Cross-branch Ratio Module,跨通路ratio模块,低,GCST90200860,-1.0,serine / Adenosine 5'-monophosphate (AMP),Adenosine 5'-monophosphate (AMP) / serine,serine / Adenosine 5'-monophosphate (AMP),Adenosine 5'-monophosphate (AMP) / serine,本行为由未匹配ratio直接生成的新模块：严格按 reportedTrait 中 'to' 分割，并去除末尾 ratio；to 前边=in，to 后边=out；因此 direction_sign=-1。,"来源reportedTrait=Adenosine 5'-monophosphate (AMP) to serine ratio；严格按 reportedTrait 中 'to' 分割：in=Adenosine 5'-monophosphate (AMP), out=serine；in/out 分属不同已知Subpathway",serine/adenosine 5'-monophosphate (amp),adenosine 5'-monophosphate (amp)/serine
M_1081,GCST90200377,GCST90200393,Histidine,phosphate,跨支路ratio模块,Cross-branch Ratio Module,跨通路ratio模块,低,GCST90200861,-1.0,phosphate / Histidine,Histidine / phosphate,phosphate / Histidine,Histidine / phosphate,本行为由未匹配ratio直接生成的新模块：严格按 reportedTrait 中 'to' 分割，并去除末尾 ratio；to 前边=in，to 后边=out；因此 direction_sign=-1。,"来源reportedTrait=Histidine to phosphate ratio；严格按 reportedTrait 中 'to' 分割：in=Histidine, out=phosphate；in/out 分属不同已知Subpathway",phosphate/histidine,histidine/phosphate
M_1082,GCST90200356,GCST90200391,Adenosine 5'-monophosphate (AMP),methionine,跨支路ratio模块,Cross-branch Ratio Module,跨通路ratio模块,低,GCST90200862,-1.0,methionine / Adenosine 5'-monophosphate (AMP),Adenosine 5'-monophosphate (AMP) / methionine,methionine / Adenosine 5'-monophosphate (AMP),Adenosine 5'-monophosphate (AMP) / methionine,本行为由未匹配ratio直接生成的新模块：严格按 reportedTrait 中 'to' 分割，并去除末尾 ratio；to 前边=in，to 后边=out；因此 direction_sign=-1。,"来源reportedTrait=Adenosine 5'-monophosphate (AMP) to methionine ratio；严格按 reportedTrait 中 'to' 分割：in=Adenosine 5'-monophosphate (AMP), out=methionine；in/out 分属不同已知Subpathway",methionine/adenosine 5'-monophosphate (amp),adenosine 5'-monophosphate (amp)/methionine
M_1083,GCST90200393,GCST90200415,Phosphate,serine,跨支路ratio模块,Cross-branch Ratio Module,跨通路ratio模块,低,GCST90200863,-1.0,serine / Phosphate,Phosphate / serine,serine / Phosphate,Phosphate / serine,本行为由未匹配ratio直接生成的新模块：严格按 reportedTrait 中 'to' 分割，并去除末尾 ratio；to 前边=in，to 后边=out；因此 direction_sign=-1。,"来源reportedTrait=Phosphate to serine ratio；严格按 reportedTrait 中 'to' 分割：in=Phosphate, out=serine；in/out 分属不同已知Subpathway",serine/phosphate,phosphate/serine
M_1084,GCST90200391,GCST90200393,Methionine,phosphate,跨支路ratio模块,Cross-branch Ratio Module,跨通路ratio模块,低,GCST90200864,-1.0,phosphate / Methionine,Methionine / phosphate,phosphate / Methionine,Methionine / phosphate,本行为由未匹配ratio直接生成的新模块：严格按 reportedTrait 中 'to' 分割，并去除末尾 ratio；to 前边=in，to 后边=out；因此 direction_sign=-1。,"来源reportedTrait=Methionine to phosphate ratio；严格按 reportedTrait 中 'to' 分割：in=Methionine, out=phosphate；in/out 分属不同已知Subpathway",phosphate/methionine,methionine/phosphate
M_1085,GCST90200356,GCST90200377,Adenosine 5'-monophosphate (AMP),histidine,跨支路ratio模块,Cross-branch Ratio Module,跨通路ratio模块,低,GCST90200865,-1.0,histidine / Adenosine 5'-monophosphate (AMP),Adenosine 5'-monophosphate (AMP) / histidine,histidine / Adenosine 5'-monophosphate (AMP),Adenosine 5'-monophosphate (AMP) / histidine,本行为由未匹配ratio直接生成的新模块：严格按 reportedTrait 中 'to' 分割，并去除末尾 ratio；to 前边=in，to 后边=out；因此 direction_sign=-1。,"来源reportedTrait=Adenosine 5'-monophosphate (AMP) to histidine ratio；严格按 reportedTrait 中 'to' 分割：in=Adenosine 5'-monophosphate (AMP), out=histidine；in/out 分属不同已知Subpathway",histidine/adenosine 5'-monophosphate (amp),adenosine 5'-monophosphate (amp)/histidine
M_1086,GCST90200393,GCST90200452,phosphate,asparagine,跨支路ratio模块,Cross-branch Ratio Module,跨通路ratio模块,低,GCST90200866,-1.0,asparagine / phosphate,phosphate / asparagine,asparagine / phosphate,phosphate / asparagine,本行为由未匹配ratio直接生成的新模块：严格按 reportedTrait 中 'to' 分割，并去除末尾 ratio；to 前边=in，to 后边=out；因此 direction_sign=-1。,"来源reportedTrait=phosphate to asparagine ratio；严格按 reportedTrait 中 'to' 分割：in=phosphate, out=asparagine；in/out 分属不同已知Subpathway",asparagine/phosphate,phosphate/asparagine
M_1087,GCST90200356,GCST90200399,Adenosine 5'-monophosphate (AMP),isoleucine,跨支路ratio模块,Cross-branch Ratio Module,跨通路ratio模块,低,GCST90200867,-1.0,isoleucine / Adenosine 5'-monophosphate (AMP),Adenosine 5'-monophosphate (AMP) / isoleucine,isoleucine / Adenosine 5'-monophosphate (AMP),Adenosine 5'-monophosphate (AMP) / isoleucine,本行为由未匹配ratio直接生成的新模块：严格按 reportedTrait 中 'to' 分割，并去除末尾 ratio；to 前边=in，to 后边=out；因此 direction_sign=-1。,"来源reportedTrait=Adenosine 5'-monophosphate (AMP) to isoleucine ratio；严格按 reportedTrait 中 'to' 分割：in=Adenosine 5'-monophosphate (AMP), out=isoleucine；in/out 分属不同已知Subpathway",isoleucine/adenosine 5'-monophosphate (amp),adenosine 5'-monophosphate (amp)/isoleucine
M_1088,GCST90200399,GCST90200393,Isoleucine,phosphate,跨支路ratio模块,Cross-branch Ratio Module,跨通路ratio模块,低,GCST90200868,-1.0,phosphate / Isoleucine,Isoleucine / phosphate,phosphate / Isoleucine,Isoleucine / phosphate,本行为由未匹配ratio直接生成的新模块：严格按 reportedTrait 中 'to' 分割，并去除末尾 ratio；to 前边=in，to 后边=out；因此 direction_sign=-1。,"来源reportedTrait=Isoleucine to phosphate ratio；严格按 reportedTrait 中 'to' 分割：in=Isoleucine, out=phosphate；in/out 分属不同已知Subpathway",phosphate/isoleucine,isoleucine/phosphate
M_1089,GCST90200356,GCST90200442,Adenosine 5'-monophosphate (AMP),valine,跨支路ratio模块,Cross-branch Ratio Module,跨通路ratio模块,低,GCST90200869,-1.0,valine / Adenosine 5'-monophosphate (AMP),Adenosine 5'-monophosphate (AMP) / valine,valine / Adenosine 5'-monophosphate (AMP),Adenosine 5'-monophosphate (AMP) / valine,本行为由未匹配ratio直接生成的新模块：严格按 reportedTrait 中 'to' 分割，并去除末尾 ratio；to 前边=in，to 后边=out；因此 direction_sign=-1。,"来源reportedTrait=Adenosine 5'-monophosphate (AMP) to valine ratio；严格按 reportedTrait 中 'to' 分割：in=Adenosine 5'-monophosphate (AMP), out=valine；in/out 分属不同已知Subpathway",valine/adenosine 5'-monophosphate (amp),adenosine 5'-monophosphate (amp)/valine
M_1090,GCST90200356,GCST90200318,Adenosine 5'-monophosphate (AMP),acetoacetate,跨支路ratio模块,Cross-branch Ratio Module,跨通路ratio模块,低,GCST90200870,-1.0,acetoacetate / Adenosine 5'-monophosphate (AMP),Adenosine 5'-monophosphate (AMP) / acetoacetate,acetoacetate / Adenosine 5'-monophosphate (AMP),Adenosine 5'-monophosphate (AMP) / acetoacetate,本行为由未匹配ratio直接生成的新模块：严格按 reportedTrait 中 'to' 分割，并去除末尾 ratio；to 前边=in，to 后边=out；因此 direction_sign=-1。,"来源reportedTrait=Adenosine 5'-monophosphate (AMP) to acetoacetate ratio；严格按 reportedTrait 中 'to' 分割：in=Adenosine 5'-monophosphate (AMP), out=acetoacetate；in/out 分属不同已知Subpathway",acetoacetate/adenosine 5'-monophosphate (amp),adenosine 5'-monophosphate (amp)/acetoacetate
M_1091,GCST90200356,GCST90200439,Adenosine 5'-monophosphate (AMP),cysteine,跨支路ratio模块,Cross-branch Ratio Module,跨通路ratio模块,低,GCST90200871,-1.0,cysteine / Adenosine 5'-monophosphate (AMP),Adenosine 5'-monophosphate (AMP) / cysteine,cysteine / Adenosine 5'-monophosphate (AMP),Adenosine 5'-monophosphate (AMP) / cysteine,本行为由未匹配ratio直接生成的新模块：严格按 reportedTrait 中 'to' 分割，并去除末尾 ratio；to 前边=in，to 后边=out；因此 direction_sign=-1。,"来源reportedTrait=Adenosine 5'-monophosphate (AMP) to cysteine ratio；严格按 reportedTrait 中 'to' 分割：in=Adenosine 5'-monophosphate (AMP), out=cysteine；in/out 分属不同已知Subpathway",cysteine/adenosine 5'-monophosphate (amp),adenosine 5'-monophosphate (amp)/cysteine
M_1092,GCST90200393,GCST90200439,Phosphate,cysteine,跨支路ratio模块,Cross-branch Ratio Module,跨通路ratio模块,低,GCST90200872,-1.0,cysteine / Phosphate,Phosphate / cysteine,cysteine / Phosphate,Phosphate / cysteine,本行为由未匹配ratio直接生成的新模块：严格按 reportedTrait 中 'to' 分割，并去除末尾 ratio；to 前边=in，to 后边=out；因此 direction_sign=-1。,"来源reportedTrait=Phosphate to cysteine ratio；严格按 reportedTrait 中 'to' 分割：in=Phosphate, out=cysteine；in/out 分属不同已知Subpathway",cysteine/phosphate,phosphate/cysteine
M_1093,GCST90200378,GCST90199870,Cortisol,4-cholesten-3-one,类固醇前体/激素支路,Steroid Precursor/Hormone Branch,类固醇-胆汁酸-葡萄糖醛酸化代谢,中,GCST90200873,-1.0,4-cholesten-3-one / Cortisol,Cortisol / 4-cholesten-3-one,4-cholesten-3-one / Cortisol,Cortisol / 4-cholesten-3-one,本行为由未匹配ratio直接生成的新模块：严格按 reportedTrait 中 'to' 分割，并去除末尾 ratio；to 前边=in，to 后边=out；因此 direction_sign=-1。,"来源reportedTrait=Cortisol to 4-cholesten-3-one ratio；严格按 reportedTrait 中 'to' 分割：in=Cortisol, out=4-cholesten-3-one；in/out 命中相同Subpathway",4-cholesten-3-one/cortisol,cortisol/4-cholesten-3-one
M_1094,GCST90200364,GCST90200420,Cysteinylglycine,taurine,跨支路ratio模块,Cross-branch Ratio Module,跨通路ratio模块,低,GCST90200874,-1.0,taurine / Cysteinylglycine,Cysteinylglycine / taurine,taurine / Cysteinylglycine,Cysteinylglycine / taurine,本行为由未匹配ratio直接生成的新模块：严格按 reportedTrait 中 'to' 分割，并去除末尾 ratio；to 前边=in，to 后边=out；因此 direction_sign=-1。,"来源reportedTrait=Cysteinylglycine to taurine ratio；严格按 reportedTrait 中 'to' 分割：in=Cysteinylglycine, out=taurine；in/out 分属不同已知Subpathway",taurine/cysteinylglycine,cysteinylglycine/taurine
M_1095,GCST90200364,GCST90200412,Cysteinylglycine,glutamate,跨支路ratio模块,Cross-branch Ratio Module,跨通路ratio模块,低,GCST90200875,-1.0,glutamate / Cysteinylglycine,Cysteinylglycine / glutamate,glutamate / Cysteinylglycine,Cysteinylglycine / glutamate,本行为由未匹配ratio直接生成的新模块：严格按 reportedTrait 中 'to' 分割，并去除末尾 ratio；to 前边=in，to 后边=out；因此 direction_sign=-1。,"来源reportedTrait=Cysteinylglycine to glutamate ratio；严格按 reportedTrait 中 'to' 分割：in=Cysteinylglycine, out=glutamate；in/out 分属不同已知Subpathway",glutamate/cysteinylglycine,cysteinylglycine/glutamate
M_1096,GCST90200360,GCST90199870,Cortisone,4-cholesten-3-one,类固醇前体/激素支路,Steroid Precursor/Hormone Branch,类固醇-胆汁酸-葡萄糖醛酸化代谢,中,GCST90200876,-1.0,4-cholesten-3-one / Cortisone,Cortisone / 4-cholesten-3-one,4-cholesten-3-one / Cortisone,Cortisone / 4-cholesten-3-one,本行为由未匹配ratio直接生成的新模块：严格按 reportedTrait 中 'to' 分割，并去除末尾 ratio；to 前边=in，to 后边=out；因此 direction_sign=-1。,"来源reportedTrait=Cortisone to 4-cholesten-3-one ratio；严格按 reportedTrait 中 'to' 分割：in=Cortisone, out=4-cholesten-3-one；in/out 命中相同Subpathway",4-cholesten-3-one/cortisone,cortisone/4-cholesten-3-one
M_1097,GCST90200420,GCST90200412,Taurine,glutamate,跨支路ratio模块,Cross-branch Ratio Module,跨通路ratio模块,低,GCST90200877,-1.0,glutamate / Taurine,Taurine / glutamate,glutamate / Taurine,Taurine / glutamate,本行为由未匹配ratio直接生成的新模块：严格按 reportedTrait 中 'to' 分割，并去除末尾 ratio；to 前边=in，to 后边=out；因此 direction_sign=-1。,"来源reportedTrait=Taurine to glutamate ratio；严格按 reportedTrait 中 'to' 分割：in=Taurine, out=glutamate；in/out 分属不同已知Subpathway",glutamate/taurine,taurine/glutamate
M_1098,GCST90200380,GCST90200445,Glutarate (C5-DC),caprylate (8:0),跨支路ratio模块,Cross-branch Ratio Module,跨通路ratio模块,低,GCST90200878,-1.0,caprylate (8:0) / Glutarate (C5-DC),Glutarate (C5-DC) / caprylate (8:0),caprylate (8:0) / Glutarate (C5-DC),Glutarate (C5-DC) / caprylate (8:0),本行为由未匹配ratio直接生成的新模块：严格按 reportedTrait 中 'to' 分割，并去除末尾 ratio；to 前边=in，to 后边=out；因此 direction_sign=-1。,"来源reportedTrait=Glutarate (C5-DC) to caprylate (8:0) ratio；严格按 reportedTrait 中 'to' 分割：in=Glutarate (C5-DC), out=caprylate (8:0)；in/out 分属不同已知Subpathway",caprylate (8:0)/glutarate (c5-dc),glutarate (c5-dc)/caprylate (8:0)
M_1099,GCST90200356,GCST90200412,Adenosine 5'-monophosphate (AMP),glutamate,跨支路ratio模块,Cross-branch Ratio Module,跨通路ratio模块,低,GCST90200879,-1.0,glutamate / Adenosine 5'-monophosphate (AMP),Adenosine 5'-monophosphate (AMP) / glutamate,glutamate / Adenosine 5'-monophosphate (AMP),Adenosine 5'-monophosphate (AMP) / glutamate,本行为由未匹配ratio直接生成的新模块：严格按 reportedTrait 中 'to' 分割，并去除末尾 ratio；to 前边=in，to 后边=out；因此 direction_sign=-1。,"来源reportedTrait=Adenosine 5'-monophosphate (AMP) to glutamate ratio；严格按 reportedTrait 中 'to' 分割：in=Adenosine 5'-monophosphate (AMP), out=glutamate；in/out 分属不同已知Subpathway",glutamate/adenosine 5'-monophosphate (amp),adenosine 5'-monophosphate (amp)/glutamate
M_1100,GCST90200380,GCST90200421,Glutarate (C5-DC),salicylate,跨支路ratio模块,Cross-branch Ratio Module,跨通路ratio模块,低,GCST90200880,-1.0,salicylate / Glutarate (C5-DC),Glutarate (C5-DC) / salicylate,salicylate / Glutarate (C5-DC),Glutarate (C5-DC) / salicylate,本行为由未匹配ratio直接生成的新模块：严格按 reportedTrait 中 'to' 分割，并去除末尾 ratio；to 前边=in，to 后边=out；因此 direction_sign=-1。,"来源reportedTrait=Glutarate (C5-DC) to salicylate ratio；严格按 reportedTrait 中 'to' 分割：in=Glutarate (C5-DC), out=salicylate；in/out 分属不同已知Subpathway",salicylate/glutarate (c5-dc),glutarate (c5-dc)/salicylate
M_1101,GCST90200370,,Aspartate,N-acetylglucosamine to N-acetylgalactosamine,跨支路ratio模块,Cross-branch Ratio Module,跨通路ratio模块,低,GCST90200881,-1.0,N-acetylglucosamine to N-acetylgalactosamine / Aspartate,Aspartate / N-acetylglucosamine to N-acetylgalactosamine,N-acetylglucosamine to N-acetylgalactosamine / Aspartate,Aspartate / N-acetylglucosamine to N-acetylgalactosamine,本行为由未匹配ratio直接生成的新模块：严格按 reportedTrait 中 'to' 分割，并去除末尾 ratio；to 前边=in，to 后边=out；因此 direction_sign=-1。,"来源reportedTrait=Aspartate to N-acetylglucosamine to N-acetylgalactosamine ratio；严格按 reportedTrait 中 'to' 分割：in=Aspartate, out=N-acetylglucosamine to N-acetylgalactosamine；in/out 分属不同已知Subpathway",n-acetylglucosamine to n-acetylgalactosamine/aspartate,aspartate/n-acetylglucosamine to n-acetylgalactosamine
M_1102,GCST90200370,GCST90200435,Aspartate,mannose,跨支路ratio模块,Cross-branch Ratio Module,跨通路ratio模块,低,GCST90200882,-1.0,mannose / Aspartate,Aspartate / mannose,mannose / Aspartate,Aspartate / mannose,本行为由未匹配ratio直接生成的新模块：严格按 reportedTrait 中 'to' 分割，并去除末尾 ratio；to 前边=in，to 后边=out；因此 direction_sign=-1。,"来源reportedTrait=Aspartate to mannose ratio；严格按 reportedTrait 中 'to' 分割：in=Aspartate, out=mannose；in/out 分属不同已知Subpathway",mannose/aspartate,aspartate/mannose
M_1103,GCST90200355,GCST90200325,Adenosine 5'-diphosphate (ADP),glycerol,跨支路ratio模块,Cross-branch Ratio Module,跨通路ratio模块,低,GCST90200835,-1.0,glycerol / Adenosine 5'-diphosphate (ADP),Adenosine 5'-diphosphate (ADP) / glycerol,glycerol / Adenosine 5'-diphosphate (ADP),Adenosine 5'-diphosphate (ADP) / glycerol,本行为由未匹配ratio直接生成的新模块：严格按 reportedTrait 中 'to' 分割，并去除末尾 ratio；to 前边=in，to 后边=out；因此 direction_sign=-1。,"来源reportedTrait=Adenosine 5'-diphosphate (ADP) to glycerol ratio；严格按 reportedTrait 中 'to' 分割：in=Adenosine 5'-diphosphate (ADP), out=glycerol；in/out 分属不同已知Subpathway",glycerol/adenosine 5'-diphosphate (adp),adenosine 5'-diphosphate (adp)/glycerol
M_1104,GCST90200355,GCST90200412,Adenosine 5'-diphosphate (ADP),glutamate,跨支路ratio模块,Cross-branch Ratio Module,跨通路ratio模块,低,GCST90200837,-1.0,glutamate / Adenosine 5'-diphosphate (ADP),Adenosine 5'-diphosphate (ADP) / glutamate,glutamate / Adenosine 5'-diphosphate (ADP),Adenosine 5'-diphosphate (ADP) / glutamate,本行为由未匹配ratio直接生成的新模块：严格按 reportedTrait 中 'to' 分割，并去除末尾 ratio；to 前边=in，to 后边=out；因此 direction_sign=-1。,"来源reportedTrait=Adenosine 5'-diphosphate (ADP) to glutamate ratio；严格按 reportedTrait 中 'to' 分割：in=Adenosine 5'-diphosphate (ADP), out=glutamate；in/out 分属不同已知Subpathway",glutamate/adenosine 5'-diphosphate (adp),adenosine 5'-diphosphate (adp)/glutamate
M_1105,GCST90200393,GCST90200412,Phosphate,glutamate,其他/待定,Other/Undetermined,核苷酸-辅因子/维生素-外源物代谢,中,GCST90200838,-1.0,glutamate / Phosphate,Phosphate / glutamate,glutamate / Phosphate,Phosphate / glutamate,本行为由未匹配ratio直接生成的新模块：严格按 reportedTrait 中 'to' 分割，并去除末尾 ratio；to 前边=in，to 后边=out；因此 direction_sign=-1。,"来源reportedTrait=Phosphate to glutamate ratio；严格按 reportedTrait 中 'to' 分割：in=Phosphate, out=glutamate；in/out 命中相同Subpathway",glutamate/phosphate,phosphate/glutamate
M_1106,GCST90200355,GCST90200370,Adenosine 5'-diphosphate (ADP),aspartate,跨支路ratio模块,Cross-branch Ratio Module,跨通路ratio模块,低,GCST90200839,-1.0,aspartate / Adenosine 5'-diphosphate (ADP),Adenosine 5'-diphosphate (ADP) / aspartate,aspartate / Adenosine 5'-diphosphate (ADP),Adenosine 5'-diphosphate (ADP) / aspartate,本行为由未匹配ratio直接生成的新模块：严格按 reportedTrait 中 'to' 分割，并去除末尾 ratio；to 前边=in，to 后边=out；因此 direction_sign=-1。,"来源reportedTrait=Adenosine 5'-diphosphate (ADP) to aspartate ratio；严格按 reportedTrait 中 'to' 分割：in=Adenosine 5'-diphosphate (ADP), out=aspartate；in/out 分属不同已知Subpathway",aspartate/adenosine 5'-diphosphate (adp),adenosine 5'-diphosphate (adp)/aspartate
M_1107,GCST90200355,GCST90200376,Adenosine 5'-diphosphate (ADP),flavin adenine dinucleotide (FAD),跨支路ratio模块,Cross-branch Ratio Module,跨通路ratio模块,低,GCST90200840,-1.0,flavin adenine dinucleotide (FAD) / Adenosine 5'-diphosphate (ADP),Adenosine 5'-diphosphate (ADP) / flavin adenine dinucleotide (FAD),flavin adenine dinucleotide (FAD) / Adenosine 5'-diphosphate (ADP),Adenosine 5'-diphosphate (ADP) / flavin adenine dinucleotide (FAD),本行为由未匹配ratio直接生成的新模块：严格按 reportedTrait 中 'to' 分割，并去除末尾 ratio；to 前边=in，to 后边=out；因此 direction_sign=-1。,"来源reportedTrait=Adenosine 5'-diphosphate (ADP) to flavin adenine dinucleotide (FAD) ratio；严格按 reportedTrait 中 'to' 分割：in=Adenosine 5'-diphosphate (ADP), out=flavin adenine dinucleotide (FAD)；in/out 分属不同已知Subpathway",flavin adenine dinucleotide (fad)/adenosine 5'-diphosphate (adp),adenosine 5'-diphosphate (adp)/flavin adenine dinucleotide (fad)
M_1108,GCST90200355,GCST90199672,Adenosine 5'-diphosphate (ADP),oxalate (ethanedioate),跨支路ratio模块,Cross-branch Ratio Module,跨通路ratio模块,低,GCST90200841,-1.0,oxalate (ethanedioate) / Adenosine 5'-diphosphate (ADP),Adenosine 5'-diphosphate (ADP) / oxalate (ethanedioate),oxalate (ethanedioate) / Adenosine 5'-diphosphate (ADP),Adenosine 5'-diphosphate (ADP) / oxalate (ethanedioate),本行为由未匹配ratio直接生成的新模块：严格按 reportedTrait 中 'to' 分割，并去除末尾 ratio；to 前边=in，to 后边=out；因此 direction_sign=-1。,"来源reportedTrait=Adenosine 5'-diphosphate (ADP) to oxalate (ethanedioate) ratio；严格按 reportedTrait 中 'to' 分割：in=Adenosine 5'-diphosphate (ADP), out=oxalate (ethanedioate)；in/out 分属不同已知Subpathway",oxalate (ethanedioate)/adenosine 5'-diphosphate (adp),adenosine 5'-diphosphate (adp)/oxalate (ethanedioate)
M_1109,GCST90200304,GCST90199672,Citrate,oxalate (ethanedioate),跨支路ratio模块,Cross-branch Ratio Module,跨通路ratio模块,低,GCST90200842,-1.0,oxalate (ethanedioate) / Citrate,Citrate / oxalate (ethanedioate),oxalate (ethanedioate) / Citrate,Citrate / oxalate (ethanedioate),本行为由未匹配ratio直接生成的新模块：严格按 reportedTrait 中 'to' 分割，并去除末尾 ratio；to 前边=in，to 后边=out；因此 direction_sign=-1。,"来源reportedTrait=Citrate to oxalate (ethanedioate) ratio；严格按 reportedTrait 中 'to' 分割：in=Citrate, out=oxalate (ethanedioate)；in/out 分属不同已知Subpathway",oxalate (ethanedioate)/citrate,citrate/oxalate (ethanedioate)
M_1110,GCST90200356,GCST90200376,Adenosine 5'-monophosphate (AMP),flavin adenine dinucleotide (FAD),跨支路ratio模块,Cross-branch Ratio Module,跨通路ratio模块,低,GCST90200843,-1.0,flavin adenine dinucleotide (FAD) / Adenosine 5'-monophosphate (AMP),Adenosine 5'-monophosphate (AMP) / flavin adenine dinucleotide (FAD),flavin adenine dinucleotide (FAD) / Adenosine 5'-monophosphate (AMP),Adenosine 5'-monophosphate (AMP) / flavin adenine dinucleotide (FAD),本行为由未匹配ratio直接生成的新模块：严格按 reportedTrait 中 'to' 分割，并去除末尾 ratio；to 前边=in，to 后边=out；因此 direction_sign=-1。,"来源reportedTrait=Adenosine 5'-monophosphate (AMP) to flavin adenine dinucleotide (FAD) ratio；严格按 reportedTrait 中 'to' 分割：in=Adenosine 5'-monophosphate (AMP), out=flavin adenine dinucleotide (FAD)；in/out 分属不同已知Subpathway",flavin adenine dinucleotide (fad)/adenosine 5'-monophosphate (amp),adenosine 5'-monophosphate (amp)/flavin adenine dinucleotide (fad)
M_1111,GCST90200370,GCST90200393,Aspartate,phosphate,跨支路ratio模块,Cross-branch Ratio Module,跨通路ratio模块,低,GCST90200844,-1.0,phosphate / Aspartate,Aspartate / phosphate,phosphate / Aspartate,Aspartate / phosphate,本行为由未匹配ratio直接生成的新模块：严格按 reportedTrait 中 'to' 分割，并去除末尾 ratio；to 前边=in，to 后边=out；因此 direction_sign=-1。,"来源reportedTrait=Aspartate to phosphate ratio；严格按 reportedTrait 中 'to' 分割：in=Aspartate, out=phosphate；in/out 分属不同已知Subpathway",phosphate/aspartate,aspartate/phosphate
M_1112,GCST90200356,GCST90200304,Adenosine 5'-monophosphate (AMP),citrate,跨支路ratio模块,Cross-branch Ratio Module,跨通路ratio模块,低,GCST90200845,-1.0,citrate / Adenosine 5'-monophosphate (AMP),Adenosine 5'-monophosphate (AMP) / citrate,citrate / Adenosine 5'-monophosphate (AMP),Adenosine 5'-monophosphate (AMP) / citrate,本行为由未匹配ratio直接生成的新模块：严格按 reportedTrait 中 'to' 分割，并去除末尾 ratio；to 前边=in，to 后边=out；因此 direction_sign=-1。,"来源reportedTrait=Adenosine 5'-monophosphate (AMP) to citrate ratio；严格按 reportedTrait 中 'to' 分割：in=Adenosine 5'-monophosphate (AMP), out=citrate；in/out 分属不同已知Subpathway",citrate/adenosine 5'-monophosphate (amp),adenosine 5'-monophosphate (amp)/citrate
M_1113,GCST90200396,GCST90200393,Phenylalanine,phosphate,跨支路ratio模块,Cross-branch Ratio Module,跨通路ratio模块,低,GCST90200846,-1.0,phosphate / Phenylalanine,Phenylalanine / phosphate,phosphate / Phenylalanine,Phenylalanine / phosphate,本行为由未匹配ratio直接生成的新模块：严格按 reportedTrait 中 'to' 分割，并去除末尾 ratio；to 前边=in，to 后边=out；因此 direction_sign=-1。,"来源reportedTrait=Phenylalanine to phosphate ratio；严格按 reportedTrait 中 'to' 分割：in=Phenylalanine, out=phosphate；in/out 分属不同已知Subpathway",phosphate/phenylalanine,phenylalanine/phosphate
M_1114,GCST90200393,GCST90200441,Phosphate,tryptophan,跨支路ratio模块,Cross-branch Ratio Module,跨通路ratio模块,低,GCST90200847,-1.0,tryptophan / Phosphate,Phosphate / tryptophan,tryptophan / Phosphate,Phosphate / tryptophan,本行为由未匹配ratio直接生成的新模块：严格按 reportedTrait 中 'to' 分割，并去除末尾 ratio；to 前边=in，to 后边=out；因此 direction_sign=-1。,"来源reportedTrait=Phosphate to tryptophan ratio；严格按 reportedTrait 中 'to' 分割：in=Phosphate, out=tryptophan；in/out 分属不同已知Subpathway",tryptophan/phosphate,phosphate/tryptophan
M_1115,GCST90200356,GCST90200419,Adenosine 5'-monophosphate (AMP),glutamine,跨支路ratio模块,Cross-branch Ratio Module,跨通路ratio模块,低,GCST90200848,-1.0,glutamine / Adenosine 5'-monophosphate (AMP),Adenosine 5'-monophosphate (AMP) / glutamine,glutamine / Adenosine 5'-monophosphate (AMP),Adenosine 5'-monophosphate (AMP) / glutamine,本行为由未匹配ratio直接生成的新模块：严格按 reportedTrait 中 'to' 分割，并去除末尾 ratio；to 前边=in，to 后边=out；因此 direction_sign=-1。,"来源reportedTrait=Adenosine 5'-monophosphate (AMP) to glutamine ratio；严格按 reportedTrait 中 'to' 分割：in=Adenosine 5'-monophosphate (AMP), out=glutamine；in/out 分属不同已知Subpathway",glutamine/adenosine 5'-monophosphate (amp),adenosine 5'-monophosphate (amp)/glutamine
M_1116,GCST90200356,GCST90200432,Adenosine 5'-monophosphate (AMP),threonine,跨支路ratio模块,Cross-branch Ratio Module,跨通路ratio模块,低,GCST90200849,-1.0,threonine / Adenosine 5'-monophosphate (AMP),Adenosine 5'-monophosphate (AMP) / threonine,threonine / Adenosine 5'-monophosphate (AMP),Adenosine 5'-monophosphate (AMP) / threonine,本行为由未匹配ratio直接生成的新模块：严格按 reportedTrait 中 'to' 分割，并去除末尾 ratio；to 前边=in，to 后边=out；因此 direction_sign=-1。,"来源reportedTrait=Adenosine 5'-monophosphate (AMP) to threonine ratio；严格按 reportedTrait 中 'to' 分割：in=Adenosine 5'-monophosphate (AMP), out=threonine；in/out 分属不同已知Subpathway",threonine/adenosine 5'-monophosphate (amp),adenosine 5'-monophosphate (amp)/threonine
M_1117,GCST90200356,GCST90200441,Adenosine 5'-monophosphate (AMP),tryptophan,跨支路ratio模块,Cross-branch Ratio Module,跨通路ratio模块,低,GCST90200850,-1.0,tryptophan / Adenosine 5'-monophosphate (AMP),Adenosine 5'-monophosphate (AMP) / tryptophan,tryptophan / Adenosine 5'-monophosphate (AMP),Adenosine 5'-monophosphate (AMP) / tryptophan,本行为由未匹配ratio直接生成的新模块：严格按 reportedTrait 中 'to' 分割，并去除末尾 ratio；to 前边=in，to 后边=out；因此 direction_sign=-1。,"来源reportedTrait=Adenosine 5'-monophosphate (AMP) to tryptophan ratio；严格按 reportedTrait 中 'to' 分割：in=Adenosine 5'-monophosphate (AMP), out=tryptophan；in/out 分属不同已知Subpathway",tryptophan/adenosine 5'-monophosphate (amp),adenosine 5'-monophosphate (amp)/tryptophan
M_1118,GCST90200356,GCST90200707,Adenosine 5'-monophosphate (AMP),glycine,跨支路ratio模块,Cross-branch Ratio Module,跨通路ratio模块,低,GCST90200851,-1.0,glycine / Adenosine 5'-monophosphate (AMP),Adenosine 5'-monophosphate (AMP) / glycine,glycine / Adenosine 5'-monophosphate (AMP),Adenosine 5'-monophosphate (AMP) / glycine,本行为由未匹配ratio直接生成的新模块：严格按 reportedTrait 中 'to' 分割，并去除末尾 ratio；to 前边=in，to 后边=out；因此 direction_sign=-1。,"来源reportedTrait=Adenosine 5'-monophosphate (AMP) to glycine ratio；严格按 reportedTrait 中 'to' 分割：in=Adenosine 5'-monophosphate (AMP), out=glycine；in/out 分属不同已知Subpathway",glycine/adenosine 5'-monophosphate (amp),adenosine 5'-monophosphate (amp)/glycine
M_1119,GCST90200356,GCST90200372,Adenosine 5'-monophosphate (AMP),arginine,跨支路ratio模块,Cross-branch Ratio Module,跨通路ratio模块,低,GCST90200852,-1.0,arginine / Adenosine 5'-monophosphate (AMP),Adenosine 5'-monophosphate (AMP) / arginine,arginine / Adenosine 5'-monophosphate (AMP),Adenosine 5'-monophosphate (AMP) / arginine,本行为由未匹配ratio直接生成的新模块：严格按 reportedTrait 中 'to' 分割，并去除末尾 ratio；to 前边=in，to 后边=out；因此 direction_sign=-1。,"来源reportedTrait=Adenosine 5'-monophosphate (AMP) to arginine ratio；严格按 reportedTrait 中 'to' 分割：in=Adenosine 5'-monophosphate (AMP), out=arginine；in/out 分属不同已知Subpathway",arginine/adenosine 5'-monophosphate (amp),adenosine 5'-monophosphate (amp)/arginine
M_1120,GCST90200356,GCST90200427,Adenosine 5'-monophosphate (AMP),tyrosine,跨支路ratio模块,Cross-branch Ratio Module,跨通路ratio模块,低,GCST90200853,-1.0,tyrosine / Adenosine 5'-monophosphate (AMP),Adenosine 5'-monophosphate (AMP) / tyrosine,tyrosine / Adenosine 5'-monophosphate (AMP),Adenosine 5'-monophosphate (AMP) / tyrosine,本行为由未匹配ratio直接生成的新模块：严格按 reportedTrait 中 'to' 分割，并去除末尾 ratio；to 前边=in，to 后边=out；因此 direction_sign=-1。,"来源reportedTrait=Adenosine 5'-monophosphate (AMP) to tyrosine ratio；严格按 reportedTrait 中 'to' 分割：in=Adenosine 5'-monophosphate (AMP), out=tyrosine；in/out 分属不同已知Subpathway",tyrosine/adenosine 5'-monophosphate (amp),adenosine 5'-monophosphate (amp)/tyrosine
M_1121,GCST90200372,GCST90200393,Arginine,phosphate,跨支路ratio模块,Cross-branch Ratio Module,跨通路ratio模块,低,GCST90200854,-1.0,phosphate / Arginine,Arginine / phosphate,phosphate / Arginine,Arginine / phosphate,本行为由未匹配ratio直接生成的新模块：严格按 reportedTrait 中 'to' 分割，并去除末尾 ratio；to 前边=in，to 后边=out；因此 direction_sign=-1。,"来源reportedTrait=Arginine to phosphate ratio；严格按 reportedTrait 中 'to' 分割：in=Arginine, out=phosphate；in/out 分属不同已知Subpathway",phosphate/arginine,arginine/phosphate
M_1122,GCST90200393,GCST90200432,Phosphate,threonine,跨支路ratio模块,Cross-branch Ratio Module,跨通路ratio模块,低,GCST90200855,-1.0,threonine / Phosphate,Phosphate / threonine,threonine / Phosphate,Phosphate / threonine,本行为由未匹配ratio直接生成的新模块：严格按 reportedTrait 中 'to' 分割，并去除末尾 ratio；to 前边=in，to 后边=out；因此 direction_sign=-1。,"来源reportedTrait=Phosphate to threonine ratio；严格按 reportedTrait 中 'to' 分割：in=Phosphate, out=threonine；in/out 分属不同已知Subpathway",threonine/phosphate,phosphate/threonine
M_1123,GCST90200393,GCST90200419,Phosphate,glutamine,跨支路ratio模块,Cross-branch Ratio Module,跨通路ratio模块,低,GCST90200856,-1.0,glutamine / Phosphate,Phosphate / glutamine,glutamine / Phosphate,Phosphate / glutamine,本行为由未匹配ratio直接生成的新模块：严格按 reportedTrait 中 'to' 分割，并去除末尾 ratio；to 前边=in，to 后边=out；因此 direction_sign=-1。,"来源reportedTrait=Phosphate to glutamine ratio；严格按 reportedTrait 中 'to' 分割：in=Phosphate, out=glutamine；in/out 分属不同已知Subpathway",glutamine/phosphate,phosphate/glutamine
M_1124,GCST90200356,GCST90200370,Adenosine 5'-monophosphate (AMP),aspartate,跨支路ratio模块,Cross-branch Ratio Module,跨通路ratio模块,低,GCST90200857,-1.0,aspartate / Adenosine 5'-monophosphate (AMP),Adenosine 5'-monophosphate (AMP) / aspartate,aspartate / Adenosine 5'-monophosphate (AMP),Adenosine 5'-monophosphate (AMP) / aspartate,本行为由未匹配ratio直接生成的新模块：严格按 reportedTrait 中 'to' 分割，并去除末尾 ratio；to 前边=in，to 后边=out；因此 direction_sign=-1。,"来源reportedTrait=Adenosine 5'-monophosphate (AMP) to aspartate ratio；严格按 reportedTrait 中 'to' 分割：in=Adenosine 5'-monophosphate (AMP), out=aspartate；in/out 分属不同已知Subpathway",aspartate/adenosine 5'-monophosphate (amp),adenosine 5'-monophosphate (amp)/aspartate
M_1125,GCST90200393,GCST90200427,Phosphate,tyrosine,跨支路ratio模块,Cross-branch Ratio Module,跨通路ratio模块,低,GCST90200858,-1.0,tyrosine / Phosphate,Phosphate / tyrosine,tyrosine / Phosphate,Phosphate / tyrosine,本行为由未匹配ratio直接生成的新模块：严格按 reportedTrait 中 'to' 分割，并去除末尾 ratio；to 前边=in，to 后边=out；因此 direction_sign=-1。,"来源reportedTrait=Phosphate to tyrosine ratio；严格按 reportedTrait 中 'to' 分割：in=Phosphate, out=tyrosine；in/out 分属不同已知Subpathway",tyrosine/phosphate,phosphate/tyrosine
M_1126,GCST90200356,GCST90200452,Adenosine 5'-monophosphate (AMP),asparagine,跨支路ratio模块,Cross-branch Ratio Module,跨通路ratio模块,低,GCST90200859,-1.0,asparagine / Adenosine 5'-monophosphate (AMP),Adenosine 5'-monophosphate (AMP) / asparagine,asparagine / Adenosine 5'-monophosphate (AMP),Adenosine 5'-monophosphate (AMP) / asparagine,本行为由未匹配ratio直接生成的新模块：严格按 reportedTrait 中 'to' 分割，并去除末尾 ratio；to 前边=in，to 后边=out；因此 direction_sign=-1。,"来源reportedTrait=Adenosine 5'-monophosphate (AMP) to asparagine ratio；严格按 reportedTrait 中 'to' 分割：in=Adenosine 5'-monophosphate (AMP), out=asparagine；in/out 分属不同已知Subpathway",asparagine/adenosine 5'-monophosphate (amp),adenosine 5'-monophosphate (amp)/asparagine
M_1127,GCST90200421,GCST90199672,Salicylate,oxalate (ethanedioate),其他/待定,Other/Undetermined,核苷酸-辅因子/维生素-外源物代谢,中,GCST90200993,-1.0,oxalate (ethanedioate) / Salicylate,Salicylate / oxalate (ethanedioate),oxalate (ethanedioate) / Salicylate,Salicylate / oxalate (ethanedioate),本行为由未匹配ratio直接生成的新模块：严格按 reportedTrait 中 'to' 分割，并去除末尾 ratio；to 前边=in，to 后边=out；因此 direction_sign=-1。,"来源reportedTrait=Salicylate to oxalate (ethanedioate) ratio；严格按 reportedTrait 中 'to' 分割：in=Salicylate, out=oxalate (ethanedioate)；in/out 命中相同Subpathway",oxalate (ethanedioate)/salicylate,salicylate/oxalate (ethanedioate)
M_1128,GCST90200419,GCST90200431,Glutamine,alanine,跨支路ratio模块,Cross-branch Ratio Module,跨通路ratio模块,低,GCST90200994,-1.0,alanine / Glutamine,Glutamine / alanine,alanine / Glutamine,Glutamine / alanine,本行为由未匹配ratio直接生成的新模块：严格按 reportedTrait 中 'to' 分割，并去除末尾 ratio；to 前边=in，to 后边=out；因此 direction_sign=-1。,"来源reportedTrait=Glutamine to alanine ratio；严格按 reportedTrait 中 'to' 分割：in=Glutamine, out=alanine；in/out 分属不同已知Subpathway",alanine/glutamine,glutamine/alanine
M_1129,GCST90200421,GCST90200333,Salicylate,taurocholate,跨支路ratio模块,Cross-branch Ratio Module,跨通路ratio模块,低,GCST90200995,-1.0,taurocholate / Salicylate,Salicylate / taurocholate,taurocholate / Salicylate,Salicylate / taurocholate,本行为由未匹配ratio直接生成的新模块：严格按 reportedTrait 中 'to' 分割，并去除末尾 ratio；to 前边=in，to 后边=out；因此 direction_sign=-1。,"来源reportedTrait=Salicylate to taurocholate ratio；严格按 reportedTrait 中 'to' 分割：in=Salicylate, out=taurocholate；in/out 分属不同已知Subpathway",taurocholate/salicylate,salicylate/taurocholate
M_1130,GCST90200304,GCST90200333,Citrate,taurocholate,跨支路ratio模块,Cross-branch Ratio Module,跨通路ratio模块,低,GCST90200996,-1.0,taurocholate / Citrate,Citrate / taurocholate,taurocholate / Citrate,Citrate / taurocholate,本行为由未匹配ratio直接生成的新模块：严格按 reportedTrait 中 'to' 分割，并去除末尾 ratio；to 前边=in，to 后边=out；因此 direction_sign=-1。,"来源reportedTrait=Citrate to taurocholate ratio；严格按 reportedTrait 中 'to' 分割：in=Citrate, out=taurocholate；in/out 分属不同已知Subpathway",taurocholate/citrate,citrate/taurocholate
M_1131,GCST90200377,GCST90200419,Histidine,glutamine,跨支路ratio模块,Cross-branch Ratio Module,跨通路ratio模块,低,GCST90200997,-1.0,glutamine / Histidine,Histidine / glutamine,glutamine / Histidine,Histidine / glutamine,本行为由未匹配ratio直接生成的新模块：严格按 reportedTrait 中 'to' 分割，并去除末尾 ratio；to 前边=in，to 后边=out；因此 direction_sign=-1。,"来源reportedTrait=Histidine to glutamine ratio；严格按 reportedTrait 中 'to' 分割：in=Histidine, out=glutamine；in/out 分属不同已知Subpathway",glutamine/histidine,histidine/glutamine
M_1132,GCST90200370,GCST90200452,Aspartate,asparagine,跨支路ratio模块,Cross-branch Ratio Module,跨通路ratio模块,低,GCST90200750,-1.0,asparagine / Aspartate,Aspartate / asparagine,asparagine / Aspartate,Aspartate / asparagine,本行为由未匹配ratio直接生成的新模块：严格按 reportedTrait 中 'to' 分割，并去除末尾 ratio；to 前边=in，to 后边=out；因此 direction_sign=-1。,"来源reportedTrait=Aspartate to asparagine ratio；严格按 reportedTrait 中 'to' 分割：in=Aspartate, out=asparagine；in/out 分属不同已知Subpathway",asparagine/aspartate,aspartate/asparagine
M_1133,GCST90200362,GCST90200318,Succinate,acetoacetate,跨支路ratio模块,Cross-branch Ratio Module,跨通路ratio模块,低,GCST90200752,-1.0,acetoacetate / Succinate,Succinate / acetoacetate,acetoacetate / Succinate,Succinate / acetoacetate,本行为由未匹配ratio直接生成的新模块：严格按 reportedTrait 中 'to' 分割，并去除末尾 ratio；to 前边=in，to 后边=out；因此 direction_sign=-1。,"来源reportedTrait=Succinate to acetoacetate ratio；严格按 reportedTrait 中 'to' 分割：in=Succinate, out=acetoacetate；in/out 分属不同已知Subpathway",acetoacetate/succinate,succinate/acetoacetate
M_1134,GCST90200370,GCST90200403,Aspartate,citrulline,跨支路ratio模块,Cross-branch Ratio Module,跨通路ratio模块,低,GCST90200753,-1.0,citrulline / Aspartate,Aspartate / citrulline,citrulline / Aspartate,Aspartate / citrulline,本行为由未匹配ratio直接生成的新模块：严格按 reportedTrait 中 'to' 分割，并去除末尾 ratio；to 前边=in，to 后边=out；因此 direction_sign=-1。,"来源reportedTrait=Aspartate to citrulline ratio；严格按 reportedTrait 中 'to' 分割：in=Aspartate, out=citrulline；in/out 分属不同已知Subpathway",citrulline/aspartate,aspartate/citrulline
M_1135,GCST90200385,GCST90200393,Sphingosine,phosphate,跨支路ratio模块,Cross-branch Ratio Module,跨通路ratio模块,低,GCST90200754,-1.0,phosphate / Sphingosine,Sphingosine / phosphate,phosphate / Sphingosine,Sphingosine / phosphate,本行为由未匹配ratio直接生成的新模块：严格按 reportedTrait 中 'to' 分割，并去除末尾 ratio；to 前边=in，to 后边=out；因此 direction_sign=-1。,"来源reportedTrait=Sphingosine to phosphate ratio；严格按 reportedTrait 中 'to' 分割：in=Sphingosine, out=phosphate；in/out 分属不同已知Subpathway",phosphate/sphingosine,sphingosine/phosphate
M_1136,GCST90200395,GCST90200393,Inosine 5'-monophosphate (IMP),phosphate,跨支路ratio模块,Cross-branch Ratio Module,跨通路ratio模块,低,GCST90200755,-1.0,phosphate / Inosine 5'-monophosphate (IMP),Inosine 5'-monophosphate (IMP) / phosphate,phosphate / Inosine 5'-monophosphate (IMP),Inosine 5'-monophosphate (IMP) / phosphate,本行为由未匹配ratio直接生成的新模块：严格按 reportedTrait 中 'to' 分割，并去除末尾 ratio；to 前边=in，to 后边=out；因此 direction_sign=-1。,"来源reportedTrait=Inosine 5'-monophosphate (IMP) to phosphate ratio；严格按 reportedTrait 中 'to' 分割：in=Inosine 5'-monophosphate (IMP), out=phosphate；in/out 分属不同已知Subpathway",phosphate/inosine 5'-monophosphate (imp),inosine 5'-monophosphate (imp)/phosphate
M_1137,GCST90200707,GCST90200418,Glycine,pyridoxal,跨支路ratio模块,Cross-branch Ratio Module,跨通路ratio模块,低,GCST90200756,-1.0,pyridoxal / Glycine,Glycine / pyridoxal,pyridoxal / Glycine,Glycine / pyridoxal,本行为由未匹配ratio直接生成的新模块：严格按 reportedTrait 中 'to' 分割，并去除末尾 ratio；to 前边=in，to 后边=out；因此 direction_sign=-1。,"来源reportedTrait=Glycine to pyridoxal ratio；严格按 reportedTrait 中 'to' 分割：in=Glycine, out=pyridoxal；in/out 分属不同已知Subpathway",pyridoxal/glycine,glycine/pyridoxal
M_1138,GCST90200707,GCST90200431,Glycine,alanine,跨支路ratio模块,Cross-branch Ratio Module,跨通路ratio模块,低,GCST90200757,-1.0,alanine / Glycine,Glycine / alanine,alanine / Glycine,Glycine / alanine,本行为由未匹配ratio直接生成的新模块：严格按 reportedTrait 中 'to' 分割，并去除末尾 ratio；to 前边=in，to 后边=out；因此 direction_sign=-1。,"来源reportedTrait=Glycine to alanine ratio；严格按 reportedTrait 中 'to' 分割：in=Glycine, out=alanine；in/out 分属不同已知Subpathway",alanine/glycine,glycine/alanine
M_1139,GCST90200403,GCST90199832,Citrulline,dimethylarginine (SDMA + ADMA),跨支路ratio模块,Cross-branch Ratio Module,跨通路ratio模块,低,GCST90200761,-1.0,dimethylarginine (SDMA + ADMA) / Citrulline,Citrulline / dimethylarginine (SDMA + ADMA),dimethylarginine (SDMA + ADMA) / Citrulline,Citrulline / dimethylarginine (SDMA + ADMA),本行为由未匹配ratio直接生成的新模块：严格按 reportedTrait 中 'to' 分割，并去除末尾 ratio；to 前边=in，to 后边=out；因此 direction_sign=-1。,"来源reportedTrait=Citrulline to dimethylarginine (SDMA + ADMA) ratio；严格按 reportedTrait 中 'to' 分割：in=Citrulline, out=dimethylarginine (SDMA + ADMA)；in/out 分属不同已知Subpathway",dimethylarginine (sdma + adma)/citrulline,citrulline/dimethylarginine (sdma + adma)
M_1140,GCST90200397,GCST90200414,Palmitate (16:0),myristate (14:0),游离脂肪酸,Free Fatty Acids,脂肪酸二羧酸/羟基脂肪酸与酮体代谢,中,GCST90200762,-1.0,myristate (14:0) / Palmitate (16:0),Palmitate (16:0) / myristate (14:0),myristate (14:0) / Palmitate (16:0),Palmitate (16:0) / myristate (14:0),本行为由未匹配ratio直接生成的新模块：严格按 reportedTrait 中 'to' 分割，并去除末尾 ratio；to 前边=in，to 后边=out；因此 direction_sign=-1。,"来源reportedTrait=Palmitate (16:0) to myristate (14:0) ratio；严格按 reportedTrait 中 'to' 分割：in=Palmitate (16:0), out=myristate (14:0)；in/out 命中相同Subpathway",myristate (14:0)/palmitate (16:0),palmitate (16:0)/myristate (14:0)
M_1141,GCST90200393,GCST90200314,Phosphate,N-acetylneuraminate,跨支路ratio模块,Cross-branch Ratio Module,跨通路ratio模块,低,GCST90200763,-1.0,N-acetylneuraminate / Phosphate,Phosphate / N-acetylneuraminate,N-acetylneuraminate / Phosphate,Phosphate / N-acetylneuraminate,本行为由未匹配ratio直接生成的新模块：严格按 reportedTrait 中 'to' 分割，并去除末尾 ratio；to 前边=in，to 后边=out；因此 direction_sign=-1。,"来源reportedTrait=Phosphate to N-acetylneuraminate ratio；严格按 reportedTrait 中 'to' 分割：in=Phosphate, out=N-acetylneuraminate；in/out 分属不同已知Subpathway",n-acetylneuraminate/phosphate,phosphate/n-acetylneuraminate
M_1142,GCST90200393,GCST90200407,Phosphate,uridine,跨支路ratio模块,Cross-branch Ratio Module,跨通路ratio模块,低,GCST90200764,-1.0,uridine / Phosphate,Phosphate / uridine,uridine / Phosphate,Phosphate / uridine,本行为由未匹配ratio直接生成的新模块：严格按 reportedTrait 中 'to' 分割，并去除末尾 ratio；to 前边=in，to 后边=out；因此 direction_sign=-1。,"来源reportedTrait=Phosphate to uridine ratio；严格按 reportedTrait 中 'to' 分割：in=Phosphate, out=uridine；in/out 分属不同已知Subpathway",uridine/phosphate,phosphate/uridine
M_1143,GCST90200393,GCST90200431,Phosphate,alanine,其他/待定,Other/Undetermined,核苷酸-辅因子/维生素-外源物代谢,中,GCST90200765,-1.0,alanine / Phosphate,Phosphate / alanine,alanine / Phosphate,Phosphate / alanine,本行为由未匹配ratio直接生成的新模块：严格按 reportedTrait 中 'to' 分割，并去除末尾 ratio；to 前边=in，to 后边=out；因此 direction_sign=-1。,"来源reportedTrait=Phosphate to alanine ratio；严格按 reportedTrait 中 'to' 分割：in=Phosphate, out=alanine；in/out 命中相同Subpathway",alanine/phosphate,phosphate/alanine
M_1144,GCST90200393,GCST90200281,Phosphate,phosphoethanolamine,跨支路ratio模块,Cross-branch Ratio Module,跨通路ratio模块,低,GCST90200766,-1.0,phosphoethanolamine / Phosphate,Phosphate / phosphoethanolamine,phosphoethanolamine / Phosphate,Phosphate / phosphoethanolamine,本行为由未匹配ratio直接生成的新模块：严格按 reportedTrait 中 'to' 分割，并去除末尾 ratio；to 前边=in，to 后边=out；因此 direction_sign=-1。,"来源reportedTrait=Phosphate to phosphoethanolamine ratio；严格按 reportedTrait 中 'to' 分割：in=Phosphate, out=phosphoethanolamine；in/out 分属不同已知Subpathway",phosphoethanolamine/phosphate,phosphate/phosphoethanolamine
M_1145,GCST90200355,GCST90200323,Adenosine 5'-diphosphate (ADP),creatine,跨支路ratio模块,Cross-branch Ratio Module,跨通路ratio模块,低,GCST90200725,-1.0,creatine / Adenosine 5'-diphosphate (ADP),Adenosine 5'-diphosphate (ADP) / creatine,creatine / Adenosine 5'-diphosphate (ADP),Adenosine 5'-diphosphate (ADP) / creatine,本行为由未匹配ratio直接生成的新模块：严格按 reportedTrait 中 'to' 分割，并去除末尾 ratio；to 前边=in，to 后边=out；因此 direction_sign=-1。,"来源reportedTrait=Adenosine 5'-diphosphate (ADP) to creatine ratio；严格按 reportedTrait 中 'to' 分割：in=Adenosine 5'-diphosphate (ADP), out=creatine；in/out 分属不同已知Subpathway",creatine/adenosine 5'-diphosphate (adp),adenosine 5'-diphosphate (adp)/creatine
M_1146,GCST90200351,GCST90200153,N-acetylputrescine,(N(1) + N(8))-acetylspermidine,跨支路ratio模块,Cross-branch Ratio Module,跨通路ratio模块,低,GCST90200726,-1.0,(N(1) + N(8))-acetylspermidine / N-acetylputrescine,N-acetylputrescine / (N(1) + N(8))-acetylspermidine,(N(1) + N(8))-acetylspermidine / N-acetylputrescine,N-acetylputrescine / (N(1) + N(8))-acetylspermidine,本行为由未匹配ratio直接生成的新模块：严格按 reportedTrait 中 'to' 分割，并去除末尾 ratio；to 前边=in，to 后边=out；因此 direction_sign=-1。,"来源reportedTrait=N-acetylputrescine to (N(1) + N(8))-acetylspermidine ratio；严格按 reportedTrait 中 'to' 分割：in=N-acetylputrescine, out=(N(1) + N(8))-acetylspermidine；in/out 分属不同已知Subpathway",(n(1) + n(8))-acetylspermidine/n-acetylputrescine,n-acetylputrescine/(n(1) + n(8))-acetylspermidine
M_1147,GCST90200357,GCST90200333,"Adenosine 3',5'-cyclic monophosphate (cAMP)",taurocholate,跨支路ratio模块,Cross-branch Ratio Module,跨通路ratio模块,低,GCST90200727,-1.0,"taurocholate / Adenosine 3',5'-cyclic monophosphate (cAMP)","Adenosine 3',5'-cyclic monophosphate (cAMP) / taurocholate","taurocholate / Adenosine 3',5'-cyclic monophosphate (cAMP)","Adenosine 3',5'-cyclic monophosphate (cAMP) / taurocholate",本行为由未匹配ratio直接生成的新模块：严格按 reportedTrait 中 'to' 分割，并去除末尾 ratio；to 前边=in，to 后边=out；因此 direction_sign=-1。,"来源reportedTrait=Adenosine 3',5'-cyclic monophosphate (cAMP) to taurocholate ratio；严格按 reportedTrait 中 'to' 分割：in=Adenosine 3',5'-cyclic monophosphate (cAMP), out=taurocholate；in/out 分属不同已知Subpathway","taurocholate/adenosine 3',5'-cyclic monophosphate (camp)","adenosine 3',5'-cyclic monophosphate (camp)/taurocholate"
M_1148,GCST90200329,GCST90200393,3-phosphoglycerate,phosphate,跨支路ratio模块,Cross-branch Ratio Module,跨通路ratio模块,低,GCST90200729,-1.0,phosphate / 3-phosphoglycerate,3-phosphoglycerate / phosphate,phosphate / 3-phosphoglycerate,3-phosphoglycerate / phosphate,本行为由未匹配ratio直接生成的新模块：严格按 reportedTrait 中 'to' 分割，并去除末尾 ratio；to 前边=in，to 后边=out；因此 direction_sign=-1。,"来源reportedTrait=3-phosphoglycerate to phosphate ratio；严格按 reportedTrait 中 'to' 分割：in=3-phosphoglycerate, out=phosphate；in/out 分属不同已知Subpathway",phosphate/3-phosphoglycerate,3-phosphoglycerate/phosphate
M_1149,GCST90200355,GCST90200437,Adenosine 5'-diphosphate (ADP),fructose,跨支路ratio模块,Cross-branch Ratio Module,跨通路ratio模块,低,GCST90200730,-1.0,fructose / Adenosine 5'-diphosphate (ADP),Adenosine 5'-diphosphate (ADP) / fructose,fructose / Adenosine 5'-diphosphate (ADP),Adenosine 5'-diphosphate (ADP) / fructose,本行为由未匹配ratio直接生成的新模块：严格按 reportedTrait 中 'to' 分割，并去除末尾 ratio；to 前边=in，to 后边=out；因此 direction_sign=-1。,"来源reportedTrait=Adenosine 5'-diphosphate (ADP) to fructose ratio；严格按 reportedTrait 中 'to' 分割：in=Adenosine 5'-diphosphate (ADP), out=fructose；in/out 分属不同已知Subpathway",fructose/adenosine 5'-diphosphate (adp),adenosine 5'-diphosphate (adp)/fructose
M_1150,GCST90200355,GCST90200435,Adenosine 5'-diphosphate (ADP),mannose,跨支路ratio模块,Cross-branch Ratio Module,跨通路ratio模块,低,GCST90200731,-1.0,mannose / Adenosine 5'-diphosphate (ADP),Adenosine 5'-diphosphate (ADP) / mannose,mannose / Adenosine 5'-diphosphate (ADP),Adenosine 5'-diphosphate (ADP) / mannose,本行为由未匹配ratio直接生成的新模块：严格按 reportedTrait 中 'to' 分割，并去除末尾 ratio；to 前边=in，to 后边=out；因此 direction_sign=-1。,"来源reportedTrait=Adenosine 5'-diphosphate (ADP) to mannose ratio；严格按 reportedTrait 中 'to' 分割：in=Adenosine 5'-diphosphate (ADP), out=mannose；in/out 分属不同已知Subpathway",mannose/adenosine 5'-diphosphate (adp),adenosine 5'-diphosphate (adp)/mannose
M_1151,GCST90200355,GCST90200427,Adenosine 5'-diphosphate (ADP),tyrosine,跨支路ratio模块,Cross-branch Ratio Module,跨通路ratio模块,低,GCST90200732,-1.0,tyrosine / Adenosine 5'-diphosphate (ADP),Adenosine 5'-diphosphate (ADP) / tyrosine,tyrosine / Adenosine 5'-diphosphate (ADP),Adenosine 5'-diphosphate (ADP) / tyrosine,本行为由未匹配ratio直接生成的新模块：严格按 reportedTrait 中 'to' 分割，并去除末尾 ratio；to 前边=in，to 后边=out；因此 direction_sign=-1。,"来源reportedTrait=Adenosine 5'-diphosphate (ADP) to tyrosine ratio；严格按 reportedTrait 中 'to' 分割：in=Adenosine 5'-diphosphate (ADP), out=tyrosine；in/out 分属不同已知Subpathway",tyrosine/adenosine 5'-diphosphate (adp),adenosine 5'-diphosphate (adp)/tyrosine
M_1152,GCST90200355,,Adenosine 5'-diphosphate (ADP),N-acetylglucosamine to N-acetylgalactosamine,核苷支路,Nucleoside Branch,核苷酸-辅因子/维生素-外源物代谢,中,GCST90200733,-1.0,N-acetylglucosamine to N-acetylgalactosamine / Adenosine 5'-diphosphate (ADP),Adenosine 5'-diphosphate (ADP) / N-acetylglucosamine to N-acetylgalactosamine,N-acetylglucosamine to N-acetylgalactosamine / Adenosine 5'-diphosphate (ADP),Adenosine 5'-diphosphate (ADP) / N-acetylglucosamine to N-acetylgalactosamine,本行为由未匹配ratio直接生成的新模块：严格按 reportedTrait 中 'to' 分割，并去除末尾 ratio；to 前边=in，to 后边=out；因此 direction_sign=-1。,"来源reportedTrait=Adenosine 5'-diphosphate (ADP) to N-acetylglucosamine to N-acetylgalactosamine ratio；严格按 reportedTrait 中 'to' 分割：in=Adenosine 5'-diphosphate (ADP), out=N-acetylglucosamine to N-acetylgalactosamine；仅单侧继承已有Subpathway",n-acetylglucosamine to n-acetylgalactosamine/adenosine 5'-diphosphate (adp),adenosine 5'-diphosphate (adp)/n-acetylglucosamine to n-acetylgalactosamine
M_1153,GCST90200356,GCST90200397,Adenosine 5'-monophosphate (AMP),palmitate (16:0),跨支路ratio模块,Cross-branch Ratio Module,跨通路ratio模块,低,GCST90200734,-1.0,palmitate (16:0) / Adenosine 5'-monophosphate (AMP),Adenosine 5'-monophosphate (AMP) / palmitate (16:0),palmitate (16:0) / Adenosine 5'-monophosphate (AMP),Adenosine 5'-monophosphate (AMP) / palmitate (16:0),本行为由未匹配ratio直接生成的新模块：严格按 reportedTrait 中 'to' 分割，并去除末尾 ratio；to 前边=in，to 后边=out；因此 direction_sign=-1。,"来源reportedTrait=Adenosine 5'-monophosphate (AMP) to palmitate (16:0) ratio；严格按 reportedTrait 中 'to' 分割：in=Adenosine 5'-monophosphate (AMP), out=palmitate (16:0)；in/out 分属不同已知Subpathway",palmitate (16:0)/adenosine 5'-monophosphate (amp),adenosine 5'-monophosphate (amp)/palmitate (16:0)
M_1154,GCST90200355,GCST90200372,Adenosine 5'-diphosphate (ADP),arginine,跨支路ratio模块,Cross-branch Ratio Module,跨通路ratio模块,低,GCST90200736,-1.0,arginine / Adenosine 5'-diphosphate (ADP),Adenosine 5'-diphosphate (ADP) / arginine,arginine / Adenosine 5'-diphosphate (ADP),Adenosine 5'-diphosphate (ADP) / arginine,本行为由未匹配ratio直接生成的新模块：严格按 reportedTrait 中 'to' 分割，并去除末尾 ratio；to 前边=in，to 后边=out；因此 direction_sign=-1。,"来源reportedTrait=Adenosine 5'-diphosphate (ADP) to arginine ratio；严格按 reportedTrait 中 'to' 分割：in=Adenosine 5'-diphosphate (ADP), out=arginine；in/out 分属不同已知Subpathway",arginine/adenosine 5'-diphosphate (adp),adenosine 5'-diphosphate (adp)/arginine
M_1155,GCST90200355,GCST90200413,Adenosine 5'-diphosphate (ADP),2'-deoxyuridine,核苷支路,Nucleoside Branch,核苷酸-辅因子/维生素-外源物代谢,中,GCST90200737,-1.0,2'-deoxyuridine / Adenosine 5'-diphosphate (ADP),Adenosine 5'-diphosphate (ADP) / 2'-deoxyuridine,2'-deoxyuridine / Adenosine 5'-diphosphate (ADP),Adenosine 5'-diphosphate (ADP) / 2'-deoxyuridine,本行为由未匹配ratio直接生成的新模块：严格按 reportedTrait 中 'to' 分割，并去除末尾 ratio；to 前边=in，to 后边=out；因此 direction_sign=-1。,"来源reportedTrait=Adenosine 5'-diphosphate (ADP) to 2'-deoxyuridine ratio；严格按 reportedTrait 中 'to' 分割：in=Adenosine 5'-diphosphate (ADP), out=2'-deoxyuridine；in/out 命中相同Subpathway",2'-deoxyuridine/adenosine 5'-diphosphate (adp),adenosine 5'-diphosphate (adp)/2'-deoxyuridine
M_1156,GCST90200356,GCST90200411,Adenosine 5'-monophosphate (AMP),proline,跨支路ratio模块,Cross-branch Ratio Module,跨通路ratio模块,低,GCST90200739,-1.0,proline / Adenosine 5'-monophosphate (AMP),Adenosine 5'-monophosphate (AMP) / proline,proline / Adenosine 5'-monophosphate (AMP),Adenosine 5'-monophosphate (AMP) / proline,本行为由未匹配ratio直接生成的新模块：严格按 reportedTrait 中 'to' 分割，并去除末尾 ratio；to 前边=in，to 后边=out；因此 direction_sign=-1。,"来源reportedTrait=Adenosine 5'-monophosphate (AMP) to proline ratio；严格按 reportedTrait 中 'to' 分割：in=Adenosine 5'-monophosphate (AMP), out=proline；in/out 分属不同已知Subpathway",proline/adenosine 5'-monophosphate (amp),adenosine 5'-monophosphate (amp)/proline
M_1157,GCST90200358,,Arachidonate (20:4n6),oleate to vaccenate (18:1),游离脂肪酸,Free Fatty Acids,脂肪酸二羧酸/羟基脂肪酸与酮体代谢,中,GCST90200740,-1.0,oleate to vaccenate (18:1) / Arachidonate (20:4n6),Arachidonate (20:4n6) / oleate to vaccenate (18:1),oleate to vaccenate (18:1) / Arachidonate (20:4n6),Arachidonate (20:4n6) / oleate to vaccenate (18:1),本行为由未匹配ratio直接生成的新模块：严格按 reportedTrait 中 'to' 分割，并去除末尾 ratio；to 前边=in，to 后边=out；因此 direction_sign=-1。,"来源reportedTrait=Arachidonate (20:4n6) to oleate to vaccenate (18:1) ratio；严格按 reportedTrait 中 'to' 分割：in=Arachidonate (20:4n6), out=oleate to vaccenate (18:1)；仅单侧继承已有Subpathway",oleate to vaccenate (18:1)/arachidonate (20:4n6),arachidonate (20:4n6)/oleate to vaccenate (18:1)
M_1158,GCST90200356,GCST90200431,Adenosine 5'-monophosphate (AMP),alanine,跨支路ratio模块,Cross-branch Ratio Module,跨通路ratio模块,低,GCST90200741,-1.0,alanine / Adenosine 5'-monophosphate (AMP),Adenosine 5'-monophosphate (AMP) / alanine,alanine / Adenosine 5'-monophosphate (AMP),Adenosine 5'-monophosphate (AMP) / alanine,本行为由未匹配ratio直接生成的新模块：严格按 reportedTrait 中 'to' 分割，并去除末尾 ratio；to 前边=in，to 后边=out；因此 direction_sign=-1。,"来源reportedTrait=Adenosine 5'-monophosphate (AMP) to alanine ratio；严格按 reportedTrait 中 'to' 分割：in=Adenosine 5'-monophosphate (AMP), out=alanine；in/out 分属不同已知Subpathway",alanine/adenosine 5'-monophosphate (amp),adenosine 5'-monophosphate (amp)/alanine
M_1159,GCST90200372,GCST90200412,Arginine,glutamate,跨支路ratio模块,Cross-branch Ratio Module,跨通路ratio模块,低,GCST90200744,-1.0,glutamate / Arginine,Arginine / glutamate,glutamate / Arginine,Arginine / glutamate,本行为由未匹配ratio直接生成的新模块：严格按 reportedTrait 中 'to' 分割，并去除末尾 ratio；to 前边=in，to 后边=out；因此 direction_sign=-1。,"来源reportedTrait=Arginine to glutamate ratio；严格按 reportedTrait 中 'to' 分割：in=Arginine, out=glutamate；in/out 分属不同已知Subpathway",glutamate/arginine,arginine/glutamate
M_1160,GCST90200356,GCST90200396,Adenosine 5'-monophosphate (AMP),phenylalanine,跨支路ratio模块,Cross-branch Ratio Module,跨通路ratio模块,低,GCST90200745,-1.0,phenylalanine / Adenosine 5'-monophosphate (AMP),Adenosine 5'-monophosphate (AMP) / phenylalanine,phenylalanine / Adenosine 5'-monophosphate (AMP),Adenosine 5'-monophosphate (AMP) / phenylalanine,本行为由未匹配ratio直接生成的新模块：严格按 reportedTrait 中 'to' 分割，并去除末尾 ratio；to 前边=in，to 后边=out；因此 direction_sign=-1。,"来源reportedTrait=Adenosine 5'-monophosphate (AMP) to phenylalanine ratio；严格按 reportedTrait 中 'to' 分割：in=Adenosine 5'-monophosphate (AMP), out=phenylalanine；in/out 分属不同已知Subpathway",phenylalanine/adenosine 5'-monophosphate (amp),adenosine 5'-monophosphate (amp)/phenylalanine
M_1161,GCST90200355,GCST90200373,Adenosine 5'-diphosphate (ADP),gluconate,跨支路ratio模块,Cross-branch Ratio Module,跨通路ratio模块,低,GCST90200746,-1.0,gluconate / Adenosine 5'-diphosphate (ADP),Adenosine 5'-diphosphate (ADP) / gluconate,gluconate / Adenosine 5'-diphosphate (ADP),Adenosine 5'-diphosphate (ADP) / gluconate,本行为由未匹配ratio直接生成的新模块：严格按 reportedTrait 中 'to' 分割，并去除末尾 ratio；to 前边=in，to 后边=out；因此 direction_sign=-1。,"来源reportedTrait=Adenosine 5'-diphosphate (ADP) to gluconate ratio；严格按 reportedTrait 中 'to' 分割：in=Adenosine 5'-diphosphate (ADP), out=gluconate；in/out 分属不同已知Subpathway",gluconate/adenosine 5'-diphosphate (adp),adenosine 5'-diphosphate (adp)/gluconate
M_1162,GCST90200356,GCST90200393,Adenosine 5'-monophosphate (AMP),phosphate,跨支路ratio模块,Cross-branch Ratio Module,跨通路ratio模块,低,GCST90200747,-1.0,phosphate / Adenosine 5'-monophosphate (AMP),Adenosine 5'-monophosphate (AMP) / phosphate,phosphate / Adenosine 5'-monophosphate (AMP),Adenosine 5'-monophosphate (AMP) / phosphate,本行为由未匹配ratio直接生成的新模块：严格按 reportedTrait 中 'to' 分割，并去除末尾 ratio；to 前边=in，to 后边=out；因此 direction_sign=-1。,"来源reportedTrait=Adenosine 5'-monophosphate (AMP) to phosphate ratio；严格按 reportedTrait 中 'to' 分割：in=Adenosine 5'-monophosphate (AMP), out=phosphate；in/out 分属不同已知Subpathway",phosphate/adenosine 5'-monophosphate (amp),adenosine 5'-monophosphate (amp)/phosphate
M_1163,GCST90200370,GCST90200412,Aspartate,glutamate,跨支路ratio模块,Cross-branch Ratio Module,跨通路ratio模块,低,GCST90200748,-1.0,glutamate / Aspartate,Aspartate / glutamate,glutamate / Aspartate,Aspartate / glutamate,本行为由未匹配ratio直接生成的新模块：严格按 reportedTrait 中 'to' 分割，并去除末尾 ratio；to 前边=in，to 后边=out；因此 direction_sign=-1。,"来源reportedTrait=Aspartate to glutamate ratio；严格按 reportedTrait 中 'to' 分割：in=Aspartate, out=glutamate；in/out 分属不同已知Subpathway",glutamate/aspartate,aspartate/glutamate
M_1164,GCST90200358,GCST90200430,Arachidonate (20:4n6),pyruvate,跨支路ratio模块,Cross-branch Ratio Module,跨通路ratio模块,低,GCST90200749,-1.0,pyruvate / Arachidonate (20:4n6),Arachidonate (20:4n6) / pyruvate,pyruvate / Arachidonate (20:4n6),Arachidonate (20:4n6) / pyruvate,本行为由未匹配ratio直接生成的新模块：严格按 reportedTrait 中 'to' 分割，并去除末尾 ratio；to 前边=in，to 后边=out；因此 direction_sign=-1。,"来源reportedTrait=Arachidonate (20:4n6) to pyruvate ratio；严格按 reportedTrait 中 'to' 分割：in=Arachidonate (20:4n6), out=pyruvate；in/out 分属不同已知Subpathway",pyruvate/arachidonate (20:4n6),arachidonate (20:4n6)/pyruvate
M_1165,GCST90200393,GCST90200440,Phosphate,glucose,其他/待定,Other/Undetermined,核苷酸-辅因子/维生素-外源物代谢,中,GCST90200767,-1.0,glucose / Phosphate,Phosphate / glucose,glucose / Phosphate,Phosphate / glucose,本行为由未匹配ratio直接生成的新模块：严格按 reportedTrait 中 'to' 分割，并去除末尾 ratio；to 前边=in，to 后边=out；因此 direction_sign=-1。,"来源reportedTrait=Phosphate to glucose ratio；严格按 reportedTrait 中 'to' 分割：in=Phosphate, out=glucose；in/out 命中相同Subpathway",glucose/phosphate,phosphate/glucose
M_1166,GCST90200393,GCST90200413,Phosphate,2'-deoxyuridine,跨支路ratio模块,Cross-branch Ratio Module,跨通路ratio模块,低,GCST90200768,-1.0,2'-deoxyuridine / Phosphate,Phosphate / 2'-deoxyuridine,2'-deoxyuridine / Phosphate,Phosphate / 2'-deoxyuridine,本行为由未匹配ratio直接生成的新模块：严格按 reportedTrait 中 'to' 分割，并去除末尾 ratio；to 前边=in，to 后边=out；因此 direction_sign=-1。,"来源reportedTrait=Phosphate to 2'-deoxyuridine ratio；严格按 reportedTrait 中 'to' 分割：in=Phosphate, out=2'-deoxyuridine；in/out 分属不同已知Subpathway",2'-deoxyuridine/phosphate,phosphate/2'-deoxyuridine
M_1167,GCST90200393,GCST90200435,Phosphate,mannose,跨支路ratio模块,Cross-branch Ratio Module,跨通路ratio模块,低,GCST90200769,-1.0,mannose / Phosphate,Phosphate / mannose,mannose / Phosphate,Phosphate / mannose,本行为由未匹配ratio直接生成的新模块：严格按 reportedTrait 中 'to' 分割，并去除末尾 ratio；to 前边=in，to 后边=out；因此 direction_sign=-1。,"来源reportedTrait=Phosphate to mannose ratio；严格按 reportedTrait 中 'to' 分割：in=Phosphate, out=mannose；in/out 分属不同已知Subpathway",mannose/phosphate,phosphate/mannose
M_1168,GCST90200396,GCST90200427,Phenylalanine,tyrosine,丙酮酸入口,Phenylalanine/Tyrosine Branch,芳香族氨基酸-吲哚/组氨酸-微生物共代谢,中,GCST90200770,-1.0,tyrosine / Phenylalanine,Phenylalanine / tyrosine,tyrosine / Phenylalanine,Phenylalanine / tyrosine,本行为由未匹配ratio直接生成的新模块：严格按 reportedTrait 中 'to' 分割，并去除末尾 ratio；to 前边=in，to 后边=out；因此 direction_sign=-1。,"来源reportedTrait=Phenylalanine to tyrosine ratio；严格按 reportedTrait 中 'to' 分割：in=Phenylalanine, out=tyrosine；in/out 命中相同Subpathway",tyrosine/phenylalanine,phenylalanine/tyrosine
M_1169,GCST90200393,GCST90200437,Phosphate,fructose,跨支路ratio模块,Cross-branch Ratio Module,跨通路ratio模块,低,GCST90200771,-1.0,fructose / Phosphate,Phosphate / fructose,fructose / Phosphate,Phosphate / fructose,本行为由未匹配ratio直接生成的新模块：严格按 reportedTrait 中 'to' 分割，并去除末尾 ratio；to 前边=in，to 后边=out；因此 direction_sign=-1。,"来源reportedTrait=Phosphate to fructose ratio；严格按 reportedTrait 中 'to' 分割：in=Phosphate, out=fructose；in/out 分属不同已知Subpathway",fructose/phosphate,phosphate/fructose
M_1170,GCST90200393,GCST90200304,Phosphate,citrate,跨支路ratio模块,Cross-branch Ratio Module,跨通路ratio模块,低,GCST90200772,-1.0,citrate / Phosphate,Phosphate / citrate,citrate / Phosphate,Phosphate / citrate,本行为由未匹配ratio直接生成的新模块：严格按 reportedTrait 中 'to' 分割，并去除末尾 ratio；to 前边=in，to 后边=out；因此 direction_sign=-1。,"来源reportedTrait=Phosphate to citrate ratio；严格按 reportedTrait 中 'to' 分割：in=Phosphate, out=citrate；in/out 分属不同已知Subpathway",citrate/phosphate,phosphate/citrate
M_1171,GCST90200415,GCST90200302,Serine,alpha-tocopherol,跨支路ratio模块,Cross-branch Ratio Module,跨通路ratio模块,低,GCST90200773,-1.0,alpha-tocopherol / Serine,Serine / alpha-tocopherol,alpha-tocopherol / Serine,Serine / alpha-tocopherol,本行为由未匹配ratio直接生成的新模块：严格按 reportedTrait 中 'to' 分割，并去除末尾 ratio；to 前边=in，to 后边=out；因此 direction_sign=-1。,"来源reportedTrait=Serine to alpha-tocopherol ratio；严格按 reportedTrait 中 'to' 分割：in=Serine, out=alpha-tocopherol；in/out 分属不同已知Subpathway",alpha-tocopherol/serine,serine/alpha-tocopherol
M_1172,GCST90200430,GCST90199677,Pyruvate,3-methyl-2-oxobutyrate,跨支路ratio模块,Cross-branch Ratio Module,跨通路ratio模块,低,GCST90200778,-1.0,3-methyl-2-oxobutyrate / Pyruvate,Pyruvate / 3-methyl-2-oxobutyrate,3-methyl-2-oxobutyrate / Pyruvate,Pyruvate / 3-methyl-2-oxobutyrate,本行为由未匹配ratio直接生成的新模块：严格按 reportedTrait 中 'to' 分割，并去除末尾 ratio；to 前边=in，to 后边=out；因此 direction_sign=-1。,"来源reportedTrait=Pyruvate to 3-methyl-2-oxobutyrate ratio；严格按 reportedTrait 中 'to' 分割：in=Pyruvate, out=3-methyl-2-oxobutyrate；in/out 分属不同已知Subpathway",3-methyl-2-oxobutyrate/pyruvate,pyruvate/3-methyl-2-oxobutyrate
M_1173,GCST90200430,GCST90200314,Pyruvate,N-acetylneuraminate,一般氨基酸衍生物,General Amino Acid Derivatives,尿素循环-精氨酸/脯氨酸/肌酸/多胺代谢,中,GCST90200779,-1.0,N-acetylneuraminate / Pyruvate,Pyruvate / N-acetylneuraminate,N-acetylneuraminate / Pyruvate,Pyruvate / N-acetylneuraminate,本行为由未匹配ratio直接生成的新模块：严格按 reportedTrait 中 'to' 分割，并去除末尾 ratio；to 前边=in，to 后边=out；因此 direction_sign=-1。,"来源reportedTrait=Pyruvate to N-acetylneuraminate ratio；严格按 reportedTrait 中 'to' 分割：in=Pyruvate, out=N-acetylneuraminate；in/out 命中相同Subpathway",n-acetylneuraminate/pyruvate,pyruvate/n-acetylneuraminate
M_1174,GCST90200435,GCST90200292,Mannose,trans-4-hydroxyproline,跨支路ratio模块,Cross-branch Ratio Module,跨通路ratio模块,低,GCST90200782,-1.0,trans-4-hydroxyproline / Mannose,Mannose / trans-4-hydroxyproline,trans-4-hydroxyproline / Mannose,Mannose / trans-4-hydroxyproline,本行为由未匹配ratio直接生成的新模块：严格按 reportedTrait 中 'to' 分割，并去除末尾 ratio；to 前边=in，to 后边=out；因此 direction_sign=-1。,"来源reportedTrait=Mannose to trans-4-hydroxyproline ratio；严格按 reportedTrait 中 'to' 分割：in=Mannose, out=trans-4-hydroxyproline；in/out 分属不同已知Subpathway",trans-4-hydroxyproline/mannose,mannose/trans-4-hydroxyproline
M_1175,GCST90200435,GCST90199891,Mannose,S-methylcysteine,跨支路ratio模块,Cross-branch Ratio Module,跨通路ratio模块,低,GCST90200783,-1.0,S-methylcysteine / Mannose,Mannose / S-methylcysteine,S-methylcysteine / Mannose,Mannose / S-methylcysteine,本行为由未匹配ratio直接生成的新模块：严格按 reportedTrait 中 'to' 分割，并去除末尾 ratio；to 前边=in，to 后边=out；因此 direction_sign=-1。,"来源reportedTrait=Mannose to S-methylcysteine ratio；严格按 reportedTrait 中 'to' 分割：in=Mannose, out=S-methylcysteine；in/out 分属不同已知Subpathway",s-methylcysteine/mannose,mannose/s-methylcysteine
M_1176,GCST90200412,GCST90200439,Glutamate,cysteine,跨支路ratio模块,Cross-branch Ratio Module,跨通路ratio模块,低,GCST90200784,-1.0,cysteine / Glutamate,Glutamate / cysteine,cysteine / Glutamate,Glutamate / cysteine,本行为由未匹配ratio直接生成的新模块：严格按 reportedTrait 中 'to' 分割，并去除末尾 ratio；to 前边=in，to 后边=out；因此 direction_sign=-1。,"来源reportedTrait=Glutamate to cysteine ratio；严格按 reportedTrait 中 'to' 分割：in=Glutamate, out=cysteine；in/out 分属不同已知Subpathway",cysteine/glutamate,glutamate/cysteine
M_1177,GCST90200439,GCST90200280,Cysteine,5-oxoproline,跨支路ratio模块,Cross-branch Ratio Module,跨通路ratio模块,低,GCST90200785,-1.0,5-oxoproline / Cysteine,Cysteine / 5-oxoproline,5-oxoproline / Cysteine,Cysteine / 5-oxoproline,本行为由未匹配ratio直接生成的新模块：严格按 reportedTrait 中 'to' 分割，并去除末尾 ratio；to 前边=in，to 后边=out；因此 direction_sign=-1。,"来源reportedTrait=Cysteine to 5-oxoproline ratio；严格按 reportedTrait 中 'to' 分割：in=Cysteine, out=5-oxoproline；in/out 分属不同已知Subpathway",5-oxoproline/cysteine,cysteine/5-oxoproline
M_1178,GCST90200439,GCST90200431,Cysteine,alanine,跨支路ratio模块,Cross-branch Ratio Module,跨通路ratio模块,低,GCST90200786,-1.0,alanine / Cysteine,Cysteine / alanine,alanine / Cysteine,Cysteine / alanine,本行为由未匹配ratio直接生成的新模块：严格按 reportedTrait 中 'to' 分割，并去除末尾 ratio；to 前边=in，to 后边=out；因此 direction_sign=-1。,"来源reportedTrait=Cysteine to alanine ratio；严格按 reportedTrait 中 'to' 分割：in=Cysteine, out=alanine；in/out 分属不同已知Subpathway",alanine/cysteine,cysteine/alanine
M_1179,GCST90200419,GCST90200452,Glutamine,asparagine,跨支路ratio模块,Cross-branch Ratio Module,跨通路ratio模块,低,GCST90200787,-1.0,asparagine / Glutamine,Glutamine / asparagine,asparagine / Glutamine,Glutamine / asparagine,本行为由未匹配ratio直接生成的新模块：严格按 reportedTrait 中 'to' 分割，并去除末尾 ratio；to 前边=in，to 后边=out；因此 direction_sign=-1。,"来源reportedTrait=Glutamine to asparagine ratio；严格按 reportedTrait 中 'to' 分割：in=Glutamine, out=asparagine；in/out 分属不同已知Subpathway",asparagine/glutamine,glutamine/asparagine
M_1180,GCST90200280,GCST90200304,5-oxoproline,citrate,跨支路ratio模块,Cross-branch Ratio Module,跨通路ratio模块,低,GCST90200788,-1.0,citrate / 5-oxoproline,5-oxoproline / citrate,citrate / 5-oxoproline,5-oxoproline / citrate,本行为由未匹配ratio直接生成的新模块：严格按 reportedTrait 中 'to' 分割，并去除末尾 ratio；to 前边=in，to 后边=out；因此 direction_sign=-1。,"来源reportedTrait=5-oxoproline to citrate ratio；严格按 reportedTrait 中 'to' 分割：in=5-oxoproline, out=citrate；in/out 分属不同已知Subpathway",citrate/5-oxoproline,5-oxoproline/citrate
M_1181,GCST90200302,GCST90199896,Alpha-tocopherol,sulfate,跨支路ratio模块,Cross-branch Ratio Module,跨通路ratio模块,低,GCST90200789,-1.0,sulfate / Alpha-tocopherol,Alpha-tocopherol / sulfate,sulfate / Alpha-tocopherol,Alpha-tocopherol / sulfate,本行为由未匹配ratio直接生成的新模块：严格按 reportedTrait 中 'to' 分割，并去除末尾 ratio；to 前边=in，to 后边=out；因此 direction_sign=-1。,"来源reportedTrait=Alpha-tocopherol to sulfate ratio；严格按 reportedTrait 中 'to' 分割：in=Alpha-tocopherol, out=sulfate；in/out 分属不同已知Subpathway",sulfate/alpha-tocopherol,alpha-tocopherol/sulfate
M_1182,GCST90200293,GCST90200333,Thyroxine,taurocholate,跨支路ratio模块,Cross-branch Ratio Module,跨通路ratio模块,低,GCST90200790,-1.0,taurocholate / Thyroxine,Thyroxine / taurocholate,taurocholate / Thyroxine,Thyroxine / taurocholate,本行为由未匹配ratio直接生成的新模块：严格按 reportedTrait 中 'to' 分割，并去除末尾 ratio；to 前边=in，to 后边=out；因此 direction_sign=-1。,"来源reportedTrait=Thyroxine to taurocholate ratio；严格按 reportedTrait 中 'to' 分割：in=Thyroxine, out=taurocholate；in/out 分属不同已知Subpathway",taurocholate/thyroxine,thyroxine/taurocholate
M_1183,GCST90200323,GCST90199621,Creatine,carnitine,跨支路ratio模块,Cross-branch Ratio Module,跨通路ratio模块,低,GCST90200791,-1.0,carnitine / Creatine,Creatine / carnitine,carnitine / Creatine,Creatine / carnitine,本行为由未匹配ratio直接生成的新模块：严格按 reportedTrait 中 'to' 分割，并去除末尾 ratio；to 前边=in，to 后边=out；因此 direction_sign=-1。,"来源reportedTrait=Creatine to carnitine ratio；严格按 reportedTrait 中 'to' 分割：in=Creatine, out=carnitine；in/out 分属不同已知Subpathway",carnitine/creatine,creatine/carnitine
M_1184,GCST90199689,GCST90199811,Glycolithocholate,glycolithocholate sulfate,胆汁酸支路,Bile Acid Branch,类固醇-胆汁酸-葡萄糖醛酸化代谢,中,GCST90200793,-1.0,glycolithocholate sulfate / Glycolithocholate,Glycolithocholate / glycolithocholate sulfate,glycolithocholate sulfate / Glycolithocholate,Glycolithocholate / glycolithocholate sulfate,本行为由未匹配ratio直接生成的新模块：严格按 reportedTrait 中 'to' 分割，并去除末尾 ratio；to 前边=in，to 后边=out；因此 direction_sign=-1。,"来源reportedTrait=Glycolithocholate to glycolithocholate sulfate ratio；严格按 reportedTrait 中 'to' 分割：in=Glycolithocholate, out=glycolithocholate sulfate；in/out 命中相同Subpathway",glycolithocholate sulfate/glycolithocholate,glycolithocholate/glycolithocholate sulfate
M_1185,,,Oleoyl-linoleoyl-glycerol (18:1,18:2) [2] to linoleoyl-arachidonoyl-glycerol (18:2 to 20:4) [1],ratio衍生待定支路,Ratio-derived Unresolved Branch,待定ratio模块,低,GCST90200794,-1.0,18:2) [2] to linoleoyl-arachidonoyl-glycerol (18:2 to 20:4) [1] / Oleoyl-linoleoyl-glycerol (18:1,Oleoyl-linoleoyl-glycerol (18:1 / 18:2) [2] to linoleoyl-arachidonoyl-glycerol (18:2 to 20:4) [1],18:2) [2] to linoleoyl-arachidonoyl-glycerol (18:2 to 20:4) [1] / Oleoyl-linoleoyl-glycerol (18:1,Oleoyl-linoleoyl-glycerol (18:1 / 18:2) [2] to linoleoyl-arachidonoyl-glycerol (18:2 to 20:4) [1],本行为由未匹配ratio直接生成的新模块：严格按 reportedTrait 中 'to' 分割，并去除末尾 ratio；to 前边=in，to 后边=out；因此 direction_sign=-1。,"来源reportedTrait=Oleoyl-linoleoyl-glycerol (18:1 to 18:2) [2] to linoleoyl-arachidonoyl-glycerol (18:2 to 20:4) [1] ratio；严格按 reportedTrait 中 'to' 分割：in=Oleoyl-linoleoyl-glycerol (18:1, out=18:2) [2] to linoleoyl-arachidonoyl-glycerol (18:2 to 20:4) [1]；两侧均未命中现有Subpathway",18:2) [2] to linoleoyl-arachidonoyl-glycerol (18:2 to 20:4) [1]/oleoyl-linoleoyl-glycerol (18:1,oleoyl-linoleoyl-glycerol (18:1/18:2) [2] to linoleoyl-arachidonoyl-glycerol (18:2 to 20:4) [1]
M_1186,,,Oleoyl-linoleoyl-glycerol (18:1,18:2) [2] to linoleoyl-arachidonoyl-glycerol (18:2 to 20:4) [2],ratio衍生待定支路,Ratio-derived Unresolved Branch,待定ratio模块,低,GCST90200795,-1.0,18:2) [2] to linoleoyl-arachidonoyl-glycerol (18:2 to 20:4) [2] / Oleoyl-linoleoyl-glycerol (18:1,Oleoyl-linoleoyl-glycerol (18:1 / 18:2) [2] to linoleoyl-arachidonoyl-glycerol (18:2 to 20:4) [2],18:2) [2] to linoleoyl-arachidonoyl-glycerol (18:2 to 20:4) [2] / Oleoyl-linoleoyl-glycerol (18:1,Oleoyl-linoleoyl-glycerol (18:1 / 18:2) [2] to linoleoyl-arachidonoyl-glycerol (18:2 to 20:4) [2],本行为由未匹配ratio直接生成的新模块：严格按 reportedTrait 中 'to' 分割，并去除末尾 ratio；to 前边=in，to 后边=out；因此 direction_sign=-1。,"来源reportedTrait=Oleoyl-linoleoyl-glycerol (18:1 to 18:2) [2] to linoleoyl-arachidonoyl-glycerol (18:2 to 20:4) [2] ratio；严格按 reportedTrait 中 'to' 分割：in=Oleoyl-linoleoyl-glycerol (18:1, out=18:2) [2] to linoleoyl-arachidonoyl-glycerol (18:2 to 20:4) [2]；两侧均未命中现有Subpathway",18:2) [2] to linoleoyl-arachidonoyl-glycerol (18:2 to 20:4) [2]/oleoyl-linoleoyl-glycerol (18:1,oleoyl-linoleoyl-glycerol (18:1/18:2) [2] to linoleoyl-arachidonoyl-glycerol (18:2 to 20:4) [2]
M_1187,GCST90200423,GCST90200351,Spermidine,N-acetylputrescine,跨支路ratio模块,Cross-branch Ratio Module,跨通路ratio模块,低,GCST90200797,-1.0,N-acetylputrescine / Spermidine,Spermidine / N-acetylputrescine,N-acetylputrescine / Spermidine,Spermidine / N-acetylputrescine,本行为由未匹配ratio直接生成的新模块：严格按 reportedTrait 中 'to' 分割，并去除末尾 ratio；to 前边=in，to 后边=out；因此 direction_sign=-1。,"来源reportedTrait=Spermidine to N-acetylputrescine ratio；严格按 reportedTrait 中 'to' 分割：in=Spermidine, out=N-acetylputrescine；in/out 分属不同已知Subpathway",n-acetylputrescine/spermidine,spermidine/n-acetylputrescine
M_1188,GCST90200016,GCST90200019,Dopamine 4-sulfate,dopamine 3-O-sulfate,葡糖醛酸/硫酸结合物,Glucuronide/Sulfate Conjugates,类固醇-胆汁酸-葡萄糖醛酸化代谢,中,GCST90200798,-1.0,dopamine 3-O-sulfate / Dopamine 4-sulfate,Dopamine 4-sulfate / dopamine 3-O-sulfate,dopamine 3-O-sulfate / Dopamine 4-sulfate,Dopamine 4-sulfate / dopamine 3-O-sulfate,本行为由未匹配ratio直接生成的新模块：严格按 reportedTrait 中 'to' 分割，并去除末尾 ratio；to 前边=in，to 后边=out；因此 direction_sign=-1。,"来源reportedTrait=Dopamine 4-sulfate to dopamine 3-O-sulfate ratio；严格按 reportedTrait 中 'to' 分割：in=Dopamine 4-sulfate, out=dopamine 3-O-sulfate；in/out 命中相同Subpathway",dopamine 3-o-sulfate/dopamine 4-sulfate,dopamine 4-sulfate/dopamine 3-o-sulfate
M_1189,GCST90200423,GCST90200355,Spermidine,adenosine 5'-diphosphate (ADP),跨支路ratio模块,Cross-branch Ratio Module,跨通路ratio模块,低,GCST90200799,-1.0,adenosine 5'-diphosphate (ADP) / Spermidine,Spermidine / adenosine 5'-diphosphate (ADP),adenosine 5'-diphosphate (ADP) / Spermidine,Spermidine / adenosine 5'-diphosphate (ADP),本行为由未匹配ratio直接生成的新模块：严格按 reportedTrait 中 'to' 分割，并去除末尾 ratio；to 前边=in，to 后边=out；因此 direction_sign=-1。,"来源reportedTrait=Spermidine to adenosine 5'-diphosphate (ADP) ratio；严格按 reportedTrait 中 'to' 分割：in=Spermidine, out=adenosine 5'-diphosphate (ADP)；in/out 分属不同已知Subpathway",adenosine 5'-diphosphate (adp)/spermidine,spermidine/adenosine 5'-diphosphate (adp)
M_1190,GCST90200423,GCST90200377,Spermidine,histidine,跨支路ratio模块,Cross-branch Ratio Module,跨通路ratio模块,低,GCST90200800,-1.0,histidine / Spermidine,Spermidine / histidine,histidine / Spermidine,Spermidine / histidine,本行为由未匹配ratio直接生成的新模块：严格按 reportedTrait 中 'to' 分割，并去除末尾 ratio；to 前边=in，to 后边=out；因此 direction_sign=-1。,"来源reportedTrait=Spermidine to histidine ratio；严格按 reportedTrait 中 'to' 分割：in=Spermidine, out=histidine；in/out 分属不同已知Subpathway",histidine/spermidine,spermidine/histidine
M_1191,GCST90200359,GCST90200393,5-methylthioadenosine (MTA),phosphate,跨支路ratio模块,Cross-branch Ratio Module,跨通路ratio模块,低,GCST90200801,-1.0,phosphate / 5-methylthioadenosine (MTA),5-methylthioadenosine (MTA) / phosphate,phosphate / 5-methylthioadenosine (MTA),5-methylthioadenosine (MTA) / phosphate,本行为由未匹配ratio直接生成的新模块：严格按 reportedTrait 中 'to' 分割，并去除末尾 ratio；to 前边=in，to 后边=out；因此 direction_sign=-1。,"来源reportedTrait=5-methylthioadenosine (MTA) to phosphate ratio；严格按 reportedTrait 中 'to' 分割：in=5-methylthioadenosine (MTA), out=phosphate；in/out 分属不同已知Subpathway",phosphate/5-methylthioadenosine (mta),5-methylthioadenosine (mta)/phosphate
M_1192,GCST90200377,GCST90200430,Histidine,pyruvate,跨支路ratio模块,Cross-branch Ratio Module,跨通路ratio模块,低,GCST90200802,-1.0,pyruvate / Histidine,Histidine / pyruvate,pyruvate / Histidine,Histidine / pyruvate,本行为由未匹配ratio直接生成的新模块：严格按 reportedTrait 中 'to' 分割，并去除末尾 ratio；to 前边=in，to 后边=out；因此 direction_sign=-1。,"来源reportedTrait=Histidine to pyruvate ratio；严格按 reportedTrait 中 'to' 分割：in=Histidine, out=pyruvate；in/out 分属不同已知Subpathway",pyruvate/histidine,histidine/pyruvate
M_1193,GCST90200423,GCST90200393,Spermidine,phosphate,跨支路ratio模块,Cross-branch Ratio Module,跨通路ratio模块,低,GCST90200803,-1.0,phosphate / Spermidine,Spermidine / phosphate,phosphate / Spermidine,Spermidine / phosphate,本行为由未匹配ratio直接生成的新模块：严格按 reportedTrait 中 'to' 分割，并去除末尾 ratio；to 前边=in，to 后边=out；因此 direction_sign=-1。,"来源reportedTrait=Spermidine to phosphate ratio；严格按 reportedTrait 中 'to' 分割：in=Spermidine, out=phosphate；in/out 分属不同已知Subpathway",phosphate/spermidine,spermidine/phosphate
M_1194,GCST90200423,GCST90200430,Spermidine,pyruvate,跨支路ratio模块,Cross-branch Ratio Module,跨通路ratio模块,低,GCST90200804,-1.0,pyruvate / Spermidine,Spermidine / pyruvate,pyruvate / Spermidine,Spermidine / pyruvate,本行为由未匹配ratio直接生成的新模块：严格按 reportedTrait 中 'to' 分割，并去除末尾 ratio；to 前边=in，to 后边=out；因此 direction_sign=-1。,"来源reportedTrait=Spermidine to pyruvate ratio；严格按 reportedTrait 中 'to' 分割：in=Spermidine, out=pyruvate；in/out 分属不同已知Subpathway",pyruvate/spermidine,spermidine/pyruvate
M_1195,GCST90200423,GCST90199621,Spermidine,carnitine,跨支路ratio模块,Cross-branch Ratio Module,跨通路ratio模块,低,GCST90200805,-1.0,carnitine / Spermidine,Spermidine / carnitine,carnitine / Spermidine,Spermidine / carnitine,本行为由未匹配ratio直接生成的新模块：严格按 reportedTrait 中 'to' 分割，并去除末尾 ratio；to 前边=in，to 后边=out；因此 direction_sign=-1。,"来源reportedTrait=Spermidine to carnitine ratio；严格按 reportedTrait 中 'to' 分割：in=Spermidine, out=carnitine；in/out 分属不同已知Subpathway",carnitine/spermidine,spermidine/carnitine
M_1196,GCST90200423,GCST90199879,Spermidine,ergothioneine,跨支路ratio模块,Cross-branch Ratio Module,跨通路ratio模块,低,GCST90200806,-1.0,ergothioneine / Spermidine,Spermidine / ergothioneine,ergothioneine / Spermidine,Spermidine / ergothioneine,本行为由未匹配ratio直接生成的新模块：严格按 reportedTrait 中 'to' 分割，并去除末尾 ratio；to 前边=in，to 后边=out；因此 direction_sign=-1。,"来源reportedTrait=Spermidine to ergothioneine ratio；严格按 reportedTrait 中 'to' 分割：in=Spermidine, out=ergothioneine；in/out 分属不同已知Subpathway",ergothioneine/spermidine,spermidine/ergothioneine
M_1197,GCST90199621,GCST90199879,Carnitine,ergothioneine,跨支路ratio模块,Cross-branch Ratio Module,跨通路ratio模块,低,GCST90200807,-1.0,ergothioneine / Carnitine,Carnitine / ergothioneine,ergothioneine / Carnitine,Carnitine / ergothioneine,本行为由未匹配ratio直接生成的新模块：严格按 reportedTrait 中 'to' 分割，并去除末尾 ratio；to 前边=in，to 后边=out；因此 direction_sign=-1。,"来源reportedTrait=Carnitine to ergothioneine ratio；严格按 reportedTrait 中 'to' 分割：in=Carnitine, out=ergothioneine；in/out 分属不同已知Subpathway",ergothioneine/carnitine,carnitine/ergothioneine
M_1198,GCST90200423,GCST90200327,Spermidine,choline,跨支路ratio模块,Cross-branch Ratio Module,跨通路ratio模块,低,GCST90200808,-1.0,choline / Spermidine,Spermidine / choline,choline / Spermidine,Spermidine / choline,本行为由未匹配ratio直接生成的新模块：严格按 reportedTrait 中 'to' 分割，并去除末尾 ratio；to 前边=in，to 后边=out；因此 direction_sign=-1。,"来源reportedTrait=Spermidine to choline ratio；严格按 reportedTrait 中 'to' 分割：in=Spermidine, out=choline；in/out 分属不同已知Subpathway",choline/spermidine,spermidine/choline
M_1199,GCST90200423,GCST90200333,Spermidine,taurocholate,跨支路ratio模块,Cross-branch Ratio Module,跨通路ratio模块,低,GCST90200809,-1.0,taurocholate / Spermidine,Spermidine / taurocholate,taurocholate / Spermidine,Spermidine / taurocholate,本行为由未匹配ratio直接生成的新模块：严格按 reportedTrait 中 'to' 分割，并去除末尾 ratio；to 前边=in，to 后边=out；因此 direction_sign=-1。,"来源reportedTrait=Spermidine to taurocholate ratio；严格按 reportedTrait 中 'to' 分割：in=Spermidine, out=taurocholate；in/out 分属不同已知Subpathway",taurocholate/spermidine,spermidine/taurocholate
M_1200,GCST90200455,GCST90199636,Alpha-ketoglutarate,kynurenine,跨支路ratio模块,Cross-branch Ratio Module,跨通路ratio模块,低,GCST90200810,-1.0,kynurenine / Alpha-ketoglutarate,Alpha-ketoglutarate / kynurenine,kynurenine / Alpha-ketoglutarate,Alpha-ketoglutarate / kynurenine,本行为由未匹配ratio直接生成的新模块：严格按 reportedTrait 中 'to' 分割，并去除末尾 ratio；to 前边=in，to 后边=out；因此 direction_sign=-1。,"来源reportedTrait=Alpha-ketoglutarate to kynurenine ratio；严格按 reportedTrait 中 'to' 分割：in=Alpha-ketoglutarate, out=kynurenine；in/out 分属不同已知Subpathway",kynurenine/alpha-ketoglutarate,alpha-ketoglutarate/kynurenine
M_1201,GCST90200327,GCST90200333,Choline,taurocholate,跨支路ratio模块,Cross-branch Ratio Module,跨通路ratio模块,低,GCST90200811,-1.0,taurocholate / Choline,Choline / taurocholate,taurocholate / Choline,Choline / taurocholate,本行为由未匹配ratio直接生成的新模块：严格按 reportedTrait 中 'to' 分割，并去除末尾 ratio；to 前边=in，to 后边=out；因此 direction_sign=-1。,"来源reportedTrait=Choline to taurocholate ratio；严格按 reportedTrait 中 'to' 分割：in=Choline, out=taurocholate；in/out 分属不同已知Subpathway",taurocholate/choline,choline/taurocholate
M_1202,GCST90200412,GCST90199636,Glutamate,kynurenine,跨支路ratio模块,Cross-branch Ratio Module,跨通路ratio模块,低,GCST90200812,-1.0,kynurenine / Glutamate,Glutamate / kynurenine,kynurenine / Glutamate,Glutamate / kynurenine,本行为由未匹配ratio直接生成的新模块：严格按 reportedTrait 中 'to' 分割，并去除末尾 ratio；to 前边=in，to 后边=out；因此 direction_sign=-1。,"来源reportedTrait=Glutamate to kynurenine ratio；严格按 reportedTrait 中 'to' 分割：in=Glutamate, out=kynurenine；in/out 分属不同已知Subpathway",kynurenine/glutamate,glutamate/kynurenine
M_1203,GCST90200404,GCST90200412,Ornithine,glutamate,跨支路ratio模块,Cross-branch Ratio Module,跨通路ratio模块,低,GCST90200813,-1.0,glutamate / Ornithine,Ornithine / glutamate,glutamate / Ornithine,Ornithine / glutamate,本行为由未匹配ratio直接生成的新模块：严格按 reportedTrait 中 'to' 分割，并去除末尾 ratio；to 前边=in，to 后边=out；因此 direction_sign=-1。,"来源reportedTrait=Ornithine to glutamate ratio；严格按 reportedTrait 中 'to' 分割：in=Ornithine, out=glutamate；in/out 分属不同已知Subpathway",glutamate/ornithine,ornithine/glutamate
M_1204,GCST90200455,GCST90200404,Alpha-ketoglutarate,ornithine,跨支路ratio模块,Cross-branch Ratio Module,跨通路ratio模块,低,GCST90200814,-1.0,ornithine / Alpha-ketoglutarate,Alpha-ketoglutarate / ornithine,ornithine / Alpha-ketoglutarate,Alpha-ketoglutarate / ornithine,本行为由未匹配ratio直接生成的新模块：严格按 reportedTrait 中 'to' 分割，并去除末尾 ratio；to 前边=in，to 后边=out；因此 direction_sign=-1。,"来源reportedTrait=Alpha-ketoglutarate to ornithine ratio；严格按 reportedTrait 中 'to' 分割：in=Alpha-ketoglutarate, out=ornithine；in/out 分属不同已知Subpathway",ornithine/alpha-ketoglutarate,alpha-ketoglutarate/ornithine
M_1205,GCST90200308,GCST90200355,3-hydroxyisobutyrate,adenosine 5'-diphosphate (ADP),跨支路ratio模块,Cross-branch Ratio Module,跨通路ratio模块,低,GCST90200815,-1.0,adenosine 5'-diphosphate (ADP) / 3-hydroxyisobutyrate,3-hydroxyisobutyrate / adenosine 5'-diphosphate (ADP),adenosine 5'-diphosphate (ADP) / 3-hydroxyisobutyrate,3-hydroxyisobutyrate / adenosine 5'-diphosphate (ADP),本行为由未匹配ratio直接生成的新模块：严格按 reportedTrait 中 'to' 分割，并去除末尾 ratio；to 前边=in，to 后边=out；因此 direction_sign=-1。,"来源reportedTrait=3-hydroxyisobutyrate to adenosine 5'-diphosphate (ADP) ratio；严格按 reportedTrait 中 'to' 分割：in=3-hydroxyisobutyrate, out=adenosine 5'-diphosphate (ADP)；in/out 分属不同已知Subpathway",adenosine 5'-diphosphate (adp)/3-hydroxyisobutyrate,3-hydroxyisobutyrate/adenosine 5'-diphosphate (adp)
M_1206,GCST90200455,GCST90200370,Alpha-ketoglutarate,aspartate,跨支路ratio模块,Cross-branch Ratio Module,跨通路ratio模块,低,GCST90200816,-1.0,aspartate / Alpha-ketoglutarate,Alpha-ketoglutarate / aspartate,aspartate / Alpha-ketoglutarate,Alpha-ketoglutarate / aspartate,本行为由未匹配ratio直接生成的新模块：严格按 reportedTrait 中 'to' 分割，并去除末尾 ratio；to 前边=in，to 后边=out；因此 direction_sign=-1。,"来源reportedTrait=Alpha-ketoglutarate to aspartate ratio；严格按 reportedTrait 中 'to' 分割：in=Alpha-ketoglutarate, out=aspartate；in/out 分属不同已知Subpathway",aspartate/alpha-ketoglutarate,alpha-ketoglutarate/aspartate
M_1207,GCST90200308,GCST90200393,3-hydroxyisobutyrate,phosphate,跨支路ratio模块,Cross-branch Ratio Module,跨通路ratio模块,低,GCST90200817,-1.0,phosphate / 3-hydroxyisobutyrate,3-hydroxyisobutyrate / phosphate,phosphate / 3-hydroxyisobutyrate,3-hydroxyisobutyrate / phosphate,本行为由未匹配ratio直接生成的新模块：严格按 reportedTrait 中 'to' 分割，并去除末尾 ratio；to 前边=in，to 后边=out；因此 direction_sign=-1。,"来源reportedTrait=3-hydroxyisobutyrate to phosphate ratio；严格按 reportedTrait 中 'to' 分割：in=3-hydroxyisobutyrate, out=phosphate；in/out 分属不同已知Subpathway",phosphate/3-hydroxyisobutyrate,3-hydroxyisobutyrate/phosphate
M_1208,GCST90200355,GCST90200290,Adenosine 5'-diphosphate (ADP),glycerate,跨支路ratio模块,Cross-branch Ratio Module,跨通路ratio模块,低,GCST90200818,-1.0,glycerate / Adenosine 5'-diphosphate (ADP),Adenosine 5'-diphosphate (ADP) / glycerate,glycerate / Adenosine 5'-diphosphate (ADP),Adenosine 5'-diphosphate (ADP) / glycerate,本行为由未匹配ratio直接生成的新模块：严格按 reportedTrait 中 'to' 分割，并去除末尾 ratio；to 前边=in，to 后边=out；因此 direction_sign=-1。,"来源reportedTrait=Adenosine 5'-diphosphate (ADP) to glycerate ratio；严格按 reportedTrait 中 'to' 分割：in=Adenosine 5'-diphosphate (ADP), out=glycerate；in/out 分属不同已知Subpathway",glycerate/adenosine 5'-diphosphate (adp),adenosine 5'-diphosphate (adp)/glycerate
M_1209,GCST90200355,GCST90200442,Adenosine 5'-diphosphate (ADP),valine,跨支路ratio模块,Cross-branch Ratio Module,跨通路ratio模块,低,GCST90200820,-1.0,valine / Adenosine 5'-diphosphate (ADP),Adenosine 5'-diphosphate (ADP) / valine,valine / Adenosine 5'-diphosphate (ADP),Adenosine 5'-diphosphate (ADP) / valine,本行为由未匹配ratio直接生成的新模块：严格按 reportedTrait 中 'to' 分割，并去除末尾 ratio；to 前边=in，to 后边=out；因此 direction_sign=-1。,"来源reportedTrait=Adenosine 5'-diphosphate (ADP) to valine ratio；严格按 reportedTrait 中 'to' 分割：in=Adenosine 5'-diphosphate (ADP), out=valine；in/out 分属不同已知Subpathway",valine/adenosine 5'-diphosphate (adp),adenosine 5'-diphosphate (adp)/valine
M_1210,GCST90200355,GCST90200707,Adenosine 5'-diphosphate (ADP),glycine,跨支路ratio模块,Cross-branch Ratio Module,跨通路ratio模块,低,GCST90200821,-1.0,glycine / Adenosine 5'-diphosphate (ADP),Adenosine 5'-diphosphate (ADP) / glycine,glycine / Adenosine 5'-diphosphate (ADP),Adenosine 5'-diphosphate (ADP) / glycine,本行为由未匹配ratio直接生成的新模块：严格按 reportedTrait 中 'to' 分割，并去除末尾 ratio；to 前边=in，to 后边=out；因此 direction_sign=-1。,"来源reportedTrait=Adenosine 5'-diphosphate (ADP) to glycine ratio；严格按 reportedTrait 中 'to' 分割：in=Adenosine 5'-diphosphate (ADP), out=glycine；in/out 分属不同已知Subpathway",glycine/adenosine 5'-diphosphate (adp),adenosine 5'-diphosphate (adp)/glycine
M_1211,GCST90200393,GCST90200442,Phosphate,valine,跨支路ratio模块,Cross-branch Ratio Module,跨通路ratio模块,低,GCST90200822,-1.0,valine / Phosphate,Phosphate / valine,valine / Phosphate,Phosphate / valine,本行为由未匹配ratio直接生成的新模块：严格按 reportedTrait 中 'to' 分割，并去除末尾 ratio；to 前边=in，to 后边=out；因此 direction_sign=-1。,"来源reportedTrait=Phosphate to valine ratio；严格按 reportedTrait 中 'to' 分割：in=Phosphate, out=valine；in/out 分属不同已知Subpathway",valine/phosphate,phosphate/valine
M_1212,GCST90200355,,Adenosine 5'-diphosphate (ADP),N-palmitoyl-sphingosine (d18:1 to 16:0),核苷支路,Nucleoside Branch,核苷酸-辅因子/维生素-外源物代谢,中,GCST90200823,-1.0,N-palmitoyl-sphingosine (d18:1 to 16:0) / Adenosine 5'-diphosphate (ADP),Adenosine 5'-diphosphate (ADP) / N-palmitoyl-sphingosine (d18:1 to 16:0),N-palmitoyl-sphingosine (d18:1 to 16:0) / Adenosine 5'-diphosphate (ADP),Adenosine 5'-diphosphate (ADP) / N-palmitoyl-sphingosine (d18:1 to 16:0),本行为由未匹配ratio直接生成的新模块：严格按 reportedTrait 中 'to' 分割，并去除末尾 ratio；to 前边=in，to 后边=out；因此 direction_sign=-1。,"来源reportedTrait=Adenosine 5'-diphosphate (ADP) to N-palmitoyl-sphingosine (d18:1 to 16:0) ratio；严格按 reportedTrait 中 'to' 分割：in=Adenosine 5'-diphosphate (ADP), out=N-palmitoyl-sphingosine (d18:1 to 16:0)；仅单侧继承已有Subpathway",n-palmitoyl-sphingosine (d18:1 to 16:0)/adenosine 5'-diphosphate (adp),adenosine 5'-diphosphate (adp)/n-palmitoyl-sphingosine (d18:1 to 16:0)
M_1213,GCST90200355,GCST90199896,Adenosine 5'-diphosphate (ADP),sulfate,跨支路ratio模块,Cross-branch Ratio Module,跨通路ratio模块,低,GCST90200824,-1.0,sulfate / Adenosine 5'-diphosphate (ADP),Adenosine 5'-diphosphate (ADP) / sulfate,sulfate / Adenosine 5'-diphosphate (ADP),Adenosine 5'-diphosphate (ADP) / sulfate,本行为由未匹配ratio直接生成的新模块：严格按 reportedTrait 中 'to' 分割，并去除末尾 ratio；to 前边=in，to 后边=out；因此 direction_sign=-1。,"来源reportedTrait=Adenosine 5'-diphosphate (ADP) to sulfate ratio；严格按 reportedTrait 中 'to' 分割：in=Adenosine 5'-diphosphate (ADP), out=sulfate；in/out 分属不同已知Subpathway",sulfate/adenosine 5'-diphosphate (adp),adenosine 5'-diphosphate (adp)/sulfate
M_1214,GCST90200393,GCST90199896,Phosphate,sulfate,跨支路ratio模块,Cross-branch Ratio Module,跨通路ratio模块,低,GCST90200825,-1.0,sulfate / Phosphate,Phosphate / sulfate,sulfate / Phosphate,Phosphate / sulfate,本行为由未匹配ratio直接生成的新模块：严格按 reportedTrait 中 'to' 分割，并去除末尾 ratio；to 前边=in，to 后边=out；因此 direction_sign=-1。,"来源reportedTrait=Phosphate to sulfate ratio；严格按 reportedTrait 中 'to' 分割：in=Phosphate, out=sulfate；in/out 分属不同已知Subpathway",sulfate/phosphate,phosphate/sulfate
M_1215,GCST90200707,GCST90200393,Glycine,phosphate,跨支路ratio模块,Cross-branch Ratio Module,跨通路ratio模块,低,GCST90200826,-1.0,phosphate / Glycine,Glycine / phosphate,phosphate / Glycine,Glycine / phosphate,本行为由未匹配ratio直接生成的新模块：严格按 reportedTrait 中 'to' 分割，并去除末尾 ratio；to 前边=in，to 后边=out；因此 direction_sign=-1。,"来源reportedTrait=Glycine to phosphate ratio；严格按 reportedTrait 中 'to' 分割：in=Glycine, out=phosphate；in/out 分属不同已知Subpathway",phosphate/glycine,glycine/phosphate
M_1216,GCST90200393,,Phosphate,N-palmitoyl-sphingosine (d18:1 to 16:0),跨支路ratio模块,Cross-branch Ratio Module,跨通路ratio模块,低,GCST90200827,-1.0,N-palmitoyl-sphingosine (d18:1 to 16:0) / Phosphate,Phosphate / N-palmitoyl-sphingosine (d18:1 to 16:0),N-palmitoyl-sphingosine (d18:1 to 16:0) / Phosphate,Phosphate / N-palmitoyl-sphingosine (d18:1 to 16:0),本行为由未匹配ratio直接生成的新模块：严格按 reportedTrait 中 'to' 分割，并去除末尾 ratio；to 前边=in，to 后边=out；因此 direction_sign=-1。,"来源reportedTrait=Phosphate to N-palmitoyl-sphingosine (d18:1 to 16:0) ratio；严格按 reportedTrait 中 'to' 分割：in=Phosphate, out=N-palmitoyl-sphingosine (d18:1 to 16:0)；in/out 分属不同已知Subpathway",n-palmitoyl-sphingosine (d18:1 to 16:0)/phosphate,phosphate/n-palmitoyl-sphingosine (d18:1 to 16:0)
M_1217,GCST90200321,GCST90200704,Cholate,"bilirubin (Z,Z)",跨支路ratio模块,Cross-branch Ratio Module,跨通路ratio模块,低,GCST90200828,-1.0,"bilirubin (Z,Z) / Cholate","Cholate / bilirubin (Z,Z)","bilirubin (Z,Z) / Cholate","Cholate / bilirubin (Z,Z)",本行为由未匹配ratio直接生成的新模块：严格按 reportedTrait 中 'to' 分割，并去除末尾 ratio；to 前边=in，to 后边=out；因此 direction_sign=-1。,"来源reportedTrait=Cholate to bilirubin (Z,Z) ratio；严格按 reportedTrait 中 'to' 分割：in=Cholate, out=bilirubin (Z,Z)；in/out 分属不同已知Subpathway","bilirubin (z,z)/cholate","cholate/bilirubin (z,z)"
M_1218,GCST90200704,GCST90200333,"Bilirubin (Z,Z)",taurocholate,跨支路ratio模块,Cross-branch Ratio Module,跨通路ratio模块,低,GCST90200829,-1.0,"taurocholate / Bilirubin (Z,Z)","Bilirubin (Z,Z) / taurocholate","taurocholate / Bilirubin (Z,Z)","Bilirubin (Z,Z) / taurocholate",本行为由未匹配ratio直接生成的新模块：严格按 reportedTrait 中 'to' 分割，并去除末尾 ratio；to 前边=in，to 后边=out；因此 direction_sign=-1。,"来源reportedTrait=Bilirubin (Z,Z) to taurocholate ratio；严格按 reportedTrait 中 'to' 分割：in=Bilirubin (Z,Z), out=taurocholate；in/out 分属不同已知Subpathway","taurocholate/bilirubin (z,z)","bilirubin (z,z)/taurocholate"
M_1219,GCST90200321,GCST90200357,Cholate,"adenosine 3',5'-cyclic monophosphate (cAMP)",跨支路ratio模块,Cross-branch Ratio Module,跨通路ratio模块,低,GCST90200830,-1.0,"adenosine 3',5'-cyclic monophosphate (cAMP) / Cholate","Cholate / adenosine 3',5'-cyclic monophosphate (cAMP)","adenosine 3',5'-cyclic monophosphate (cAMP) / Cholate","Cholate / adenosine 3',5'-cyclic monophosphate (cAMP)",本行为由未匹配ratio直接生成的新模块：严格按 reportedTrait 中 'to' 分割，并去除末尾 ratio；to 前边=in，to 后边=out；因此 direction_sign=-1。,"来源reportedTrait=Cholate to adenosine 3',5'-cyclic monophosphate (cAMP) ratio；严格按 reportedTrait 中 'to' 分割：in=Cholate, out=adenosine 3',5'-cyclic monophosphate (cAMP)；in/out 分属不同已知Subpathway","adenosine 3',5'-cyclic monophosphate (camp)/cholate","cholate/adenosine 3',5'-cyclic monophosphate (camp)"
M_1220,GCST90200321,GCST90200393,Cholate,phosphate,跨支路ratio模块,Cross-branch Ratio Module,跨通路ratio模块,低,GCST90200831,-1.0,phosphate / Cholate,Cholate / phosphate,phosphate / Cholate,Cholate / phosphate,本行为由未匹配ratio直接生成的新模块：严格按 reportedTrait 中 'to' 分割，并去除末尾 ratio；to 前边=in，to 后边=out；因此 direction_sign=-1。,"来源reportedTrait=Cholate to phosphate ratio；严格按 reportedTrait 中 'to' 分割：in=Cholate, out=phosphate；in/out 分属不同已知Subpathway",phosphate/cholate,cholate/phosphate
M_1221,GCST90200355,GCST90200304,Adenosine 5'-diphosphate (ADP),citrate,跨支路ratio模块,Cross-branch Ratio Module,跨通路ratio模块,低,GCST90200832,-1.0,citrate / Adenosine 5'-diphosphate (ADP),Adenosine 5'-diphosphate (ADP) / citrate,citrate / Adenosine 5'-diphosphate (ADP),Adenosine 5'-diphosphate (ADP) / citrate,本行为由未匹配ratio直接生成的新模块：严格按 reportedTrait 中 'to' 分割，并去除末尾 ratio；to 前边=in，to 后边=out；因此 direction_sign=-1。,"来源reportedTrait=Adenosine 5'-diphosphate (ADP) to citrate ratio；严格按 reportedTrait 中 'to' 分割：in=Adenosine 5'-diphosphate (ADP), out=citrate；in/out 分属不同已知Subpathway",citrate/adenosine 5'-diphosphate (adp),adenosine 5'-diphosphate (adp)/citrate
M_1222,GCST90200321,GCST90200356,Cholate,adenosine 5'-monophosphate (AMP),跨支路ratio模块,Cross-branch Ratio Module,跨通路ratio模块,低,GCST90200833,-1.0,adenosine 5'-monophosphate (AMP) / Cholate,Cholate / adenosine 5'-monophosphate (AMP),adenosine 5'-monophosphate (AMP) / Cholate,Cholate / adenosine 5'-monophosphate (AMP),本行为由未匹配ratio直接生成的新模块：严格按 reportedTrait 中 'to' 分割，并去除末尾 ratio；to 前边=in，to 后边=out；因此 direction_sign=-1。,"来源reportedTrait=Cholate to adenosine 5'-monophosphate (AMP) ratio；严格按 reportedTrait 中 'to' 分割：in=Cholate, out=adenosine 5'-monophosphate (AMP)；in/out 分属不同已知Subpathway",adenosine 5'-monophosphate (amp)/cholate,cholate/adenosine 5'-monophosphate (amp)
M_1223,GCST90200355,GCST90199638,Adenosine 5'-diphosphate (ADP),glycerol 3-phosphate,跨支路ratio模块,Cross-branch Ratio Module,跨通路ratio模块,低,GCST90200834,-1.0,glycerol 3-phosphate / Adenosine 5'-diphosphate (ADP),Adenosine 5'-diphosphate (ADP) / glycerol 3-phosphate,glycerol 3-phosphate / Adenosine 5'-diphosphate (ADP),Adenosine 5'-diphosphate (ADP) / glycerol 3-phosphate,本行为由未匹配ratio直接生成的新模块：严格按 reportedTrait 中 'to' 分割，并去除末尾 ratio；to 前边=in，to 后边=out；因此 direction_sign=-1。,"来源reportedTrait=Adenosine 5'-diphosphate (ADP) to glycerol 3-phosphate ratio；严格按 reportedTrait 中 'to' 分割：in=Adenosine 5'-diphosphate (ADP), out=glycerol 3-phosphate；in/out 分属不同已知Subpathway",glycerol 3-phosphate/adenosine 5'-diphosphate (adp),adenosine 5'-diphosphate (adp)/glycerol 3-phosphate
M_1224,GCST90200393,GCST90200318,Phosphate,acetoacetate,其他/待定,Other/Undetermined,核苷酸-辅因子/维生素-外源物代谢,中,GCST90200883,-1.0,acetoacetate / Phosphate,Phosphate / acetoacetate,acetoacetate / Phosphate,Phosphate / acetoacetate,本行为由未匹配ratio直接生成的新模块：严格按 reportedTrait 中 'to' 分割，并去除末尾 ratio；to 前边=in，to 后边=out；因此 direction_sign=-1。,"来源reportedTrait=Phosphate to acetoacetate ratio；严格按 reportedTrait 中 'to' 分割：in=Phosphate, out=acetoacetate；in/out 命中相同Subpathway",acetoacetate/phosphate,phosphate/acetoacetate
M_1225,GCST90200435,,Mannose,N-acetylglucosamine to N-acetylgalactosamine,跨支路ratio模块,Cross-branch Ratio Module,跨通路ratio模块,低,GCST90200884,-1.0,N-acetylglucosamine to N-acetylgalactosamine / Mannose,Mannose / N-acetylglucosamine to N-acetylgalactosamine,N-acetylglucosamine to N-acetylgalactosamine / Mannose,Mannose / N-acetylglucosamine to N-acetylgalactosamine,本行为由未匹配ratio直接生成的新模块：严格按 reportedTrait 中 'to' 分割，并去除末尾 ratio；to 前边=in，to 后边=out；因此 direction_sign=-1。,"来源reportedTrait=Mannose to N-acetylglucosamine to N-acetylgalactosamine ratio；严格按 reportedTrait 中 'to' 分割：in=Mannose, out=N-acetylglucosamine to N-acetylgalactosamine；in/out 分属不同已知Subpathway",n-acetylglucosamine to n-acetylgalactosamine/mannose,mannose/n-acetylglucosamine to n-acetylgalactosamine
M_1226,GCST90200365,GCST90200304,Phenylpyruvate,citrate,丙酮酸入口,Pyruvate Entry Branch,Ratio-derived module,中,GCST90200885,-1.0,citrate / Phenylpyruvate,Phenylpyruvate / citrate,citrate / Phenylpyruvate,Phenylpyruvate / citrate,本行为由未匹配ratio直接生成的新模块：严格按 reportedTrait 中 'to' 分割，并去除末尾 ratio；to 前边=in，to 后边=out；因此 direction_sign=-1。,"来源reportedTrait=Phenylpyruvate to citrate ratio；严格按 reportedTrait 中 'to' 分割：in=Phenylpyruvate, out=citrate；in/out 命中相同Subpathway",citrate/phenylpyruvate,phenylpyruvate/citrate
M_1227,GCST90200365,GCST90200300,Phenylpyruvate,4-hydroxyphenylpyruvate,丙酮酸入口,Phenylalanine/Tyrosine Branch,芳香族氨基酸-吲哚/组氨酸-微生物共代谢,中,GCST90200886,-1.0,4-hydroxyphenylpyruvate / Phenylpyruvate,Phenylpyruvate / 4-hydroxyphenylpyruvate,4-hydroxyphenylpyruvate / Phenylpyruvate,Phenylpyruvate / 4-hydroxyphenylpyruvate,本行为由未匹配ratio直接生成的新模块：严格按 reportedTrait 中 'to' 分割，并去除末尾 ratio；to 前边=in，to 后边=out；因此 direction_sign=-1。,"来源reportedTrait=Phenylpyruvate to 4-hydroxyphenylpyruvate ratio；严格按 reportedTrait 中 'to' 分割：in=Phenylpyruvate, out=4-hydroxyphenylpyruvate；in/out 命中相同Subpathway",4-hydroxyphenylpyruvate/phenylpyruvate,phenylpyruvate/4-hydroxyphenylpyruvate
M_1228,GCST90200368,GCST90200378,Cholesterol,cortisol,类固醇前体/激素支路,Steroid Precursor/Hormone Branch,类固醇-胆汁酸-葡萄糖醛酸化代谢,中,GCST90200887,-1.0,cortisol / Cholesterol,Cholesterol / cortisol,cortisol / Cholesterol,Cholesterol / cortisol,本行为由未匹配ratio直接生成的新模块：严格按 reportedTrait 中 'to' 分割，并去除末尾 ratio；to 前边=in，to 后边=out；因此 direction_sign=-1。,"来源reportedTrait=Cholesterol to cortisol ratio；严格按 reportedTrait 中 'to' 分割：in=Cholesterol, out=cortisol；in/out 命中相同Subpathway",cortisol/cholesterol,cholesterol/cortisol
M_1229,GCST90200304,GCST90200300,Citrate,4-hydroxyphenylpyruvate,丙酮酸入口,Pyruvate Entry Branch,Ratio-derived module,中,GCST90200888,-1.0,4-hydroxyphenylpyruvate / Citrate,Citrate / 4-hydroxyphenylpyruvate,4-hydroxyphenylpyruvate / Citrate,Citrate / 4-hydroxyphenylpyruvate,本行为由未匹配ratio直接生成的新模块：严格按 reportedTrait 中 'to' 分割，并去除末尾 ratio；to 前边=in，to 后边=out；因此 direction_sign=-1。,"来源reportedTrait=Citrate to 4-hydroxyphenylpyruvate ratio；严格按 reportedTrait 中 'to' 分割：in=Citrate, out=4-hydroxyphenylpyruvate；in/out 命中相同Subpathway",4-hydroxyphenylpyruvate/citrate,citrate/4-hydroxyphenylpyruvate
M_1230,GCST90200368,GCST90200333,Cholesterol,taurocholate,跨支路ratio模块,Cross-branch Ratio Module,跨通路ratio模块,低,GCST90200889,-1.0,taurocholate / Cholesterol,Cholesterol / taurocholate,taurocholate / Cholesterol,Cholesterol / taurocholate,本行为由未匹配ratio直接生成的新模块：严格按 reportedTrait 中 'to' 分割，并去除末尾 ratio；to 前边=in，to 后边=out；因此 direction_sign=-1。,"来源reportedTrait=Cholesterol to taurocholate ratio；严格按 reportedTrait 中 'to' 分割：in=Cholesterol, out=taurocholate；in/out 分属不同已知Subpathway",taurocholate/cholesterol,cholesterol/taurocholate
M_1231,GCST90200378,GCST90200333,Cortisol,taurocholate,跨支路ratio模块,Cross-branch Ratio Module,跨通路ratio模块,低,GCST90200890,-1.0,taurocholate / Cortisol,Cortisol / taurocholate,taurocholate / Cortisol,Cortisol / taurocholate,本行为由未匹配ratio直接生成的新模块：严格按 reportedTrait 中 'to' 分割，并去除末尾 ratio；to 前边=in，to 后边=out；因此 direction_sign=-1。,"来源reportedTrait=Cortisol to taurocholate ratio；严格按 reportedTrait 中 'to' 分割：in=Cortisol, out=taurocholate；in/out 分属不同已知Subpathway",taurocholate/cortisol,cortisol/taurocholate
M_1232,GCST90200421,GCST90200445,Salicylate,caprylate (8:0),跨支路ratio模块,Cross-branch Ratio Module,跨通路ratio模块,低,GCST90200891,-1.0,caprylate (8:0) / Salicylate,Salicylate / caprylate (8:0),caprylate (8:0) / Salicylate,Salicylate / caprylate (8:0),本行为由未匹配ratio直接生成的新模块：严格按 reportedTrait 中 'to' 分割，并去除末尾 ratio；to 前边=in，to 后边=out；因此 direction_sign=-1。,"来源reportedTrait=Salicylate to caprylate (8:0) ratio；严格按 reportedTrait 中 'to' 分割：in=Salicylate, out=caprylate (8:0)；in/out 分属不同已知Subpathway",caprylate (8:0)/salicylate,salicylate/caprylate (8:0)
M_1233,GCST90200393,GCST90199690,Phosphate,EDTA,葡糖醛酸支路,Glucuronate Branch,核苷酸-辅因子/维生素-外源物代谢,中,GCST90200943,-1.0,EDTA / Phosphate,Phosphate / EDTA,EDTA / Phosphate,Phosphate / EDTA,本行为由未匹配ratio直接生成的新模块：严格按 reportedTrait 中 'to' 分割，并去除末尾 ratio；to 前边=in，to 后边=out；因此 direction_sign=-1。,"来源reportedTrait=Phosphate to EDTA ratio；严格按 reportedTrait 中 'to' 分割：in=Phosphate, out=EDTA；in/out 命中相同Subpathway",edta/phosphate,phosphate/edta
M_1234,GCST90200455,GCST90200430,Alpha-ketoglutarate,pyruvate,跨支路ratio模块,Cross-branch Ratio Module,跨通路ratio模块,低,GCST90200944,-1.0,pyruvate / Alpha-ketoglutarate,Alpha-ketoglutarate / pyruvate,pyruvate / Alpha-ketoglutarate,Alpha-ketoglutarate / pyruvate,本行为由未匹配ratio直接生成的新模块：严格按 reportedTrait 中 'to' 分割，并去除末尾 ratio；to 前边=in，to 后边=out；因此 direction_sign=-1。,"来源reportedTrait=Alpha-ketoglutarate to pyruvate ratio；严格按 reportedTrait 中 'to' 分割：in=Alpha-ketoglutarate, out=pyruvate；in/out 分属不同已知Subpathway",pyruvate/alpha-ketoglutarate,alpha-ketoglutarate/pyruvate
M_1235,GCST90200356,GCST90199690,Adenosine 5'-monophosphate (AMP),EDTA,跨支路ratio模块,Cross-branch Ratio Module,跨通路ratio模块,低,GCST90200945,-1.0,EDTA / Adenosine 5'-monophosphate (AMP),Adenosine 5'-monophosphate (AMP) / EDTA,EDTA / Adenosine 5'-monophosphate (AMP),Adenosine 5'-monophosphate (AMP) / EDTA,本行为由未匹配ratio直接生成的新模块：严格按 reportedTrait 中 'to' 分割，并去除末尾 ratio；to 前边=in，to 后边=out；因此 direction_sign=-1。,"来源reportedTrait=Adenosine 5'-monophosphate (AMP) to EDTA ratio；严格按 reportedTrait 中 'to' 分割：in=Adenosine 5'-monophosphate (AMP), out=EDTA；in/out 分属不同已知Subpathway",edta/adenosine 5'-monophosphate (amp),adenosine 5'-monophosphate (amp)/edta
M_1236,GCST90200412,GCST90200431,Glutamate,alanine,其他/待定,Other/Undetermined,核苷酸-辅因子/维生素-外源物代谢,中,GCST90200946,-1.0,alanine / Glutamate,Glutamate / alanine,alanine / Glutamate,Glutamate / alanine,本行为由未匹配ratio直接生成的新模块：严格按 reportedTrait 中 'to' 分割，并去除末尾 ratio；to 前边=in，to 后边=out；因此 direction_sign=-1。,"来源reportedTrait=Glutamate to alanine ratio；严格按 reportedTrait 中 'to' 分割：in=Glutamate, out=alanine；in/out 命中相同Subpathway",alanine/glutamate,glutamate/alanine
M_1237,GCST90200355,GCST90200440,Adenosine 5'-diphosphate (ADP),glucose,跨支路ratio模块,Cross-branch Ratio Module,跨通路ratio模块,低,GCST90200947,-1.0,glucose / Adenosine 5'-diphosphate (ADP),Adenosine 5'-diphosphate (ADP) / glucose,glucose / Adenosine 5'-diphosphate (ADP),Adenosine 5'-diphosphate (ADP) / glucose,本行为由未匹配ratio直接生成的新模块：严格按 reportedTrait 中 'to' 分割，并去除末尾 ratio；to 前边=in，to 后边=out；因此 direction_sign=-1。,"来源reportedTrait=Adenosine 5'-diphosphate (ADP) to glucose ratio；严格按 reportedTrait 中 'to' 分割：in=Adenosine 5'-diphosphate (ADP), out=glucose；in/out 分属不同已知Subpathway",glucose/adenosine 5'-diphosphate (adp),adenosine 5'-diphosphate (adp)/glucose
M_1238,GCST90200355,,Adenosine 5'-diphosphate (ADP),mannitol to sorbitol,核苷支路,Nucleoside Branch,核苷酸-辅因子/维生素-外源物代谢,中,GCST90200948,-1.0,mannitol to sorbitol / Adenosine 5'-diphosphate (ADP),Adenosine 5'-diphosphate (ADP) / mannitol to sorbitol,mannitol to sorbitol / Adenosine 5'-diphosphate (ADP),Adenosine 5'-diphosphate (ADP) / mannitol to sorbitol,本行为由未匹配ratio直接生成的新模块：严格按 reportedTrait 中 'to' 分割，并去除末尾 ratio；to 前边=in，to 后边=out；因此 direction_sign=-1。,"来源reportedTrait=Adenosine 5'-diphosphate (ADP) to mannitol to sorbitol ratio；严格按 reportedTrait 中 'to' 分割：in=Adenosine 5'-diphosphate (ADP), out=mannitol to sorbitol；仅单侧继承已有Subpathway",mannitol to sorbitol/adenosine 5'-diphosphate (adp),adenosine 5'-diphosphate (adp)/mannitol to sorbitol
M_1239,GCST90200355,GCST90200314,Adenosine 5'-diphosphate (ADP),N-acetylneuraminate,跨支路ratio模块,Cross-branch Ratio Module,跨通路ratio模块,低,GCST90200949,-1.0,N-acetylneuraminate / Adenosine 5'-diphosphate (ADP),Adenosine 5'-diphosphate (ADP) / N-acetylneuraminate,N-acetylneuraminate / Adenosine 5'-diphosphate (ADP),Adenosine 5'-diphosphate (ADP) / N-acetylneuraminate,本行为由未匹配ratio直接生成的新模块：严格按 reportedTrait 中 'to' 分割，并去除末尾 ratio；to 前边=in，to 后边=out；因此 direction_sign=-1。,"来源reportedTrait=Adenosine 5'-diphosphate (ADP) to N-acetylneuraminate ratio；严格按 reportedTrait 中 'to' 分割：in=Adenosine 5'-diphosphate (ADP), out=N-acetylneuraminate；in/out 分属不同已知Subpathway",n-acetylneuraminate/adenosine 5'-diphosphate (adp),adenosine 5'-diphosphate (adp)/n-acetylneuraminate
M_1240,GCST90200440,,Glucose,mannitol to sorbitol,跨支路ratio模块,Cross-branch Ratio Module,跨通路ratio模块,低,GCST90200950,-1.0,mannitol to sorbitol / Glucose,Glucose / mannitol to sorbitol,mannitol to sorbitol / Glucose,Glucose / mannitol to sorbitol,本行为由未匹配ratio直接生成的新模块：严格按 reportedTrait 中 'to' 分割，并去除末尾 ratio；to 前边=in，to 后边=out；因此 direction_sign=-1。,"来源reportedTrait=Glucose to mannitol to sorbitol ratio；严格按 reportedTrait 中 'to' 分割：in=Glucose, out=mannitol to sorbitol；in/out 分属不同已知Subpathway",mannitol to sorbitol/glucose,glucose/mannitol to sorbitol
M_1241,GCST90200355,GCST90200429,Adenosine 5'-diphosphate (ADP),cytidine,核苷支路,Nucleoside Branch,核苷酸-辅因子/维生素-外源物代谢,中,GCST90200952,-1.0,cytidine / Adenosine 5'-diphosphate (ADP),Adenosine 5'-diphosphate (ADP) / cytidine,cytidine / Adenosine 5'-diphosphate (ADP),Adenosine 5'-diphosphate (ADP) / cytidine,本行为由未匹配ratio直接生成的新模块：严格按 reportedTrait 中 'to' 分割，并去除末尾 ratio；to 前边=in，to 后边=out；因此 direction_sign=-1。,"来源reportedTrait=Adenosine 5'-diphosphate (ADP) to cytidine ratio；严格按 reportedTrait 中 'to' 分割：in=Adenosine 5'-diphosphate (ADP), out=cytidine；in/out 命中相同Subpathway",cytidine/adenosine 5'-diphosphate (adp),adenosine 5'-diphosphate (adp)/cytidine
M_1242,GCST90200440,GCST90200435,Glucose,mannose,多元醇/糖醛酸支路,Hexose/Disaccharide Branch,中心碳水化合物代谢（糖酵解/糖异生/磷酸戊糖途径）,中,GCST90200953,-1.0,mannose / Glucose,Glucose / mannose,mannose / Glucose,Glucose / mannose,本行为由未匹配ratio直接生成的新模块：严格按 reportedTrait 中 'to' 分割，并去除末尾 ratio；to 前边=in，to 后边=out；因此 direction_sign=-1。,"来源reportedTrait=Glucose-to-mannose ratio；严格按 reportedTrait 中 'to' 分割：in=Glucose, out=mannose；in/out 命中相同Subpathway",mannose/glucose,glucose/mannose
M_1243,GCST90200429,GCST90200314,Cytidine,N-acetylneuraminate,跨支路ratio模块,Cross-branch Ratio Module,跨通路ratio模块,低,GCST90200954,-1.0,N-acetylneuraminate / Cytidine,Cytidine / N-acetylneuraminate,N-acetylneuraminate / Cytidine,Cytidine / N-acetylneuraminate,本行为由未匹配ratio直接生成的新模块：严格按 reportedTrait 中 'to' 分割，并去除末尾 ratio；to 前边=in，to 后边=out；因此 direction_sign=-1。,"来源reportedTrait=Cytidine to N-acetylneuraminate ratio；严格按 reportedTrait 中 'to' 分割：in=Cytidine, out=N-acetylneuraminate；in/out 分属不同已知Subpathway",n-acetylneuraminate/cytidine,cytidine/n-acetylneuraminate
M_1244,GCST90200355,GCST90200363,Adenosine 5'-diphosphate (ADP),choline phosphate,跨支路ratio模块,Cross-branch Ratio Module,跨通路ratio模块,低,GCST90200955,-1.0,choline phosphate / Adenosine 5'-diphosphate (ADP),Adenosine 5'-diphosphate (ADP) / choline phosphate,choline phosphate / Adenosine 5'-diphosphate (ADP),Adenosine 5'-diphosphate (ADP) / choline phosphate,本行为由未匹配ratio直接生成的新模块：严格按 reportedTrait 中 'to' 分割，并去除末尾 ratio；to 前边=in，to 后边=out；因此 direction_sign=-1。,"来源reportedTrait=Adenosine 5'-diphosphate (ADP) to choline phosphate ratio；严格按 reportedTrait 中 'to' 分割：in=Adenosine 5'-diphosphate (ADP), out=choline phosphate；in/out 分属不同已知Subpathway",choline phosphate/adenosine 5'-diphosphate (adp),adenosine 5'-diphosphate (adp)/choline phosphate
M_1245,GCST90200429,,Cytidine,N-acetylglucosamine to N-acetylgalactosamine,跨支路ratio模块,Cross-branch Ratio Module,跨通路ratio模块,低,GCST90200956,-1.0,N-acetylglucosamine to N-acetylgalactosamine / Cytidine,Cytidine / N-acetylglucosamine to N-acetylgalactosamine,N-acetylglucosamine to N-acetylgalactosamine / Cytidine,Cytidine / N-acetylglucosamine to N-acetylgalactosamine,本行为由未匹配ratio直接生成的新模块：严格按 reportedTrait 中 'to' 分割，并去除末尾 ratio；to 前边=in，to 后边=out；因此 direction_sign=-1。,"来源reportedTrait=Cytidine to N-acetylglucosamine to N-acetylgalactosamine ratio；严格按 reportedTrait 中 'to' 分割：in=Cytidine, out=N-acetylglucosamine to N-acetylgalactosamine；in/out 分属不同已知Subpathway",n-acetylglucosamine to n-acetylgalactosamine/cytidine,cytidine/n-acetylglucosamine to n-acetylgalactosamine
M_1246,GCST90200314,,N-acetylneuraminate,N-acetylglucosamine to N-acetylgalactosamine,一般氨基酸衍生物,General Amino Acid Derivatives,尿素循环-精氨酸/脯氨酸/肌酸/多胺代谢,中,GCST90200957,-1.0,N-acetylglucosamine to N-acetylgalactosamine / N-acetylneuraminate,N-acetylneuraminate / N-acetylglucosamine to N-acetylgalactosamine,N-acetylglucosamine to N-acetylgalactosamine / N-acetylneuraminate,N-acetylneuraminate / N-acetylglucosamine to N-acetylgalactosamine,本行为由未匹配ratio直接生成的新模块：严格按 reportedTrait 中 'to' 分割，并去除末尾 ratio；to 前边=in，to 后边=out；因此 direction_sign=-1。,"来源reportedTrait=N-acetylneuraminate to N-acetylglucosamine to N-acetylgalactosamine ratio；严格按 reportedTrait 中 'to' 分割：in=N-acetylneuraminate, out=N-acetylglucosamine to N-acetylgalactosamine；仅单侧继承已有Subpathway",n-acetylglucosamine to n-acetylgalactosamine/n-acetylneuraminate,n-acetylneuraminate/n-acetylglucosamine to n-acetylgalactosamine
M_1247,GCST90200355,GCST90200327,Adenosine 5'-diphosphate (ADP),choline,跨支路ratio模块,Cross-branch Ratio Module,跨通路ratio模块,低,GCST90200958,-1.0,choline / Adenosine 5'-diphosphate (ADP),Adenosine 5'-diphosphate (ADP) / choline,choline / Adenosine 5'-diphosphate (ADP),Adenosine 5'-diphosphate (ADP) / choline,本行为由未匹配ratio直接生成的新模块：严格按 reportedTrait 中 'to' 分割，并去除末尾 ratio；to 前边=in，to 后边=out；因此 direction_sign=-1。,"来源reportedTrait=Adenosine 5'-diphosphate (ADP) to choline ratio；严格按 reportedTrait 中 'to' 分割：in=Adenosine 5'-diphosphate (ADP), out=choline；in/out 分属不同已知Subpathway",choline/adenosine 5'-diphosphate (adp),adenosine 5'-diphosphate (adp)/choline
M_1248,GCST90200363,GCST90200281,Choline phosphate,phosphoethanolamine,头基前体,Head Group Precursors,甘油磷脂-胆碱-肌醇代谢,中,GCST90200960,-1.0,phosphoethanolamine / Choline phosphate,Choline phosphate / phosphoethanolamine,phosphoethanolamine / Choline phosphate,Choline phosphate / phosphoethanolamine,本行为由未匹配ratio直接生成的新模块：严格按 reportedTrait 中 'to' 分割，并去除末尾 ratio；to 前边=in，to 后边=out；因此 direction_sign=-1。,"来源reportedTrait=Choline phosphate to phosphoethanolamine ratio；严格按 reportedTrait 中 'to' 分割：in=Choline phosphate, out=phosphoethanolamine；in/out 命中相同Subpathway",phosphoethanolamine/choline phosphate,choline phosphate/phosphoethanolamine
M_1249,GCST90200355,GCST90200404,Adenosine 5'-diphosphate (ADP),ornithine,跨支路ratio模块,Cross-branch Ratio Module,跨通路ratio模块,低,GCST90200961,-1.0,ornithine / Adenosine 5'-diphosphate (ADP),Adenosine 5'-diphosphate (ADP) / ornithine,ornithine / Adenosine 5'-diphosphate (ADP),Adenosine 5'-diphosphate (ADP) / ornithine,本行为由未匹配ratio直接生成的新模块：严格按 reportedTrait 中 'to' 分割，并去除末尾 ratio；to 前边=in，to 后边=out；因此 direction_sign=-1。,"来源reportedTrait=Adenosine 5'-diphosphate (ADP) to ornithine ratio；严格按 reportedTrait 中 'to' 分割：in=Adenosine 5'-diphosphate (ADP), out=ornithine；in/out 分属不同已知Subpathway",ornithine/adenosine 5'-diphosphate (adp),adenosine 5'-diphosphate (adp)/ornithine
M_1250,GCST90200355,GCST90200419,Adenosine 5'-diphosphate (ADP),glutamine,跨支路ratio模块,Cross-branch Ratio Module,跨通路ratio模块,低,GCST90200962,-1.0,glutamine / Adenosine 5'-diphosphate (ADP),Adenosine 5'-diphosphate (ADP) / glutamine,glutamine / Adenosine 5'-diphosphate (ADP),Adenosine 5'-diphosphate (ADP) / glutamine,本行为由未匹配ratio直接生成的新模块：严格按 reportedTrait 中 'to' 分割，并去除末尾 ratio；to 前边=in，to 后边=out；因此 direction_sign=-1。,"来源reportedTrait=Adenosine 5'-diphosphate (ADP) to glutamine ratio；严格按 reportedTrait 中 'to' 分割：in=Adenosine 5'-diphosphate (ADP), out=glutamine；in/out 分属不同已知Subpathway",glutamine/adenosine 5'-diphosphate (adp),adenosine 5'-diphosphate (adp)/glutamine
M_1251,GCST90200395,GCST90200307,Inosine 5'-monophosphate (IMP),urate,跨支路ratio模块,Cross-branch Ratio Module,跨通路ratio模块,低,GCST90200963,-1.0,urate / Inosine 5'-monophosphate (IMP),Inosine 5'-monophosphate (IMP) / urate,urate / Inosine 5'-monophosphate (IMP),Inosine 5'-monophosphate (IMP) / urate,本行为由未匹配ratio直接生成的新模块：严格按 reportedTrait 中 'to' 分割，并去除末尾 ratio；to 前边=in，to 后边=out；因此 direction_sign=-1。,"来源reportedTrait=Inosine 5'-monophosphate (IMP) to urate ratio；严格按 reportedTrait 中 'to' 分割：in=Inosine 5'-monophosphate (IMP), out=urate；in/out 分属不同已知Subpathway",urate/inosine 5'-monophosphate (imp),inosine 5'-monophosphate (imp)/urate
M_1252,GCST90200355,GCST90200280,Adenosine 5'-diphosphate (ADP),5-oxoproline,跨支路ratio模块,Cross-branch Ratio Module,跨通路ratio模块,低,GCST90200964,-1.0,5-oxoproline / Adenosine 5'-diphosphate (ADP),Adenosine 5'-diphosphate (ADP) / 5-oxoproline,5-oxoproline / Adenosine 5'-diphosphate (ADP),Adenosine 5'-diphosphate (ADP) / 5-oxoproline,本行为由未匹配ratio直接生成的新模块：严格按 reportedTrait 中 'to' 分割，并去除末尾 ratio；to 前边=in，to 后边=out；因此 direction_sign=-1。,"来源reportedTrait=Adenosine 5'-diphosphate (ADP) to 5-oxoproline ratio；严格按 reportedTrait 中 'to' 分割：in=Adenosine 5'-diphosphate (ADP), out=5-oxoproline；in/out 分属不同已知Subpathway",5-oxoproline/adenosine 5'-diphosphate (adp),adenosine 5'-diphosphate (adp)/5-oxoproline
M_1253,GCST90200412,GCST90200280,Glutamate,5-oxoproline,跨支路ratio模块,Cross-branch Ratio Module,跨通路ratio模块,低,GCST90200965,-1.0,5-oxoproline / Glutamate,Glutamate / 5-oxoproline,5-oxoproline / Glutamate,Glutamate / 5-oxoproline,本行为由未匹配ratio直接生成的新模块：严格按 reportedTrait 中 'to' 分割，并去除末尾 ratio；to 前边=in，to 后边=out；因此 direction_sign=-1。,"来源reportedTrait=Glutamate to 5-oxoproline ratio；严格按 reportedTrait 中 'to' 分割：in=Glutamate, out=5-oxoproline；in/out 分属不同已知Subpathway",5-oxoproline/glutamate,glutamate/5-oxoproline
M_1254,GCST90200355,GCST90200407,Adenosine 5'-diphosphate (ADP),uridine,核苷支路,Nucleoside Branch,核苷酸-辅因子/维生素-外源物代谢,中,GCST90200966,-1.0,uridine / Adenosine 5'-diphosphate (ADP),Adenosine 5'-diphosphate (ADP) / uridine,uridine / Adenosine 5'-diphosphate (ADP),Adenosine 5'-diphosphate (ADP) / uridine,本行为由未匹配ratio直接生成的新模块：严格按 reportedTrait 中 'to' 分割，并去除末尾 ratio；to 前边=in，to 后边=out；因此 direction_sign=-1。,"来源reportedTrait=Adenosine 5'-diphosphate (ADP) to uridine ratio；严格按 reportedTrait 中 'to' 分割：in=Adenosine 5'-diphosphate (ADP), out=uridine；in/out 命中相同Subpathway",uridine/adenosine 5'-diphosphate (adp),adenosine 5'-diphosphate (adp)/uridine
M_1255,GCST90200393,GCST90200307,Phosphate,urate,跨支路ratio模块,Cross-branch Ratio Module,跨通路ratio模块,低,GCST90200967,-1.0,urate / Phosphate,Phosphate / urate,urate / Phosphate,Phosphate / urate,本行为由未匹配ratio直接生成的新模块：严格按 reportedTrait 中 'to' 分割，并去除末尾 ratio；to 前边=in，to 后边=out；因此 direction_sign=-1。,"来源reportedTrait=Phosphate to urate ratio；严格按 reportedTrait 中 'to' 分割：in=Phosphate, out=urate；in/out 分属不同已知Subpathway",urate/phosphate,phosphate/urate
M_1256,GCST90200393,GCST90200280,Phosphate,5-oxoproline,跨支路ratio模块,Cross-branch Ratio Module,跨通路ratio模块,低,GCST90200968,-1.0,5-oxoproline / Phosphate,Phosphate / 5-oxoproline,5-oxoproline / Phosphate,Phosphate / 5-oxoproline,本行为由未匹配ratio直接生成的新模块：严格按 reportedTrait 中 'to' 分割，并去除末尾 ratio；to 前边=in，to 后边=out；因此 direction_sign=-1。,"来源reportedTrait=Phosphate to 5-oxoproline ratio；严格按 reportedTrait 中 'to' 分割：in=Phosphate, out=5-oxoproline；in/out 分属不同已知Subpathway",5-oxoproline/phosphate,phosphate/5-oxoproline
M_1257,GCST90200356,,Adenosine 5'-monophosphate (AMP),N-palmitoyl-sphingosine (d18:1 to 16:0),核苷支路,Nucleoside Branch,核苷酸-辅因子/维生素-外源物代谢,中,GCST90200969,-1.0,N-palmitoyl-sphingosine (d18:1 to 16:0) / Adenosine 5'-monophosphate (AMP),Adenosine 5'-monophosphate (AMP) / N-palmitoyl-sphingosine (d18:1 to 16:0),N-palmitoyl-sphingosine (d18:1 to 16:0) / Adenosine 5'-monophosphate (AMP),Adenosine 5'-monophosphate (AMP) / N-palmitoyl-sphingosine (d18:1 to 16:0),本行为由未匹配ratio直接生成的新模块：严格按 reportedTrait 中 'to' 分割，并去除末尾 ratio；to 前边=in，to 后边=out；因此 direction_sign=-1。,"来源reportedTrait=Adenosine 5'-monophosphate (AMP) to N-palmitoyl-sphingosine (d18:1 to 16:0) ratio；严格按 reportedTrait 中 'to' 分割：in=Adenosine 5'-monophosphate (AMP), out=N-palmitoyl-sphingosine (d18:1 to 16:0)；仅单侧继承已有Subpathway",n-palmitoyl-sphingosine (d18:1 to 16:0)/adenosine 5'-monophosphate (amp),adenosine 5'-monophosphate (amp)/n-palmitoyl-sphingosine (d18:1 to 16:0)
M_1258,GCST90200356,GCST90200389,Adenosine 5'-monophosphate (AMP),leucine,跨支路ratio模块,Cross-branch Ratio Module,跨通路ratio模块,低,GCST90200970,-1.0,leucine / Adenosine 5'-monophosphate (AMP),Adenosine 5'-monophosphate (AMP) / leucine,leucine / Adenosine 5'-monophosphate (AMP),Adenosine 5'-monophosphate (AMP) / leucine,本行为由未匹配ratio直接生成的新模块：严格按 reportedTrait 中 'to' 分割，并去除末尾 ratio；to 前边=in，to 后边=out；因此 direction_sign=-1。,"来源reportedTrait=Adenosine 5'-monophosphate (AMP) to leucine ratio；严格按 reportedTrait 中 'to' 分割：in=Adenosine 5'-monophosphate (AMP), out=leucine；in/out 分属不同已知Subpathway",leucine/adenosine 5'-monophosphate (amp),adenosine 5'-monophosphate (amp)/leucine
M_1259,GCST90200389,GCST90200393,Leucine,phosphate,跨支路ratio模块,Cross-branch Ratio Module,跨通路ratio模块,低,GCST90200971,-1.0,phosphate / Leucine,Leucine / phosphate,phosphate / Leucine,Leucine / phosphate,本行为由未匹配ratio直接生成的新模块：严格按 reportedTrait 中 'to' 分割，并去除末尾 ratio；to 前边=in，to 后边=out；因此 direction_sign=-1。,"来源reportedTrait=Leucine to phosphate ratio；严格按 reportedTrait 中 'to' 分割：in=Leucine, out=phosphate；in/out 分属不同已知Subpathway",phosphate/leucine,leucine/phosphate
M_1260,GCST90200389,,Leucine,N-palmitoyl-sphingosine (d18:1 to 16:0),跨支路ratio模块,Cross-branch Ratio Module,跨通路ratio模块,低,GCST90200972,-1.0,N-palmitoyl-sphingosine (d18:1 to 16:0) / Leucine,Leucine / N-palmitoyl-sphingosine (d18:1 to 16:0),N-palmitoyl-sphingosine (d18:1 to 16:0) / Leucine,Leucine / N-palmitoyl-sphingosine (d18:1 to 16:0),本行为由未匹配ratio直接生成的新模块：严格按 reportedTrait 中 'to' 分割，并去除末尾 ratio；to 前边=in，to 后边=out；因此 direction_sign=-1。,"来源reportedTrait=Leucine to N-palmitoyl-sphingosine (d18:1 to 16:0) ratio；严格按 reportedTrait 中 'to' 分割：in=Leucine, out=N-palmitoyl-sphingosine (d18:1 to 16:0)；in/out 分属不同已知Subpathway",n-palmitoyl-sphingosine (d18:1 to 16:0)/leucine,leucine/n-palmitoyl-sphingosine (d18:1 to 16:0)
M_1261,GCST90200411,GCST90200412,Proline,glutamate,跨支路ratio模块,Cross-branch Ratio Module,跨通路ratio模块,低,GCST90200973,-1.0,glutamate / Proline,Proline / glutamate,glutamate / Proline,Proline / glutamate,本行为由未匹配ratio直接生成的新模块：严格按 reportedTrait 中 'to' 分割，并去除末尾 ratio；to 前边=in，to 后边=out；因此 direction_sign=-1。,"来源reportedTrait=Proline to glutamate ratio；严格按 reportedTrait 中 'to' 分割：in=Proline, out=glutamate；in/out 分属不同已知Subpathway",glutamate/proline,proline/glutamate
M_1262,GCST90200393,GCST90200411,Phosphate,proline,跨支路ratio模块,Cross-branch Ratio Module,跨通路ratio模块,低,GCST90200974,-1.0,proline / Phosphate,Phosphate / proline,proline / Phosphate,Phosphate / proline,本行为由未匹配ratio直接生成的新模块：严格按 reportedTrait 中 'to' 分割，并去除末尾 ratio；to 前边=in，to 后边=out；因此 direction_sign=-1。,"来源reportedTrait=Phosphate to proline ratio；严格按 reportedTrait 中 'to' 分割：in=Phosphate, out=proline；in/out 分属不同已知Subpathway",proline/phosphate,phosphate/proline
M_1263,GCST90200358,GCST90200436,Arachidonate (20:4n6),caffeine,跨支路ratio模块,Cross-branch Ratio Module,跨通路ratio模块,低,GCST90200975,-1.0,caffeine / Arachidonate (20:4n6),Arachidonate (20:4n6) / caffeine,caffeine / Arachidonate (20:4n6),Arachidonate (20:4n6) / caffeine,本行为由未匹配ratio直接生成的新模块：严格按 reportedTrait 中 'to' 分割，并去除末尾 ratio；to 前边=in，to 后边=out；因此 direction_sign=-1。,"来源reportedTrait=Arachidonate (20:4n6) to caffeine ratio；严格按 reportedTrait 中 'to' 分割：in=Arachidonate (20:4n6), out=caffeine；in/out 分属不同已知Subpathway",caffeine/arachidonate (20:4n6),arachidonate (20:4n6)/caffeine
M_1264,GCST90200356,GCST90200307,Adenosine 5'-monophosphate (AMP),urate,跨支路ratio模块,Cross-branch Ratio Module,跨通路ratio模块,低,GCST90200976,-1.0,urate / Adenosine 5'-monophosphate (AMP),Adenosine 5'-monophosphate (AMP) / urate,urate / Adenosine 5'-monophosphate (AMP),Adenosine 5'-monophosphate (AMP) / urate,本行为由未匹配ratio直接生成的新模块：严格按 reportedTrait 中 'to' 分割，并去除末尾 ratio；to 前边=in，to 后边=out；因此 direction_sign=-1。,"来源reportedTrait=Adenosine 5'-monophosphate (AMP) to urate ratio；严格按 reportedTrait 中 'to' 分割：in=Adenosine 5'-monophosphate (AMP), out=urate；in/out 分属不同已知Subpathway",urate/adenosine 5'-monophosphate (amp),adenosine 5'-monophosphate (amp)/urate
M_1265,GCST90200358,GCST90199654,Arachidonate (20:4n6),paraxanthine,跨支路ratio模块,Cross-branch Ratio Module,跨通路ratio模块,低,GCST90200977,-1.0,paraxanthine / Arachidonate (20:4n6),Arachidonate (20:4n6) / paraxanthine,paraxanthine / Arachidonate (20:4n6),Arachidonate (20:4n6) / paraxanthine,本行为由未匹配ratio直接生成的新模块：严格按 reportedTrait 中 'to' 分割，并去除末尾 ratio；to 前边=in，to 后边=out；因此 direction_sign=-1。,"来源reportedTrait=Arachidonate (20:4n6) to paraxanthine ratio；严格按 reportedTrait 中 'to' 分割：in=Arachidonate (20:4n6), out=paraxanthine；in/out 分属不同已知Subpathway",paraxanthine/arachidonate (20:4n6),arachidonate (20:4n6)/paraxanthine
M_1266,GCST90200358,GCST90200354,Arachidonate (20:4n6),linoleate (18:2n6),游离脂肪酸,Free Fatty Acids,脂肪酸二羧酸/羟基脂肪酸与酮体代谢,中,GCST90200979,-1.0,linoleate (18:2n6) / Arachidonate (20:4n6),Arachidonate (20:4n6) / linoleate (18:2n6),linoleate (18:2n6) / Arachidonate (20:4n6),Arachidonate (20:4n6) / linoleate (18:2n6),本行为由未匹配ratio直接生成的新模块：严格按 reportedTrait 中 'to' 分割，并去除末尾 ratio；to 前边=in，to 后边=out；因此 direction_sign=-1。,"来源reportedTrait=Arachidonate (20:4n6) to linoleate (18:2n6) ratio；严格按 reportedTrait 中 'to' 分割：in=Arachidonate (20:4n6), out=linoleate (18:2n6)；in/out 命中相同Subpathway",linoleate (18:2n6)/arachidonate (20:4n6),arachidonate (20:4n6)/linoleate (18:2n6)
M_1267,GCST90200281,GCST90200327,Phosphoethanolamine,choline,头基前体,Head Group Precursors,甘油磷脂-胆碱-肌醇代谢,中,GCST90200980,-1.0,choline / Phosphoethanolamine,Phosphoethanolamine / choline,choline / Phosphoethanolamine,Phosphoethanolamine / choline,本行为由未匹配ratio直接生成的新模块：严格按 reportedTrait 中 'to' 分割，并去除末尾 ratio；to 前边=in，to 后边=out；因此 direction_sign=-1。,"来源reportedTrait=Phosphoethanolamine to choline ratio；严格按 reportedTrait 中 'to' 分割：in=Phosphoethanolamine, out=choline；in/out 命中相同Subpathway",choline/phosphoethanolamine,phosphoethanolamine/choline
M_1268,GCST90200436,GCST90200354,Caffeine,linoleate (18:2n6),跨支路ratio模块,Cross-branch Ratio Module,跨通路ratio模块,低,GCST90200981,-1.0,linoleate (18:2n6) / Caffeine,Caffeine / linoleate (18:2n6),linoleate (18:2n6) / Caffeine,Caffeine / linoleate (18:2n6),本行为由未匹配ratio直接生成的新模块：严格按 reportedTrait 中 'to' 分割，并去除末尾 ratio；to 前边=in，to 后边=out；因此 direction_sign=-1。,"来源reportedTrait=Caffeine to linoleate (18:2n6) ratio；严格按 reportedTrait 中 'to' 分割：in=Caffeine, out=linoleate (18:2n6)；in/out 分属不同已知Subpathway",linoleate (18:2n6)/caffeine,caffeine/linoleate (18:2n6)
M_1269,GCST90199654,GCST90200354,Paraxanthine,linoleate (18:2n6),跨支路ratio模块,Cross-branch Ratio Module,跨通路ratio模块,低,GCST90200982,-1.0,linoleate (18:2n6) / Paraxanthine,Paraxanthine / linoleate (18:2n6),linoleate (18:2n6) / Paraxanthine,Paraxanthine / linoleate (18:2n6),本行为由未匹配ratio直接生成的新模块：严格按 reportedTrait 中 'to' 分割，并去除末尾 ratio；to 前边=in，to 后边=out；因此 direction_sign=-1。,"来源reportedTrait=Paraxanthine to linoleate (18:2n6) ratio；严格按 reportedTrait 中 'to' 分割：in=Paraxanthine, out=linoleate (18:2n6)；in/out 分属不同已知Subpathway",linoleate (18:2n6)/paraxanthine,paraxanthine/linoleate (18:2n6)
M_1270,GCST90200368,,Cholesterol,linoleoyl-arachidonoyl-glycerol (18:2 to 20:4) [1],跨支路ratio模块,Cross-branch Ratio Module,跨通路ratio模块,低,GCST90200983,-1.0,linoleoyl-arachidonoyl-glycerol (18:2 to 20:4) [1] / Cholesterol,Cholesterol / linoleoyl-arachidonoyl-glycerol (18:2 to 20:4) [1],linoleoyl-arachidonoyl-glycerol (18:2 to 20:4) [1] / Cholesterol,Cholesterol / linoleoyl-arachidonoyl-glycerol (18:2 to 20:4) [1],本行为由未匹配ratio直接生成的新模块：严格按 reportedTrait 中 'to' 分割，并去除末尾 ratio；to 前边=in，to 后边=out；因此 direction_sign=-1。,"来源reportedTrait=Cholesterol to linoleoyl-arachidonoyl-glycerol (18:2 to 20:4) [1] ratio；严格按 reportedTrait 中 'to' 分割：in=Cholesterol, out=linoleoyl-arachidonoyl-glycerol (18:2 to 20:4) [1]；in/out 分属不同已知Subpathway",linoleoyl-arachidonoyl-glycerol (18:2 to 20:4) [1]/cholesterol,cholesterol/linoleoyl-arachidonoyl-glycerol (18:2 to 20:4) [1]
M_1271,GCST90200368,GCST90199622,Cholesterol,benzoate,葡糖醛酸/硫酸结合物,Glucuronide/Sulfate Conjugates,类固醇-胆汁酸-葡萄糖醛酸化代谢,中,GCST90200984,-1.0,benzoate / Cholesterol,Cholesterol / benzoate,benzoate / Cholesterol,Cholesterol / benzoate,本行为由未匹配ratio直接生成的新模块：严格按 reportedTrait 中 'to' 分割，并去除末尾 ratio；to 前边=in，to 后边=out；因此 direction_sign=-1。,"来源reportedTrait=Cholesterol to benzoate ratio；严格按 reportedTrait 中 'to' 分割：in=Cholesterol, out=benzoate；in/out 命中相同Subpathway",benzoate/cholesterol,cholesterol/benzoate
M_1272,GCST90200368,,Cholesterol,oleoyl-linoleoyl-glycerol (18:1 to 18:2) [2],跨支路ratio模块,Cross-branch Ratio Module,跨通路ratio模块,低,GCST90200985,-1.0,oleoyl-linoleoyl-glycerol (18:1 to 18:2) [2] / Cholesterol,Cholesterol / oleoyl-linoleoyl-glycerol (18:1 to 18:2) [2],oleoyl-linoleoyl-glycerol (18:1 to 18:2) [2] / Cholesterol,Cholesterol / oleoyl-linoleoyl-glycerol (18:1 to 18:2) [2],本行为由未匹配ratio直接生成的新模块：严格按 reportedTrait 中 'to' 分割，并去除末尾 ratio；to 前边=in，to 后边=out；因此 direction_sign=-1。,"来源reportedTrait=Cholesterol to oleoyl-linoleoyl-glycerol (18:1 to 18:2) [2] ratio；严格按 reportedTrait 中 'to' 分割：in=Cholesterol, out=oleoyl-linoleoyl-glycerol (18:1 to 18:2) [2]；in/out 分属不同已知Subpathway",oleoyl-linoleoyl-glycerol (18:1 to 18:2) [2]/cholesterol,cholesterol/oleoyl-linoleoyl-glycerol (18:1 to 18:2) [2]
M_1273,GCST90200368,,Cholesterol,linoleoyl-arachidonoyl-glycerol (18:2 to 20:4) [2],跨支路ratio模块,Cross-branch Ratio Module,跨通路ratio模块,低,GCST90200986,-1.0,linoleoyl-arachidonoyl-glycerol (18:2 to 20:4) [2] / Cholesterol,Cholesterol / linoleoyl-arachidonoyl-glycerol (18:2 to 20:4) [2],linoleoyl-arachidonoyl-glycerol (18:2 to 20:4) [2] / Cholesterol,Cholesterol / linoleoyl-arachidonoyl-glycerol (18:2 to 20:4) [2],本行为由未匹配ratio直接生成的新模块：严格按 reportedTrait 中 'to' 分割，并去除末尾 ratio；to 前边=in，to 后边=out；因此 direction_sign=-1。,"来源reportedTrait=Cholesterol to linoleoyl-arachidonoyl-glycerol (18:2 to 20:4) [2] ratio；严格按 reportedTrait 中 'to' 分割：in=Cholesterol, out=linoleoyl-arachidonoyl-glycerol (18:2 to 20:4) [2]；in/out 分属不同已知Subpathway",linoleoyl-arachidonoyl-glycerol (18:2 to 20:4) [2]/cholesterol,cholesterol/linoleoyl-arachidonoyl-glycerol (18:2 to 20:4) [2]
M_1274,GCST90199622,,Benzoate,oleoyl-linoleoyl-glycerol (18:1 to 18:2) [2],跨支路ratio模块,Cross-branch Ratio Module,跨通路ratio模块,低,GCST90200987,-1.0,oleoyl-linoleoyl-glycerol (18:1 to 18:2) [2] / Benzoate,Benzoate / oleoyl-linoleoyl-glycerol (18:1 to 18:2) [2],oleoyl-linoleoyl-glycerol (18:1 to 18:2) [2] / Benzoate,Benzoate / oleoyl-linoleoyl-glycerol (18:1 to 18:2) [2],本行为由未匹配ratio直接生成的新模块：严格按 reportedTrait 中 'to' 分割，并去除末尾 ratio；to 前边=in，to 后边=out；因此 direction_sign=-1。,"来源reportedTrait=Benzoate to oleoyl-linoleoyl-glycerol (18:1 to 18:2) [2] ratio；严格按 reportedTrait 中 'to' 分割：in=Benzoate, out=oleoyl-linoleoyl-glycerol (18:1 to 18:2) [2]；in/out 分属不同已知Subpathway",oleoyl-linoleoyl-glycerol (18:1 to 18:2) [2]/benzoate,benzoate/oleoyl-linoleoyl-glycerol (18:1 to 18:2) [2]
M_1275,GCST90199622,,Benzoate,linoleoyl-arachidonoyl-glycerol (18:2 to 20:4) [1],跨支路ratio模块,Cross-branch Ratio Module,跨通路ratio模块,低,GCST90200988,-1.0,linoleoyl-arachidonoyl-glycerol (18:2 to 20:4) [1] / Benzoate,Benzoate / linoleoyl-arachidonoyl-glycerol (18:2 to 20:4) [1],linoleoyl-arachidonoyl-glycerol (18:2 to 20:4) [1] / Benzoate,Benzoate / linoleoyl-arachidonoyl-glycerol (18:2 to 20:4) [1],本行为由未匹配ratio直接生成的新模块：严格按 reportedTrait 中 'to' 分割，并去除末尾 ratio；to 前边=in，to 后边=out；因此 direction_sign=-1。,"来源reportedTrait=Benzoate to linoleoyl-arachidonoyl-glycerol (18:2 to 20:4) [1] ratio；严格按 reportedTrait 中 'to' 分割：in=Benzoate, out=linoleoyl-arachidonoyl-glycerol (18:2 to 20:4) [1]；in/out 分属不同已知Subpathway",linoleoyl-arachidonoyl-glycerol (18:2 to 20:4) [1]/benzoate,benzoate/linoleoyl-arachidonoyl-glycerol (18:2 to 20:4) [1]
M_1276,GCST90200377,GCST90200452,Histidine,asparagine,跨支路ratio模块,Cross-branch Ratio Module,跨通路ratio模块,低,GCST90200989,-1.0,asparagine / Histidine,Histidine / asparagine,asparagine / Histidine,Histidine / asparagine,本行为由未匹配ratio直接生成的新模块：严格按 reportedTrait 中 'to' 分割，并去除末尾 ratio；to 前边=in，to 后边=out；因此 direction_sign=-1。,"来源reportedTrait=Histidine to asparagine ratio；严格按 reportedTrait 中 'to' 分割：in=Histidine, out=asparagine；in/out 分属不同已知Subpathway",asparagine/histidine,histidine/asparagine
M_1277,GCST90199622,,Benzoate,linoleoyl-arachidonoyl-glycerol (18:2 to 20:4) [2],跨支路ratio模块,Cross-branch Ratio Module,跨通路ratio模块,低,GCST90200990,-1.0,linoleoyl-arachidonoyl-glycerol (18:2 to 20:4) [2] / Benzoate,Benzoate / linoleoyl-arachidonoyl-glycerol (18:2 to 20:4) [2],linoleoyl-arachidonoyl-glycerol (18:2 to 20:4) [2] / Benzoate,Benzoate / linoleoyl-arachidonoyl-glycerol (18:2 to 20:4) [2],本行为由未匹配ratio直接生成的新模块：严格按 reportedTrait 中 'to' 分割，并去除末尾 ratio；to 前边=in，to 后边=out；因此 direction_sign=-1。,"来源reportedTrait=Benzoate to linoleoyl-arachidonoyl-glycerol (18:2 to 20:4) [2] ratio；严格按 reportedTrait 中 'to' 分割：in=Benzoate, out=linoleoyl-arachidonoyl-glycerol (18:2 to 20:4) [2]；in/out 分属不同已知Subpathway",linoleoyl-arachidonoyl-glycerol (18:2 to 20:4) [2]/benzoate,benzoate/linoleoyl-arachidonoyl-glycerol (18:2 to 20:4) [2]
M_1278,GCST90200377,GCST90200431,Histidine,alanine,跨支路ratio模块,Cross-branch Ratio Module,跨通路ratio模块,低,GCST90200991,-1.0,alanine / Histidine,Histidine / alanine,alanine / Histidine,Histidine / alanine,本行为由未匹配ratio直接生成的新模块：严格按 reportedTrait 中 'to' 分割，并去除末尾 ratio；to 前边=in，to 后边=out；因此 direction_sign=-1。,"来源reportedTrait=Histidine to alanine ratio；严格按 reportedTrait 中 'to' 分割：in=Histidine, out=alanine；in/out 分属不同已知Subpathway",alanine/histidine,histidine/alanine
M_1279,GCST90200431,GCST90200452,Alanine,asparagine,跨支路ratio模块,Cross-branch Ratio Module,跨通路ratio模块,低,GCST90200992,-1.0,asparagine / Alanine,Alanine / asparagine,asparagine / Alanine,Alanine / asparagine,本行为由未匹配ratio直接生成的新模块：严格按 reportedTrait 中 'to' 分割，并去除末尾 ratio；to 前边=in，to 后边=out；因此 direction_sign=-1。,"来源reportedTrait=Alanine to asparagine ratio；严格按 reportedTrait 中 'to' 分割：in=Alanine, out=asparagine；in/out 分属不同已知Subpathway",asparagine/alanine,alanine/asparagine
M_1280,,,N-palmitoyl-sphingosine (d18:1,16:0) to N-palmitoyl-sphinganine (d18:0 to 16:0),ratio衍生待定支路,Ratio-derived Unresolved Branch,待定ratio模块,低,GCST90200918,-1.0,16:0) to N-palmitoyl-sphinganine (d18:0 to 16:0) / N-palmitoyl-sphingosine (d18:1,N-palmitoyl-sphingosine (d18:1 / 16:0) to N-palmitoyl-sphinganine (d18:0 to 16:0),16:0) to N-palmitoyl-sphinganine (d18:0 to 16:0) / N-palmitoyl-sphingosine (d18:1,N-palmitoyl-sphingosine (d18:1 / 16:0) to N-palmitoyl-sphinganine (d18:0 to 16:0),本行为由未匹配ratio直接生成的新模块：严格按 reportedTrait 中 'to' 分割，并去除末尾 ratio；to 前边=in，to 后边=out；因此 direction_sign=-1。,"来源reportedTrait=N-palmitoyl-sphingosine (d18:1 to 16:0) to N-palmitoyl-sphinganine (d18:0 to 16:0) ratio；严格按 reportedTrait 中 'to' 分割：in=N-palmitoyl-sphingosine (d18:1, out=16:0) to N-palmitoyl-sphinganine (d18:0 to 16:0)；两侧均未命中现有Subpathway",16:0) to n-palmitoyl-sphinganine (d18:0 to 16:0)/n-palmitoyl-sphingosine (d18:1,n-palmitoyl-sphingosine (d18:1/16:0) to n-palmitoyl-sphinganine (d18:0 to 16:0)
M_1281,GCST90200435,GCST90200325,Mannose,glycerol,跨支路ratio模块,Cross-branch Ratio Module,跨通路ratio模块,低,GCST90200920,-1.0,glycerol / Mannose,Mannose / glycerol,glycerol / Mannose,Mannose / glycerol,本行为由未匹配ratio直接生成的新模块：严格按 reportedTrait 中 'to' 分割，并去除末尾 ratio；to 前边=in，to 后边=out；因此 direction_sign=-1。,"来源reportedTrait=Mannose to glycerol ratio；严格按 reportedTrait 中 'to' 分割：in=Mannose, out=glycerol；in/out 分属不同已知Subpathway",glycerol/mannose,mannose/glycerol
M_1282,GCST90200435,,Mannose,mannitol to sorbitol,跨支路ratio模块,Cross-branch Ratio Module,跨通路ratio模块,低,GCST90200921,-1.0,mannitol to sorbitol / Mannose,Mannose / mannitol to sorbitol,mannitol to sorbitol / Mannose,Mannose / mannitol to sorbitol,本行为由未匹配ratio直接生成的新模块：严格按 reportedTrait 中 'to' 分割，并去除末尾 ratio；to 前边=in，to 后边=out；因此 direction_sign=-1。,"来源reportedTrait=Mannose to mannitol to sorbitol ratio；严格按 reportedTrait 中 'to' 分割：in=Mannose, out=mannitol to sorbitol；in/out 分属不同已知Subpathway",mannitol to sorbitol/mannose,mannose/mannitol to sorbitol
M_1283,GCST90200438,GCST90200430,Alpha-ketobutyrate,pyruvate,跨支路ratio模块,Cross-branch Ratio Module,跨通路ratio模块,低,GCST90200922,-1.0,pyruvate / Alpha-ketobutyrate,Alpha-ketobutyrate / pyruvate,pyruvate / Alpha-ketobutyrate,Alpha-ketobutyrate / pyruvate,本行为由未匹配ratio直接生成的新模块：严格按 reportedTrait 中 'to' 分割，并去除末尾 ratio；to 前边=in，to 后边=out；因此 direction_sign=-1。,"来源reportedTrait=Alpha-ketobutyrate to pyruvate ratio；严格按 reportedTrait 中 'to' 分割：in=Alpha-ketobutyrate, out=pyruvate；in/out 分属不同已知Subpathway",pyruvate/alpha-ketobutyrate,alpha-ketobutyrate/pyruvate
M_1284,GCST90200325,,Glycerol,mannitol to sorbitol,甘油酸/三碳糖支路,Glycerate/Triose Branch,中心碳水化合物代谢（糖酵解/糖异生/磷酸戊糖途径）,中,GCST90200923,-1.0,mannitol to sorbitol / Glycerol,Glycerol / mannitol to sorbitol,mannitol to sorbitol / Glycerol,Glycerol / mannitol to sorbitol,本行为由未匹配ratio直接生成的新模块：严格按 reportedTrait 中 'to' 分割，并去除末尾 ratio；to 前边=in，to 后边=out；因此 direction_sign=-1。,"来源reportedTrait=Glycerol to mannitol to sorbitol ratio；严格按 reportedTrait 中 'to' 分割：in=Glycerol, out=mannitol to sorbitol；仅单侧继承已有Subpathway",mannitol to sorbitol/glycerol,glycerol/mannitol to sorbitol
M_1285,GCST90200302,GCST90200325,Alpha-tocopherol,glycerol,跨支路ratio模块,Cross-branch Ratio Module,跨通路ratio模块,低,GCST90200924,-1.0,glycerol / Alpha-tocopherol,Alpha-tocopherol / glycerol,glycerol / Alpha-tocopherol,Alpha-tocopherol / glycerol,本行为由未匹配ratio直接生成的新模块：严格按 reportedTrait 中 'to' 分割，并去除末尾 ratio；to 前边=in，to 后边=out；因此 direction_sign=-1。,"来源reportedTrait=Alpha-tocopherol to glycerol ratio；严格按 reportedTrait 中 'to' 分割：in=Alpha-tocopherol, out=glycerol；in/out 分属不同已知Subpathway",glycerol/alpha-tocopherol,alpha-tocopherol/glycerol
M_1286,,,N-stearoyl-sphingosine (d18:1,18:0) to N-palmitoyl-sphinganine (d18:0 to 16:0),ratio衍生待定支路,Ratio-derived Unresolved Branch,待定ratio模块,低,GCST90200926,-1.0,18:0) to N-palmitoyl-sphinganine (d18:0 to 16:0) / N-stearoyl-sphingosine (d18:1,N-stearoyl-sphingosine (d18:1 / 18:0) to N-palmitoyl-sphinganine (d18:0 to 16:0),18:0) to N-palmitoyl-sphinganine (d18:0 to 16:0) / N-stearoyl-sphingosine (d18:1,N-stearoyl-sphingosine (d18:1 / 18:0) to N-palmitoyl-sphinganine (d18:0 to 16:0),本行为由未匹配ratio直接生成的新模块：严格按 reportedTrait 中 'to' 分割，并去除末尾 ratio；to 前边=in，to 后边=out；因此 direction_sign=-1。,"来源reportedTrait=N-stearoyl-sphingosine (d18:1 to 18:0) to N-palmitoyl-sphinganine (d18:0 to 16:0) ratio；严格按 reportedTrait 中 'to' 分割：in=N-stearoyl-sphingosine (d18:1, out=18:0) to N-palmitoyl-sphinganine (d18:0 to 16:0)；两侧均未命中现有Subpathway",18:0) to n-palmitoyl-sphinganine (d18:0 to 16:0)/n-stearoyl-sphingosine (d18:1,n-stearoyl-sphingosine (d18:1/18:0) to n-palmitoyl-sphinganine (d18:0 to 16:0)
M_1287,GCST90199647,GCST90199644,Theophylline,theobromine,辅因子/维生素支路,Cofactor/Vitamin Branch,核苷酸-辅因子/维生素-外源物代谢,中,GCST90200927,-1.0,theobromine / Theophylline,Theophylline / theobromine,theobromine / Theophylline,Theophylline / theobromine,本行为由未匹配ratio直接生成的新模块：严格按 reportedTrait 中 'to' 分割，并去除末尾 ratio；to 前边=in，to 后边=out；因此 direction_sign=-1。,"来源reportedTrait=Theophylline to theobromine ratio；严格按 reportedTrait 中 'to' 分割：in=Theophylline, out=theobromine；in/out 命中相同Subpathway",theobromine/theophylline,theophylline/theobromine
M_1288,,,N-palmitoyl-sphingosine (d18:1,16:0) to N-stearoyl-sphingosine (d18:1 to 18:0),ratio衍生待定支路,Ratio-derived Unresolved Branch,待定ratio模块,低,GCST90200928,-1.0,16:0) to N-stearoyl-sphingosine (d18:1 to 18:0) / N-palmitoyl-sphingosine (d18:1,N-palmitoyl-sphingosine (d18:1 / 16:0) to N-stearoyl-sphingosine (d18:1 to 18:0),16:0) to N-stearoyl-sphingosine (d18:1 to 18:0) / N-palmitoyl-sphingosine (d18:1,N-palmitoyl-sphingosine (d18:1 / 16:0) to N-stearoyl-sphingosine (d18:1 to 18:0),本行为由未匹配ratio直接生成的新模块：严格按 reportedTrait 中 'to' 分割，并去除末尾 ratio；to 前边=in，to 后边=out；因此 direction_sign=-1。,"来源reportedTrait=N-palmitoyl-sphingosine (d18:1 to 16:0) to N-stearoyl-sphingosine (d18:1 to 18:0) ratio；严格按 reportedTrait 中 'to' 分割：in=N-palmitoyl-sphingosine (d18:1, out=16:0) to N-stearoyl-sphingosine (d18:1 to 18:0)；两侧均未命中现有Subpathway",16:0) to n-stearoyl-sphingosine (d18:1 to 18:0)/n-palmitoyl-sphingosine (d18:1,n-palmitoyl-sphingosine (d18:1/16:0) to n-stearoyl-sphingosine (d18:1 to 18:0)
M_1289,GCST90200325,GCST90199621,Glycerol,carnitine,跨支路ratio模块,Cross-branch Ratio Module,跨通路ratio模块,低,GCST90200929,-1.0,carnitine / Glycerol,Glycerol / carnitine,carnitine / Glycerol,Glycerol / carnitine,本行为由未匹配ratio直接生成的新模块：严格按 reportedTrait 中 'to' 分割，并去除末尾 ratio；to 前边=in，to 后边=out；因此 direction_sign=-1。,"来源reportedTrait=Glycerol to carnitine ratio；严格按 reportedTrait 中 'to' 分割：in=Glycerol, out=carnitine；in/out 分属不同已知Subpathway",carnitine/glycerol,glycerol/carnitine
M_1290,GCST90200325,GCST90199896,Glycerol,sulfate,跨支路ratio模块,Cross-branch Ratio Module,跨通路ratio模块,低,GCST90200931,-1.0,sulfate / Glycerol,Glycerol / sulfate,sulfate / Glycerol,Glycerol / sulfate,本行为由未匹配ratio直接生成的新模块：严格按 reportedTrait 中 'to' 分割，并去除末尾 ratio；to 前边=in，to 后边=out；因此 direction_sign=-1。,"来源reportedTrait=Glycerol to sulfate ratio；严格按 reportedTrait 中 'to' 分割：in=Glycerol, out=sulfate；in/out 分属不同已知Subpathway",sulfate/glycerol,glycerol/sulfate
M_1291,GCST90200325,GCST90199666,Glycerol,palmitoylcarnitine (C16),跨支路ratio模块,Cross-branch Ratio Module,跨通路ratio模块,低,GCST90200932,-1.0,palmitoylcarnitine (C16) / Glycerol,Glycerol / palmitoylcarnitine (C16),palmitoylcarnitine (C16) / Glycerol,Glycerol / palmitoylcarnitine (C16),本行为由未匹配ratio直接生成的新模块：严格按 reportedTrait 中 'to' 分割，并去除末尾 ratio；to 前边=in，to 后边=out；因此 direction_sign=-1。,"来源reportedTrait=Glycerol to palmitoylcarnitine (C16) ratio；严格按 reportedTrait 中 'to' 分割：in=Glycerol, out=palmitoylcarnitine (C16)；in/out 分属不同已知Subpathway",palmitoylcarnitine (c16)/glycerol,glycerol/palmitoylcarnitine (c16)
M_1292,GCST90200455,GCST90200411,Alpha-ketoglutarate,proline,跨支路ratio模块,Cross-branch Ratio Module,跨通路ratio模块,低,GCST90200933,-1.0,proline / Alpha-ketoglutarate,Alpha-ketoglutarate / proline,proline / Alpha-ketoglutarate,Alpha-ketoglutarate / proline,本行为由未匹配ratio直接生成的新模块：严格按 reportedTrait 中 'to' 分割，并去除末尾 ratio；to 前边=in，to 后边=out；因此 direction_sign=-1。,"来源reportedTrait=Alpha-ketoglutarate to proline ratio；严格按 reportedTrait 中 'to' 分割：in=Alpha-ketoglutarate, out=proline；in/out 分属不同已知Subpathway",proline/alpha-ketoglutarate,alpha-ketoglutarate/proline
M_1293,GCST90199669,GCST90199708,Acetylcarnitine (C2),propionylcarnitine (C3),短链酰基肉碱,Short-Chain Acylcarnitines,脂肪酸β氧化与酰基肉碱代谢,中,GCST90200934,-1.0,propionylcarnitine (C3) / Acetylcarnitine (C2),Acetylcarnitine (C2) / propionylcarnitine (C3),propionylcarnitine (C3) / Acetylcarnitine (C2),Acetylcarnitine (C2) / propionylcarnitine (C3),本行为由未匹配ratio直接生成的新模块：严格按 reportedTrait 中 'to' 分割，并去除末尾 ratio；to 前边=in，to 后边=out；因此 direction_sign=-1。,"来源reportedTrait=Acetylcarnitine (C2) to propionylcarnitine (C3) ratio；严格按 reportedTrait 中 'to' 分割：in=Acetylcarnitine (C2), out=propionylcarnitine (C3)；in/out 命中相同Subpathway",propionylcarnitine (c3)/acetylcarnitine (c2),acetylcarnitine (c2)/propionylcarnitine (c3)
M_1294,GCST90200362,GCST90200411,Succinate,proline,跨支路ratio模块,Cross-branch Ratio Module,跨通路ratio模块,低,GCST90200936,-1.0,proline / Succinate,Succinate / proline,proline / Succinate,Succinate / proline,本行为由未匹配ratio直接生成的新模块：严格按 reportedTrait 中 'to' 分割，并去除末尾 ratio；to 前边=in，to 后边=out；因此 direction_sign=-1。,"来源reportedTrait=Succinate to proline ratio；严格按 reportedTrait 中 'to' 分割：in=Succinate, out=proline；in/out 分属不同已知Subpathway",proline/succinate,succinate/proline
M_1295,GCST90200455,GCST90200292,Alpha-ketoglutarate,trans-4-hydroxyproline,跨支路ratio模块,Cross-branch Ratio Module,跨通路ratio模块,低,GCST90200937,-1.0,trans-4-hydroxyproline / Alpha-ketoglutarate,Alpha-ketoglutarate / trans-4-hydroxyproline,trans-4-hydroxyproline / Alpha-ketoglutarate,Alpha-ketoglutarate / trans-4-hydroxyproline,本行为由未匹配ratio直接生成的新模块：严格按 reportedTrait 中 'to' 分割，并去除末尾 ratio；to 前边=in，to 后边=out；因此 direction_sign=-1。,"来源reportedTrait=Alpha-ketoglutarate to trans-4-hydroxyproline ratio；严格按 reportedTrait 中 'to' 分割：in=Alpha-ketoglutarate, out=trans-4-hydroxyproline；in/out 分属不同已知Subpathway",trans-4-hydroxyproline/alpha-ketoglutarate,alpha-ketoglutarate/trans-4-hydroxyproline
M_1296,GCST90200455,GCST90200431,Alpha-ketoglutarate,alanine,跨支路ratio模块,Cross-branch Ratio Module,跨通路ratio模块,低,GCST90200938,-1.0,alanine / Alpha-ketoglutarate,Alpha-ketoglutarate / alanine,alanine / Alpha-ketoglutarate,Alpha-ketoglutarate / alanine,本行为由未匹配ratio直接生成的新模块：严格按 reportedTrait 中 'to' 分割，并去除末尾 ratio；to 前边=in，to 后边=out；因此 direction_sign=-1。,"来源reportedTrait=Alpha-ketoglutarate to alanine ratio；严格按 reportedTrait 中 'to' 分割：in=Alpha-ketoglutarate, out=alanine；in/out 分属不同已知Subpathway",alanine/alpha-ketoglutarate,alpha-ketoglutarate/alanine
M_1297,GCST90200355,GCST90199690,Adenosine 5'-diphosphate (ADP),EDTA,跨支路ratio模块,Cross-branch Ratio Module,跨通路ratio模块,低,GCST90200940,-1.0,EDTA / Adenosine 5'-diphosphate (ADP),Adenosine 5'-diphosphate (ADP) / EDTA,EDTA / Adenosine 5'-diphosphate (ADP),Adenosine 5'-diphosphate (ADP) / EDTA,本行为由未匹配ratio直接生成的新模块：严格按 reportedTrait 中 'to' 分割，并去除末尾 ratio；to 前边=in，to 后边=out；因此 direction_sign=-1。,"来源reportedTrait=Adenosine 5'-diphosphate (ADP) to EDTA ratio；严格按 reportedTrait 中 'to' 分割：in=Adenosine 5'-diphosphate (ADP), out=EDTA；in/out 分属不同已知Subpathway",edta/adenosine 5'-diphosphate (adp),adenosine 5'-diphosphate (adp)/edta
M_1298,GCST90200362,GCST90200292,Succinate,trans-4-hydroxyproline,跨支路ratio模块,Cross-branch Ratio Module,跨通路ratio模块,低,GCST90200941,-1.0,trans-4-hydroxyproline / Succinate,Succinate / trans-4-hydroxyproline,trans-4-hydroxyproline / Succinate,Succinate / trans-4-hydroxyproline,本行为由未匹配ratio直接生成的新模块：严格按 reportedTrait 中 'to' 分割，并去除末尾 ratio；to 前边=in，to 后边=out；因此 direction_sign=-1。,"来源reportedTrait=Succinate to trans-4-hydroxyproline ratio；严格按 reportedTrait 中 'to' 分割：in=Succinate, out=trans-4-hydroxyproline；in/out 分属不同已知Subpathway",trans-4-hydroxyproline/succinate,succinate/trans-4-hydroxyproline
M_1299,GCST90200412,GCST90200430,Glutamate,pyruvate,一般氨基酸衍生物,General Amino Acid Derivatives,TCA循环与有机酸代谢,中,GCST90200942,-1.0,pyruvate / Glutamate,Glutamate / pyruvate,pyruvate / Glutamate,Glutamate / pyruvate,本行为由未匹配ratio直接生成的新模块：严格按 reportedTrait 中 'to' 分割，并去除末尾 ratio；to 前边=in，to 后边=out；因此 direction_sign=-1。,"来源reportedTrait=Glutamate to pyruvate ratio；严格按 reportedTrait 中 'to' 分割：in=Glutamate, out=pyruvate；in/out 命中相同Subpathway",pyruvate/glutamate,glutamate/pyruvate
M_1300,GCST90200394,GCST90199647,Inosine,theophylline,跨支路ratio模块,Cross-branch Ratio Module,跨通路ratio模块,低,GCST90200894,-1.0,theophylline / Inosine,Inosine / theophylline,theophylline / Inosine,Inosine / theophylline,本行为由未匹配ratio直接生成的新模块：严格按 reportedTrait 中 'to' 分割，并去除末尾 ratio；to 前边=in，to 后边=out；因此 direction_sign=-1。,"来源reportedTrait=Inosine to theophylline ratio；严格按 reportedTrait 中 'to' 分割：in=Inosine, out=theophylline；in/out 分属不同已知Subpathway",theophylline/inosine,inosine/theophylline
M_1301,GCST90200394,GCST90199690,Inosine,EDTA,跨支路ratio模块,Cross-branch Ratio Module,跨通路ratio模块,低,GCST90200896,-1.0,EDTA / Inosine,Inosine / EDTA,EDTA / Inosine,Inosine / EDTA,本行为由未匹配ratio直接生成的新模块：严格按 reportedTrait 中 'to' 分割，并去除末尾 ratio；to 前边=in，to 后边=out；因此 direction_sign=-1。,"来源reportedTrait=Inosine to EDTA ratio；严格按 reportedTrait 中 'to' 分割：in=Inosine, out=EDTA；in/out 分属不同已知Subpathway",edta/inosine,inosine/edta
M_1302,GCST90199647,GCST90199690,Theophylline,EDTA,跨支路ratio模块,Cross-branch Ratio Module,跨通路ratio模块,低,GCST90200897,-1.0,EDTA / Theophylline,Theophylline / EDTA,EDTA / Theophylline,Theophylline / EDTA,本行为由未匹配ratio直接生成的新模块：严格按 reportedTrait 中 'to' 分割，并去除末尾 ratio；to 前边=in，to 后边=out；因此 direction_sign=-1。,"来源reportedTrait=Theophylline to EDTA ratio；严格按 reportedTrait 中 'to' 分割：in=Theophylline, out=EDTA；in/out 分属不同已知Subpathway",edta/theophylline,theophylline/edta
M_1303,GCST90200403,GCST90200393,Citrulline,phosphate,跨支路ratio模块,Cross-branch Ratio Module,跨通路ratio模块,低,GCST90200898,-1.0,phosphate / Citrulline,Citrulline / phosphate,phosphate / Citrulline,Citrulline / phosphate,本行为由未匹配ratio直接生成的新模块：严格按 reportedTrait 中 'to' 分割，并去除末尾 ratio；to 前边=in，to 后边=out；因此 direction_sign=-1。,"来源reportedTrait=Citrulline to phosphate ratio；严格按 reportedTrait 中 'to' 分割：in=Citrulline, out=phosphate；in/out 分属不同已知Subpathway",phosphate/citrulline,citrulline/phosphate
M_1304,GCST90200393,,Phosphate,oleoyl-linoleoyl-glycerol (18:1 to 18:2) [2],跨支路ratio模块,Cross-branch Ratio Module,跨通路ratio模块,低,GCST90200900,-1.0,oleoyl-linoleoyl-glycerol (18:1 to 18:2) [2] / Phosphate,Phosphate / oleoyl-linoleoyl-glycerol (18:1 to 18:2) [2],oleoyl-linoleoyl-glycerol (18:1 to 18:2) [2] / Phosphate,Phosphate / oleoyl-linoleoyl-glycerol (18:1 to 18:2) [2],本行为由未匹配ratio直接生成的新模块：严格按 reportedTrait 中 'to' 分割，并去除末尾 ratio；to 前边=in，to 后边=out；因此 direction_sign=-1。,"来源reportedTrait=Phosphate to oleoyl-linoleoyl-glycerol (18:1 to 18:2) [2] ratio；严格按 reportedTrait 中 'to' 分割：in=Phosphate, out=oleoyl-linoleoyl-glycerol (18:1 to 18:2) [2]；in/out 分属不同已知Subpathway",oleoyl-linoleoyl-glycerol (18:1 to 18:2) [2]/phosphate,phosphate/oleoyl-linoleoyl-glycerol (18:1 to 18:2) [2]
M_1305,GCST90200404,GCST90200393,Ornithine,phosphate,跨支路ratio模块,Cross-branch Ratio Module,跨通路ratio模块,低,GCST90200901,-1.0,phosphate / Ornithine,Ornithine / phosphate,phosphate / Ornithine,Ornithine / phosphate,本行为由未匹配ratio直接生成的新模块：严格按 reportedTrait 中 'to' 分割，并去除末尾 ratio；to 前边=in，to 后边=out；因此 direction_sign=-1。,"来源reportedTrait=Ornithine to phosphate ratio；严格按 reportedTrait 中 'to' 分割：in=Ornithine, out=phosphate；in/out 分属不同已知Subpathway",phosphate/ornithine,ornithine/phosphate
M_1306,GCST90200393,,Phosphate,linoleoyl-arachidonoyl-glycerol (18:2 to 20:4) [2],跨支路ratio模块,Cross-branch Ratio Module,跨通路ratio模块,低,GCST90200902,-1.0,linoleoyl-arachidonoyl-glycerol (18:2 to 20:4) [2] / Phosphate,Phosphate / linoleoyl-arachidonoyl-glycerol (18:2 to 20:4) [2],linoleoyl-arachidonoyl-glycerol (18:2 to 20:4) [2] / Phosphate,Phosphate / linoleoyl-arachidonoyl-glycerol (18:2 to 20:4) [2],本行为由未匹配ratio直接生成的新模块：严格按 reportedTrait 中 'to' 分割，并去除末尾 ratio；to 前边=in，to 后边=out；因此 direction_sign=-1。,"来源reportedTrait=Phosphate to linoleoyl-arachidonoyl-glycerol (18:2 to 20:4) [2] ratio；严格按 reportedTrait 中 'to' 分割：in=Phosphate, out=linoleoyl-arachidonoyl-glycerol (18:2 to 20:4) [2]；in/out 分属不同已知Subpathway",linoleoyl-arachidonoyl-glycerol (18:2 to 20:4) [2]/phosphate,phosphate/linoleoyl-arachidonoyl-glycerol (18:2 to 20:4) [2]
M_1307,GCST90200393,GCST90200325,Phosphate,glycerol,跨支路ratio模块,Cross-branch Ratio Module,跨通路ratio模块,低,GCST90200903,-1.0,glycerol / Phosphate,Phosphate / glycerol,glycerol / Phosphate,Phosphate / glycerol,本行为由未匹配ratio直接生成的新模块：严格按 reportedTrait 中 'to' 分割，并去除末尾 ratio；to 前边=in，to 后边=out；因此 direction_sign=-1。,"来源reportedTrait=Phosphate to glycerol ratio；严格按 reportedTrait 中 'to' 分割：in=Phosphate, out=glycerol；in/out 分属不同已知Subpathway",glycerol/phosphate,phosphate/glycerol
M_1308,GCST90200393,,Phosphate,linoleoyl-arachidonoyl-glycerol (18:2 to 20:4) [1],跨支路ratio模块,Cross-branch Ratio Module,跨通路ratio模块,低,GCST90200904,-1.0,linoleoyl-arachidonoyl-glycerol (18:2 to 20:4) [1] / Phosphate,Phosphate / linoleoyl-arachidonoyl-glycerol (18:2 to 20:4) [1],linoleoyl-arachidonoyl-glycerol (18:2 to 20:4) [1] / Phosphate,Phosphate / linoleoyl-arachidonoyl-glycerol (18:2 to 20:4) [1],本行为由未匹配ratio直接生成的新模块：严格按 reportedTrait 中 'to' 分割，并去除末尾 ratio；to 前边=in，to 后边=out；因此 direction_sign=-1。,"来源reportedTrait=Phosphate to linoleoyl-arachidonoyl-glycerol (18:2 to 20:4) [1] ratio；严格按 reportedTrait 中 'to' 分割：in=Phosphate, out=linoleoyl-arachidonoyl-glycerol (18:2 to 20:4) [1]；in/out 分属不同已知Subpathway",linoleoyl-arachidonoyl-glycerol (18:2 to 20:4) [1]/phosphate,phosphate/linoleoyl-arachidonoyl-glycerol (18:2 to 20:4) [1]
M_1309,GCST90200440,GCST90200325,Glucose,glycerol,跨支路ratio模块,Cross-branch Ratio Module,跨通路ratio模块,低,GCST90200905,-1.0,glycerol / Glucose,Glucose / glycerol,glycerol / Glucose,Glucose / glycerol,本行为由未匹配ratio直接生成的新模块：严格按 reportedTrait 中 'to' 分割，并去除末尾 ratio；to 前边=in，to 后边=out；因此 direction_sign=-1。,"来源reportedTrait=Glucose to glycerol ratio；严格按 reportedTrait 中 'to' 分割：in=Glucose, out=glycerol；in/out 分属不同已知Subpathway",glycerol/glucose,glucose/glycerol
M_1310,GCST90200413,GCST90200429,2'-deoxyuridine,cytidine,核苷支路,Nucleoside Branch,核苷酸-辅因子/维生素-外源物代谢,中,GCST90200906,-1.0,cytidine / 2'-deoxyuridine,2'-deoxyuridine / cytidine,cytidine / 2'-deoxyuridine,2'-deoxyuridine / cytidine,本行为由未匹配ratio直接生成的新模块：严格按 reportedTrait 中 'to' 分割，并去除末尾 ratio；to 前边=in，to 后边=out；因此 direction_sign=-1。,"来源reportedTrait=2'-deoxyuridine to cytidine ratio；严格按 reportedTrait 中 'to' 分割：in=2'-deoxyuridine, out=cytidine；in/out 命中相同Subpathway",cytidine/2'-deoxyuridine,2'-deoxyuridine/cytidine
M_1311,GCST90200405,,Retinol (Vitamin A),linoleoyl-arachidonoyl-glycerol (18:2 to 20:4) [1],辅因子/维生素支路,Cofactor/Vitamin Branch,核苷酸-辅因子/维生素-外源物代谢,中,GCST90200907,-1.0,linoleoyl-arachidonoyl-glycerol (18:2 to 20:4) [1] / Retinol (Vitamin A),Retinol (Vitamin A) / linoleoyl-arachidonoyl-glycerol (18:2 to 20:4) [1],linoleoyl-arachidonoyl-glycerol (18:2 to 20:4) [1] / Retinol (Vitamin A),Retinol (Vitamin A) / linoleoyl-arachidonoyl-glycerol (18:2 to 20:4) [1],本行为由未匹配ratio直接生成的新模块：严格按 reportedTrait 中 'to' 分割，并去除末尾 ratio；to 前边=in，to 后边=out；因此 direction_sign=-1。,"来源reportedTrait=Retinol (Vitamin A) to linoleoyl-arachidonoyl-glycerol (18:2 to 20:4) [1] ratio；严格按 reportedTrait 中 'to' 分割：in=Retinol (Vitamin A), out=linoleoyl-arachidonoyl-glycerol (18:2 to 20:4) [1]；仅单侧继承已有Subpathway",linoleoyl-arachidonoyl-glycerol (18:2 to 20:4) [1]/retinol (vitamin a),retinol (vitamin a)/linoleoyl-arachidonoyl-glycerol (18:2 to 20:4) [1]
M_1312,GCST90200405,,Retinol (Vitamin A),linoleoyl-arachidonoyl-glycerol (18:2 to 20:4) [2],辅因子/维生素支路,Cofactor/Vitamin Branch,核苷酸-辅因子/维生素-外源物代谢,中,GCST90200908,-1.0,linoleoyl-arachidonoyl-glycerol (18:2 to 20:4) [2] / Retinol (Vitamin A),Retinol (Vitamin A) / linoleoyl-arachidonoyl-glycerol (18:2 to 20:4) [2],linoleoyl-arachidonoyl-glycerol (18:2 to 20:4) [2] / Retinol (Vitamin A),Retinol (Vitamin A) / linoleoyl-arachidonoyl-glycerol (18:2 to 20:4) [2],本行为由未匹配ratio直接生成的新模块：严格按 reportedTrait 中 'to' 分割，并去除末尾 ratio；to 前边=in，to 后边=out；因此 direction_sign=-1。,"来源reportedTrait=Retinol (Vitamin A) to linoleoyl-arachidonoyl-glycerol (18:2 to 20:4) [2] ratio；严格按 reportedTrait 中 'to' 分割：in=Retinol (Vitamin A), out=linoleoyl-arachidonoyl-glycerol (18:2 to 20:4) [2]；仅单侧继承已有Subpathway",linoleoyl-arachidonoyl-glycerol (18:2 to 20:4) [2]/retinol (vitamin a),retinol (vitamin a)/linoleoyl-arachidonoyl-glycerol (18:2 to 20:4) [2]
M_1313,GCST90200405,,Retinol (Vitamin A),oleoyl-linoleoyl-glycerol (18:1 to 18:2) [2],辅因子/维生素支路,Cofactor/Vitamin Branch,核苷酸-辅因子/维生素-外源物代谢,中,GCST90200910,-1.0,oleoyl-linoleoyl-glycerol (18:1 to 18:2) [2] / Retinol (Vitamin A),Retinol (Vitamin A) / oleoyl-linoleoyl-glycerol (18:1 to 18:2) [2],oleoyl-linoleoyl-glycerol (18:1 to 18:2) [2] / Retinol (Vitamin A),Retinol (Vitamin A) / oleoyl-linoleoyl-glycerol (18:1 to 18:2) [2],本行为由未匹配ratio直接生成的新模块：严格按 reportedTrait 中 'to' 分割，并去除末尾 ratio；to 前边=in，to 后边=out；因此 direction_sign=-1。,"来源reportedTrait=Retinol (Vitamin A) to oleoyl-linoleoyl-glycerol (18:1 to 18:2) [2] ratio；严格按 reportedTrait 中 'to' 分割：in=Retinol (Vitamin A), out=oleoyl-linoleoyl-glycerol (18:1 to 18:2) [2]；仅单侧继承已有Subpathway",oleoyl-linoleoyl-glycerol (18:1 to 18:2) [2]/retinol (vitamin a),retinol (vitamin a)/oleoyl-linoleoyl-glycerol (18:1 to 18:2) [2]
M_1314,GCST90200441,GCST90200430,Tryptophan,pyruvate,跨支路ratio模块,Cross-branch Ratio Module,跨通路ratio模块,低,GCST90200911,-1.0,pyruvate / Tryptophan,Tryptophan / pyruvate,pyruvate / Tryptophan,Tryptophan / pyruvate,本行为由未匹配ratio直接生成的新模块：严格按 reportedTrait 中 'to' 分割，并去除末尾 ratio；to 前边=in，to 后边=out；因此 direction_sign=-1。,"来源reportedTrait=Tryptophan to pyruvate ratio；严格按 reportedTrait 中 'to' 分割：in=Tryptophan, out=pyruvate；in/out 分属不同已知Subpathway",pyruvate/tryptophan,tryptophan/pyruvate
M_1315,GCST90200441,GCST90200427,tryptophan,tyrosine,跨支路ratio模块,Cross-branch Ratio Module,跨通路ratio模块,低,GCST90200912,-1.0,tyrosine / tryptophan,tryptophan / tyrosine,tyrosine / tryptophan,tryptophan / tyrosine,本行为由未匹配ratio直接生成的新模块：严格按 reportedTrait 中 'to' 分割，并去除末尾 ratio；to 前边=in，to 后边=out；因此 direction_sign=-1。,"来源reportedTrait=tryptophan to tyrosine ratio；严格按 reportedTrait 中 'to' 分割：in=tryptophan, out=tyrosine；in/out 分属不同已知Subpathway",tyrosine/tryptophan,tryptophan/tyrosine
M_1316,GCST90200427,GCST90200430,Tyrosine,pyruvate,丙酮酸入口,Pyruvate Entry Branch,Ratio-derived module,中,GCST90200914,-1.0,pyruvate / Tyrosine,Tyrosine / pyruvate,pyruvate / Tyrosine,Tyrosine / pyruvate,本行为由未匹配ratio直接生成的新模块：严格按 reportedTrait 中 'to' 分割，并去除末尾 ratio；to 前边=in，to 后边=out；因此 direction_sign=-1。,"来源reportedTrait=Tyrosine to pyruvate ratio；严格按 reportedTrait 中 'to' 分割：in=Tyrosine, out=pyruvate；in/out 命中相同Subpathway",pyruvate/tyrosine,tyrosine/pyruvate
M_1317,GCST90200438,GCST90199677,Alpha-ketobutyrate,3-methyl-2-oxobutyrate,BCAA α-酮酸支路,BCAA α-Keto Acid Branch,支链氨基酸代谢,中,GCST90200917,-1.0,3-methyl-2-oxobutyrate / Alpha-ketobutyrate,Alpha-ketobutyrate / 3-methyl-2-oxobutyrate,3-methyl-2-oxobutyrate / Alpha-ketobutyrate,Alpha-ketobutyrate / 3-methyl-2-oxobutyrate,本行为由未匹配ratio直接生成的新模块：严格按 reportedTrait 中 'to' 分割，并去除末尾 ratio；to 前边=in，to 后边=out；因此 direction_sign=-1。,"来源reportedTrait=Alpha-ketobutyrate to 3-methyl-2-oxobutyrate ratio；严格按 reportedTrait 中 'to' 分割：in=Alpha-ketobutyrate, out=3-methyl-2-oxobutyrate；in/out 命中相同Subpathway",3-methyl-2-oxobutyrate/alpha-ketobutyrate,alpha-ketobutyrate/3-methyl-2-oxobutyrate
M_1318,GCST90200421,GCST90200304,Salicylate,citrate,跨支路ratio模块,Cross-branch Ratio Module,跨通路ratio模块,低,GCST90200998,-1.0,citrate / Salicylate,Salicylate / citrate,citrate / Salicylate,Salicylate / citrate,本行为由未匹配ratio直接生成的新模块：严格按 reportedTrait 中 'to' 分割，并去除末尾 ratio；to 前边=in，to 后边=out；因此 direction_sign=-1。,"来源reportedTrait=Salicylate to citrate ratio；严格按 reportedTrait 中 'to' 分割：in=Salicylate, out=citrate；in/out 分属不同已知Subpathway",citrate/salicylate,salicylate/citrate
M_1319,GCST90200333,GCST90199672,Taurocholate,oxalate (ethanedioate),跨支路ratio模块,Cross-branch Ratio Module,跨通路ratio模块,低,GCST90200999,-1.0,oxalate (ethanedioate) / Taurocholate,Taurocholate / oxalate (ethanedioate),oxalate (ethanedioate) / Taurocholate,Taurocholate / oxalate (ethanedioate),本行为由未匹配ratio直接生成的新模块：严格按 reportedTrait 中 'to' 分割，并去除末尾 ratio；to 前边=in，to 后边=out；因此 direction_sign=-1。,"来源reportedTrait=Taurocholate to oxalate (ethanedioate) ratio；严格按 reportedTrait 中 'to' 分割：in=Taurocholate, out=oxalate (ethanedioate)；in/out 分属不同已知Subpathway",oxalate (ethanedioate)/taurocholate,taurocholate/oxalate (ethanedioate)
